// Generated by tools/generate_settings_icon_assets.py. Do not edit.
#pragma once

#include <stddef.h>
#include <stdint.h>

#if defined(ARDUINO_ARCH_ESP32)
#include <pgmspace.h>
#define WATCH_SETTINGS_ICON_FLASH PROGMEM
#else
#define WATCH_SETTINGS_ICON_FLASH
#endif

namespace lgfx { inline namespace v1 { struct rgb565_t; } }

namespace watchsettingsiconassets {

constexpr int16_t Width = 200;
constexpr int16_t Height = 200;
constexpr size_t ScanlineBytes = Width * sizeof(uint16_t);

enum class Icon : uint8_t { Time, Bot, Display, Sound, Power, Count };

struct Asset {
    const uint8_t* data;
    size_t size;
    uint32_t pixelHash;
};

static const uint8_t kTimeData[] WATCH_SETTINGS_ICON_FLASH = {
    0xFF, 0x00, 0x00, 0xC7, 0x00, 0x00, 0xFF, 0x00, 0x00, 0xC7, 0x00, 0x00, 0xFF, 0x00, 0x00, 0xC7,
    0x00, 0x00, 0xFF, 0x00, 0x00, 0xC7, 0x00, 0x00, 0xFF, 0x00, 0x00, 0xC7, 0x00, 0x00, 0xFF, 0x00,
    0x00, 0xC7, 0x00, 0x00, 0xFF, 0x00, 0x00, 0xC7, 0x00, 0x00, 0xFF, 0x00, 0x00, 0xC7, 0x00, 0x00,
    0xFF, 0x00, 0x00, 0xC7, 0x00, 0x00, 0xFF, 0x00, 0x00, 0xC7, 0x00, 0x00, 0xFF, 0x00, 0x00, 0xC7,
    0x00, 0x00, 0xFF, 0x00, 0x00, 0xC7, 0x00, 0x00, 0xFF, 0x00, 0x00, 0xC7, 0x00, 0x00, 0xD6, 0x00,
    0x00, 0x99, 0x20, 0x00, 0xD6, 0x00, 0x00, 0xD1, 0x00, 0x00, 0xA3, 0x20, 0x00, 0xD1, 0x00, 0x00,
    0xC7, 0x00, 0x00, 0x01, 0x20, 0x00, 0x20, 0x00, 0x83, 0x00, 0x00, 0x90, 0x20, 0x00, 0x89, 0x20,
    0x08, 0x90, 0x20, 0x00, 0xCD, 0x00, 0x00, 0xC4, 0x00, 0x00, 0x82, 0x20, 0x00, 0x82, 0x00, 0x00,
    0x8A, 0x20, 0x00, 0x9B, 0x20, 0x08, 0x8A, 0x20, 0x00, 0xCA, 0x00, 0x00, 0xC2, 0x00, 0x00, 0x83,
    0x20, 0x00, 0x00, 0x00, 0x00, 0x88, 0x20, 0x00, 0xA5, 0x20, 0x08, 0x88, 0x20, 0x00, 0xC7, 0x00,
    0x00, 0xC0, 0x00, 0x00, 0x8C, 0x20, 0x00, 0x8A, 0x20, 0x08, 0x95, 0x40, 0x08, 0x8A, 0x20, 0x08,
    0x88, 0x20, 0x00, 0xC4, 0x00, 0x00, 0xBD, 0x00, 0x00, 0x8B, 0x20, 0x00, 0x88, 0x20, 0x08, 0xA0,
    0x40, 0x08, 0x89, 0x20, 0x08, 0x87, 0x20, 0x00, 0xC1, 0x00, 0x00, 0xBB, 0x00, 0x00, 0x8A, 0x20,
    0x00, 0x87, 0x20, 0x08, 0xA9, 0x40, 0x08, 0x86, 0x20, 0x08, 0x87, 0x20, 0x00, 0xBF, 0x00, 0x00,
    0xBA, 0x00, 0x00, 0x89, 0x20, 0x00, 0x86, 0x20, 0x08, 0xAF, 0x40, 0x08, 0x86, 0x20, 0x08, 0x86,
    0x20, 0x00, 0xBD, 0x00, 0x00, 0xB8, 0x00, 0x00, 0x88, 0x20, 0x00, 0x86, 0x20, 0x08, 0x90, 0x40,
    0x08, 0x93, 0x40, 0x10, 0x90, 0x40, 0x08, 0x86, 0x20, 0x08, 0x85, 0x20, 0x00, 0xBB, 0x00, 0x00,
    0xB6, 0x00, 0x00, 0x87, 0x20, 0x00, 0x86, 0x20, 0x08, 0x8E, 0x40, 0x08, 0x9D, 0x40, 0x10, 0x8E,
    0x40, 0x08, 0x85, 0x20, 0x08, 0x85, 0x20, 0x00, 0xB9, 0x00, 0x00, 0xB4, 0x00, 0x00, 0x87, 0x20,
    0x00, 0x86, 0x20, 0x08, 0x8B, 0x40, 0x08, 0x85, 0x40, 0x10, 0x97, 0x60, 0x10, 0x89, 0x40, 0x10,
    0x88, 0x40, 0x08, 0x88, 0x20, 0x08, 0x85, 0x20, 0x00, 0xB7, 0x00, 0x00, 0xB3, 0x00, 0x00, 0x86,
    0x20, 0x00, 0x86, 0x20, 0x08, 0x8A, 0x40, 0x08, 0x82, 0x40, 0x10, 0xA2, 0x60, 0x10, 0x87, 0x40,
    0x10, 0x88, 0x40, 0x08, 0x87, 0x20, 0x08, 0x84, 0x20, 0x00, 0xB6, 0x00, 0x00, 0xB1, 0x00, 0x00,
    0x86, 0x20, 0x00, 0x86, 0x20, 0x08, 0x89, 0x40, 0x08, 0x82, 0x40, 0x10, 0xA7, 0x60, 0x10, 0x88,
    0x40, 0x10, 0x87, 0x40, 0x08, 0x86, 0x20, 0x08, 0x85, 0x20, 0x00, 0xB4, 0x00, 0x00, 0xB0, 0x00,
    0x00, 0x85, 0x20, 0x00, 0x86, 0x20, 0x08, 0x88, 0x40, 0x08, 0x82, 0x40, 0x10, 0x93, 0x60, 0x10,
    0x8B, 0x60, 0x18, 0x8E, 0x60, 0x10, 0x86, 0x40, 0x10, 0x87, 0x40, 0x08, 0x86, 0x20, 0x08, 0x84,
    0x20, 0x00, 0xB3, 0x00, 0x00, 0xAE, 0x00, 0x00, 0x85, 0x20, 0x00, 0x86, 0x20, 0x08, 0x88, 0x40,
    0x08, 0x82, 0x40, 0x10, 0x8E, 0x60, 0x10, 0x86, 0x60, 0x18, 0x8B, 0x80, 0x18, 0x86, 0x60, 0x18,
    0x8A, 0x60, 0x10, 0x86, 0x40, 0x10, 0x86, 0x40, 0x08, 0x86, 0x20, 0x08, 0x84, 0x20, 0x00, 0xB1,
    0x00, 0x00, 0xAD, 0x00, 0x00, 0x85, 0x20, 0x00, 0x85, 0x20, 0x08, 0x88, 0x40, 0x08, 0x01, 0x60,
    0x10, 0x40, 0x10, 0x8D, 0x60, 0x10, 0x01, 0x60, 0x18, 0x60, 0x18, 0x9B, 0x80, 0x18, 0x83, 0x60,
    0x18, 0x89, 0x60, 0x10, 0x85, 0x40, 0x10, 0x85, 0x40, 0x08, 0x86, 0x20, 0x08, 0x84, 0x20, 0x00,
    0xB0, 0x00, 0x00, 0xAC, 0x00, 0x00, 0x84, 0x20, 0x00, 0x86, 0x20, 0x08, 0x87, 0x40, 0x08, 0x8D,
    0x60, 0x10, 0x00, 0x60, 0x18, 0x8D, 0x80, 0x18, 0x01, 0xA0, 0x18, 0xA0, 0x18, 0x87, 0xA0, 0x20,
    0x01, 0xA0, 0x18, 0xA0, 0x18, 0x8A, 0x80, 0x18, 0x83, 0x60, 0x18, 0x87, 0x60, 0x10, 0x85, 0x40,
    0x10, 0x85, 0x40, 0x08, 0x86, 0x20, 0x08, 0x83, 0x20, 0x00, 0xAF, 0x00, 0x00, 0xAA, 0x00, 0x00,
    0x85, 0x20, 0x00, 0x85, 0x20, 0x08, 0x87, 0x40, 0x08, 0x8C, 0x60, 0x10, 0x8A, 0x80, 0x18, 0x03,
    0xA0, 0x18, 0xA0, 0x20, 0xA0, 0x18, 0xA0, 0x18, 0x82, 0x80, 0x18, 0x8A, 0xA0, 0x18, 0x84, 0x80,
    0x18, 0x02, 0xA0, 0x18, 0xA0, 0x20, 0xA0, 0x18, 0x87, 0x80, 0x18, 0x82, 0x60, 0x18, 0x86, 0x60,
    0x10, 0x85, 0x40, 0x10, 0x85, 0x40, 0x08, 0x85, 0x20, 0x08, 0x84, 0x20, 0x00, 0xAD, 0x00, 0x00,
    0xA9, 0x00, 0x00, 0x84, 0x20, 0x00, 0x86, 0x20, 0x08, 0x86, 0x40, 0x08, 0x8B, 0x60, 0x10, 0x89,
    0x80, 0x18, 0x03, 0xA0, 0x20, 0xA0, 0x18, 0x80, 0x18, 0x80, 0x18, 0x83, 0xA0, 0x18, 0x11, 0xC0,
    0x20, 0x21, 0x31, 0x62, 0x41, 0xC2, 0x51, 0x23, 0x62, 0x63, 0x72, 0xA3, 0x7A, 0xC3, 0x82, 0xC4,
    0x82, 0xC4, 0x82, 0xC3, 0x82, 0x83, 0x7A, 0x63, 0x72, 0x23, 0x62, 0xA2, 0x51, 0x41, 0x41, 0x01,
    0x31, 0xA0, 0x20, 0x85, 0x80, 0x18, 0x01, 0xA0, 0x18, 0xA0, 0x20, 0x83, 0x80, 0x18, 0x84, 0x60,
    0x18, 0x86, 0x60, 0x10, 0x85, 0x40, 0x10, 0x84, 0x40, 0x08, 0x85, 0x20, 0x08, 0x84, 0x20, 0x00,
    0xAC, 0x00, 0x00, 0xA8, 0x00, 0x00, 0x84, 0x20, 0x00, 0x85, 0x20, 0x08, 0x86, 0x40, 0x08, 0x00,
    0x40, 0x10, 0x89, 0x60, 0x10, 0x87, 0x80, 0x18, 0x0E, 0xA0, 0x18, 0xA0, 0x18, 0xA0, 0x20, 0x80,
    0x18, 0x80, 0x18, 0xA0, 0x18, 0xA0, 0x18, 0xA0, 0x20, 0x41, 0x39, 0x23, 0x62, 0x04, 0x8B, 0xC5,
    0xAB, 0x86, 0xCC, 0xE7, 0xE4, 0x48, 0xF5, 0x88, 0x88, 0xFD, 0x83, 0x68, 0xFD, 0x07, 0x67, 0xFD,
    0x27, 0xF5, 0xA6, 0xDC, 0x25, 0xCC, 0x85, 0xAB, 0xC3, 0x82, 0xE2, 0x59, 0x21, 0x39, 0x84, 0x80,
    0x18, 0x00, 0xA0, 0x20, 0x82, 0x80, 0x18, 0x85, 0x60, 0x18, 0x85, 0x60, 0x10, 0x84, 0x40, 0x10,
    0x85, 0x40, 0x08, 0x85, 0x20, 0x08, 0x83, 0x20, 0x00, 0xAB, 0x00, 0x00, 0xA7, 0x00, 0x00, 0x84,
    0x20, 0x00, 0x85, 0x20, 0x08, 0x85, 0x40, 0x08, 0x00, 0x40, 0x10, 0x89, 0x60, 0x10, 0x86, 0x80,
    0x18, 0x82, 0xA0, 0x18, 0x0B, 0x80, 0x18, 0x80, 0x18, 0xA0, 0x18, 0xA0, 0x20, 0x82, 0x49, 0xC4,
    0x7A, 0xE6, 0xB3, 0xE7, 0xDC, 0x88, 0xFD, 0xA9, 0xFD, 0xA9, 0xFD, 0x89, 0xFD, 0x85, 0x88, 0xFD,
    0x86, 0x68, 0xFD, 0x00, 0x67, 0xFD, 0x82, 0x68, 0xFD, 0x84, 0x67, 0xFD, 0x05, 0x47, 0xFD, 0x27,
    0xF5, 0x86, 0xDC, 0x85, 0xAB, 0x63, 0x72, 0x41, 0x41, 0x83, 0x80, 0x18, 0x00, 0xA0, 0x18, 0x82,
    0x80, 0x18, 0x84, 0x60, 0x18, 0x85, 0x60, 0x10, 0x84, 0x40, 0x10, 0x84, 0x40, 0x08, 0x85, 0x20,
    0x08, 0x83, 0x20, 0x00, 0xAA, 0x00, 0x00, 0xA6, 0x00, 0x00, 0x84, 0x20, 0x00, 0x85, 0x20, 0x08,
    0x84, 0x40, 0x08, 0x01, 0x40, 0x10, 0x40, 0x10, 0x88, 0x60, 0x10, 0x86, 0x80, 0x18, 0x08, 0xA0,
    0x18, 0xA0, 0x20, 0x80, 0x18, 0x80, 0x18, 0xA0, 0x18, 0xE1, 0x28, 0x23, 0x62, 0xA5, 0xA3, 0xE8,
    0xDC, 0x84, 0xA9, 0xFD, 0x04, 0x89, 0xFD, 0x89, 0xFD, 0x88, 0xFD, 0x88, 0xFD, 0x89, 0xFD, 0x88,
    0x88, 0xFD, 0x86, 0x68, 0xFD, 0x00, 0x67, 0xFD, 0x87, 0x47, 0xFD, 0x04, 0x27, 0xFD, 0x66, 0xD4,
    0x44, 0x9B, 0xC2, 0x59, 0xC1, 0x20, 0x82, 0x80, 0x18, 0x02, 0xA0, 0x20, 0x80, 0x18, 0x80, 0x18,
    0x83, 0x60, 0x18, 0x85, 0x60, 0x10, 0x84, 0x40, 0x10, 0x85, 0x40, 0x08, 0x84, 0x20, 0x08, 0x84,
    0x20, 0x00, 0xA8, 0x00, 0x00, 0xA5, 0x00, 0x00, 0x84, 0x20, 0x00, 0x84, 0x20, 0x08, 0x85, 0x40,
    0x08, 0x00, 0x40, 0x10, 0x88, 0x60, 0x10, 0x86, 0x80, 0x18, 0x07, 0xA0, 0x18, 0xA0, 0x18, 0x80,
    0x18, 0x80, 0x18, 0xA0, 0x18, 0x03, 0x5A, 0xC6, 0xAB, 0x28, 0xED, 0x83, 0xA9, 0xFD, 0x03, 0x89,
    0xFD, 0x89, 0xFD, 0xA9, 0xFD, 0x89, 0xFD, 0x82, 0xA9, 0xFD, 0x01, 0x89, 0xFD, 0x89, 0xFD, 0x8A,
    0x88, 0xFD, 0x85, 0x68, 0xFD, 0x82, 0x67, 0xFD, 0x88, 0x47, 0xFD, 0x02, 0xA6, 0xE4, 0x44, 0x9B,
    0xA2, 0x51, 0x85, 0x80, 0x18, 0x83, 0x60, 0x18, 0x85, 0x60, 0x10, 0x84, 0x40, 0x10, 0x84, 0x40,
    0x08, 0x84, 0x20, 0x08, 0x84, 0x20, 0x00, 0xA7, 0x00, 0x00, 0xA4, 0x00, 0x00, 0x03, 0x20, 0x00,
    0x00, 0x00, 0x20, 0x00, 0x20, 0x00, 0x85, 0x20, 0x08, 0x84, 0x40, 0x08, 0x03, 0x40, 0x10, 0x40,
    0x10, 0x60, 0x10, 0x40, 0x10, 0x85, 0x60, 0x10, 0x86, 0x80, 0x18, 0x06, 0xA0, 0x18, 0xA0, 0x18,
    0x80, 0x18, 0xA0, 0x18, 0x21, 0x39, 0x04, 0x8B, 0xC8, 0xDC, 0x8D, 0xA9, 0xFD, 0x83, 0x89, 0xFD,
    0x86, 0x88, 0xFD, 0x88, 0x68, 0xFD, 0x82, 0x67, 0xFD, 0x85, 0x47, 0xFD, 0x01, 0x27, 0xFD, 0x27,
    0xFD, 0x82, 0x47, 0xFD, 0x02, 0x25, 0xCC, 0x83, 0x7A, 0x01, 0x31, 0x84, 0x80, 0x18, 0x83, 0x60,
    0x18, 0x85, 0x60, 0x10, 0x83, 0x40, 0x10, 0x84, 0x40, 0x08, 0x85, 0x20, 0x08, 0x83, 0x20, 0x00,
    0xA6, 0x00, 0x00, 0xA5, 0x00, 0x00, 0x01, 0x20, 0x00, 0x20, 0x00, 0x85, 0x20, 0x08, 0x84, 0x40,
    0x08, 0x01, 0x40, 0x10, 0x40, 0x10, 0x86, 0x60, 0x10, 0x86, 0x80, 0x18, 0x08, 0xA0, 0x18, 0xA0,
    0x20, 0x80, 0x18, 0xA0, 0x18, 0x82, 0x49, 0xC6, 0xAB, 0x69, 0xF5, 0xC9, 0xFD, 0xC9, 0xFD, 0x8C,
    0xA9, 0xFD, 0x86, 0x89, 0xFD, 0x83, 0x88, 0xFD, 0x8A, 0x68, 0xFD, 0x89, 0x47, 0xFD, 0x84, 0x27,
    0xFD, 0x02, 0xC6, 0xEC, 0x24, 0x9B, 0x41, 0x41, 0x84, 0x80, 0x18, 0x82, 0x60, 0x18, 0x85, 0x60,
    0x10, 0x83, 0x40, 0x10, 0x84, 0x40, 0x08, 0x85, 0x20, 0x08, 0x83, 0x20, 0x00, 0xA5, 0x00, 0x00,
    0xA4, 0x00, 0x00, 0x01, 0x20, 0x00, 0x20, 0x00, 0x85, 0x20, 0x08, 0x84, 0x40, 0x08, 0x02, 0x40,
    0x10, 0x60, 0x10, 0x40, 0x10, 0x85, 0x60, 0x10, 0x85, 0x80, 0x18, 0x09, 0xA0, 0x18, 0xA0, 0x20,
    0x80, 0x18, 0xA0, 0x18, 0xC2, 0x49, 0x06, 0xB4, 0xA9, 0xFD, 0xCA, 0xFD, 0xCA, 0xFD, 0xA9, 0xFD,
    0x83, 0xAA, 0xFD, 0x8B, 0xA9, 0xFD, 0x85, 0x89, 0xFD, 0x83, 0x88, 0xFD, 0x88, 0x68, 0xFD, 0x01,
    0x48, 0xFD, 0x48, 0xFD, 0x88, 0x47, 0xFD, 0x83, 0x27, 0xFD, 0x82, 0x26, 0xFD, 0x02, 0x06, 0xFD,
    0x64, 0xAB, 0x61, 0x41, 0x84, 0x80, 0x18, 0x82, 0x60, 0x18, 0x84, 0x60, 0x10, 0x83, 0x40, 0x10,
    0x85, 0x40, 0x08, 0x84, 0x20, 0x08, 0x83, 0x20, 0x00, 0xA4, 0x00, 0x00, 0xA3, 0x00, 0x00, 0x01,
    0x20, 0x00, 0x20, 0x00, 0x85, 0x20, 0x08, 0x84, 0x40, 0x08, 0x82, 0x40, 0x10, 0x85, 0x60, 0x10,
    0x85, 0x80, 0x18, 0x09, 0xA0, 0x18, 0x80, 0x18, 0x80, 0x18, 0x62, 0x41, 0x06, 0xB4, 0xAA, 0xFD,
    0xCA, 0xFD, 0xCA, 0xFD, 0xAA, 0xFD, 0xAA, 0xFD, 0x84, 0xCA, 0xFD, 0x83, 0xAA, 0xFD, 0x87, 0xA9,
    0xFD, 0x86, 0x89, 0xFD, 0x8C, 0x68, 0xFD, 0x01, 0x48, 0xFD, 0x48, 0xFD, 0x87, 0x47, 0xFD, 0x84,
    0x27, 0xFD, 0x06, 0x26, 0xFD, 0x06, 0xFD, 0x26, 0xFD, 0x26, 0xFD, 0x06, 0xFD, 0x44, 0xA3, 0x21,
    0x39, 0x83, 0x80, 0x18, 0x82, 0x60, 0x18, 0x85, 0x60, 0x10, 0x82, 0x40, 0x10, 0x85, 0x40, 0x08,
    0x84, 0x20, 0x08, 0x83, 0x20, 0x00, 0xA3, 0x00, 0x00, 0xA2, 0x00, 0x00, 0x01, 0x20, 0x00, 0x20,
    0x00, 0x85, 0x20, 0x08, 0x83, 0x40, 0x08, 0x83, 0x40, 0x10, 0x84, 0x60, 0x10, 0x85, 0x80, 0x18,
    0x08, 0xA0, 0x18, 0xA0, 0x18, 0x80, 0x18, 0x01, 0x31, 0x86, 0xA3, 0x89, 0xF5, 0xCA, 0xFD, 0xCA,
    0xFD, 0xAA, 0xFD, 0x85, 0xCA, 0xFD, 0x86, 0xAA, 0xFD, 0x84, 0xA9, 0xFD, 0x89, 0x89, 0xFD, 0x00,
    0x88, 0xFD, 0x86, 0x68, 0xFD, 0x85, 0x48, 0xFD, 0x87, 0x47, 0xFD, 0x84, 0x27, 0xFD, 0x82, 0x26,
    0xFD, 0x05, 0x06, 0xFD, 0x26, 0xFD, 0x26, 0xFD, 0xC6, 0xF4, 0xE3, 0x92, 0xC0, 0x28, 0x83, 0x80,
    0x18, 0x82, 0x60, 0x18, 0x84, 0x60, 0x10, 0x83, 0x40, 0x10, 0x84, 0x40, 0x08, 0x84, 0x20, 0x08,
    0x83, 0x20, 0x00, 0xA2, 0x00, 0x00, 0xA2, 0x00, 0x00, 0x00, 0x20, 0x00, 0x85, 0x20, 0x08, 0x83,
    0x40, 0x08, 0x82, 0x40, 0x10, 0x85, 0x60, 0x10, 0x85, 0x80, 0x18, 0x07, 0xA0, 0x18, 0x80, 0x18,
    0x80, 0x18, 0xA4, 0x7A, 0x49, 0xED, 0xCA, 0xFD, 0xCA, 0xFD, 0xAA, 0xFD, 0x89, 0xCA, 0xFD, 0x86,
    0xAA, 0xFD, 0x01, 0xA9, 0xFD, 0x89, 0xFD, 0x83, 0xA9, 0xFD, 0x83, 0x89, 0xFD, 0x01, 0x68, 0xF5,
    0x48, 0xF5, 0x84, 0x28, 0xF5, 0x00, 0x48, 0xF5, 0x85, 0x68, 0xFD, 0x83, 0x48, 0xFD, 0x87, 0x47,
    0xFD, 0x84, 0x27, 0xFD, 0x82, 0x26, 0xFD, 0x05, 0x06, 0xFD, 0x06, 0xFD, 0x26, 0xFD, 0x06, 0xFD,
    0x65, 0xE4, 0x02, 0x6A, 0x83, 0x80, 0x18, 0x82, 0x60, 0x18, 0x83, 0x60, 0x10, 0x84, 0x40, 0x10,
    0x84, 0x40, 0x08, 0x84, 0x20, 0x08, 0x82, 0x20, 0x00, 0xA2, 0x00, 0x00, 0xA1, 0x00, 0x00, 0x01,
    0x20, 0x00, 0x20, 0x00, 0x84, 0x20, 0x08, 0x83, 0x40, 0x08, 0x82, 0x40, 0x10, 0x85, 0x60, 0x10,
    0x84, 0x80, 0x18, 0x04, 0xA0, 0x18, 0xA0, 0x20, 0x80, 0x18, 0x62, 0x41, 0x67, 0xC4, 0x8F, 0xCA,
    0xFD, 0x87, 0xAA, 0xFD, 0x17, 0x89, 0xFD, 0x28, 0xED, 0xA7, 0xD4, 0x06, 0xBC, 0x85, 0xA3, 0x25,
    0x93, 0xC4, 0x82, 0x83, 0x72, 0x43, 0x6A, 0x23, 0x62, 0x03, 0x62, 0x03, 0x5A, 0x03, 0x5A, 0x03,
    0x62, 0x23, 0x62, 0x43, 0x6A, 0x63, 0x72, 0xA3, 0x82, 0x04, 0x8B, 0x65, 0xA3, 0xE5, 0xBB, 0x66,
    0xD4, 0xE7, 0xEC, 0x47, 0xFD, 0x82, 0x48, 0xFD, 0x04, 0x47, 0xFD, 0x47, 0xFD, 0x27, 0xFD, 0x27,
    0xFD, 0x47, 0xFD, 0x86, 0x27, 0xFD, 0x84, 0x26, 0xFD, 0x83, 0x06, 0xFD, 0x01, 0x84, 0xB3, 0x01,
    0x39, 0x82, 0x80, 0x18, 0x82, 0x60, 0x18, 0x83, 0x60, 0x10, 0x84, 0x40, 0x10, 0x84, 0x40, 0x08,
    0x84, 0x20, 0x08, 0x82, 0x20, 0x00, 0xA1, 0x00, 0x00, 0xA0, 0x00, 0x00, 0x01, 0x20, 0x00, 0x20,
    0x00, 0x84, 0x20, 0x08, 0x83, 0x40, 0x08, 0x82, 0x40, 0x10, 0x85, 0x60, 0x10, 0x84, 0x80, 0x18,
    0x04, 0xA0, 0x18, 0x80, 0x18, 0x80, 0x18, 0xA4, 0x7A, 0x69, 0xF5, 0x8E, 0xCA, 0xFD, 0x85, 0xAA,
    0xFD, 0x07, 0x8A, 0xFD, 0xE8, 0xDC, 0x07, 0xBC, 0x25, 0x93, 0x84, 0x72, 0x03, 0x5A, 0xC2, 0x51,
    0xA2, 0x49, 0x82, 0xA2, 0x51, 0x01, 0xC2, 0x51, 0xC2, 0x51, 0x85, 0xC2, 0x59, 0x02, 0xC2, 0x51,
    0xA2, 0x51, 0xA2, 0x51, 0x82, 0x82, 0x49, 0x06, 0xA2, 0x51, 0xE2, 0x59, 0x43, 0x72, 0xE4, 0x8A,
    0xC5, 0xB3, 0x86, 0xDC, 0x27, 0xFD, 0x82, 0x47, 0xFD, 0x88, 0x27, 0xFD, 0x01, 0x26, 0xFD, 0x26,
    0xFD, 0x86, 0x06, 0xFD, 0x01, 0xA5, 0xEC, 0x22, 0x6A, 0x82, 0x80, 0x18, 0x82, 0x60, 0x18, 0x83,
    0x60, 0x10, 0x84, 0x40, 0x10, 0x84, 0x40, 0x08, 0x83, 0x20, 0x08, 0x83, 0x20, 0x00, 0xA0, 0x00,
    0x00, 0x9F, 0x00, 0x00, 0x01, 0x20, 0x00, 0x20, 0x00, 0x84, 0x20, 0x08, 0x83, 0x40, 0x08, 0x82,
    0x40, 0x10, 0x84, 0x60, 0x10, 0x85, 0x80, 0x18, 0x03, 0xA0, 0x20, 0x80, 0x18, 0x01, 0x29, 0x07,
    0xB4, 0x8F, 0xCA, 0xFD, 0x00, 0xAA, 0xFD, 0x82, 0xCA, 0xFD, 0x07, 0x8A, 0xF5, 0x88, 0xCC, 0x65,
    0x9B, 0x64, 0x72, 0xE2, 0x59, 0xA2, 0x49, 0xA2, 0x51, 0xC2, 0x51, 0x82, 0xE3, 0x59, 0x03, 0xE3,
    0x61, 0xE3, 0x61, 0xE3, 0x59, 0xE3, 0x59, 0x8C, 0xE2, 0x59, 0x09, 0xC2, 0x59, 0xC2, 0x59, 0xA2,
    0x51, 0x82, 0x49, 0x82, 0x49, 0xA2, 0x51, 0x23, 0x6A, 0x04, 0x93, 0x25, 0xCC, 0x07, 0xF5, 0x88,
    0x27, 0xFD, 0x87, 0x06, 0xFD, 0x06, 0xE6, 0xFC, 0x06, 0xFD, 0x06, 0xFD, 0x24, 0xA3, 0xC0, 0x28,
    0x80, 0x18, 0x80, 0x18, 0x82, 0x60, 0x18, 0x83, 0x60, 0x10, 0x84, 0x40, 0x10, 0x84, 0x40, 0x08,
    0x83, 0x20, 0x08, 0x83, 0x20, 0x00, 0x9F, 0x00, 0x00, 0x9E, 0x00, 0x00, 0x01, 0x20, 0x00, 0x20,
    0x00, 0x84, 0x20, 0x08, 0x83, 0x40, 0x08, 0x82, 0x40, 0x10, 0x84, 0x60, 0x10, 0x85, 0x80, 0x18,
    0x03, 0xA0, 0x20, 0x80, 0x18, 0xC2, 0x51, 0x08, 0xDD, 0x88, 0xCA, 0xFD, 0x85, 0xCB, 0xFD, 0x0D,
    0xAA, 0xFD, 0xCA, 0xFD, 0xCA, 0xFD, 0xAA, 0xFD, 0xC8, 0xD4, 0x66, 0x9B, 0x43, 0x6A, 0xC2, 0x51,
    0xA2, 0x51, 0xE2, 0x59, 0xE3, 0x59, 0x03, 0x5A, 0x03, 0x62, 0x03, 0x5A, 0x86, 0xE3, 0x59, 0x8A,
    0xE2, 0x59, 0x83, 0xC2, 0x59, 0x09, 0xE2, 0x59, 0xE2, 0x59, 0xC2, 0x59, 0xC2, 0x59, 0xA2, 0x51,
    0x82, 0x49, 0x82, 0x49, 0x02, 0x62, 0x04, 0x93, 0x46, 0xD4, 0x87, 0x27, 0xFD, 0x88, 0x06, 0xFD,
    0x05, 0xE6, 0xFC, 0x06, 0xFD, 0x25, 0xD4, 0x41, 0x41, 0x80, 0x18, 0x80, 0x20, 0x82, 0x60, 0x18,
    0x83, 0x60, 0x10, 0x83, 0x40, 0x10, 0x84, 0x40, 0x08, 0x84, 0x20, 0x08, 0x83, 0x20, 0x00, 0x9E,
    0x00, 0x00, 0x9D, 0x00, 0x00, 0x01, 0x20, 0x00, 0x20, 0x00, 0x84, 0x20, 0x08, 0x83, 0x40, 0x08,
    0x82, 0x40, 0x10, 0x84, 0x60, 0x10, 0x84, 0x80, 0x18, 0x04, 0xA0, 0x18, 0xA0, 0x20, 0x80, 0x18,
    0xA4, 0x7A, 0x8A, 0xF5, 0x85, 0xCA, 0xFD, 0x8A, 0xCB, 0xFD, 0x08, 0x8A, 0xF5, 0x27, 0xBC, 0xA4,
    0x7A, 0xC2, 0x51, 0xC2, 0x51, 0xE2, 0x59, 0x03, 0x5A, 0x03, 0x62, 0x03, 0x5A, 0x8A, 0xE3, 0x59,
    0x8B, 0xE2, 0x59, 0x89, 0xC2, 0x59, 0x0A, 0xA2, 0x51, 0x82, 0x49, 0xA2, 0x51, 0x43, 0x72, 0xA5,
    0xB3, 0xE6, 0xF4, 0x27, 0xFD, 0x27, 0xFD, 0x07, 0xFD, 0x07, 0xFD, 0x27, 0xFD, 0x89, 0x06, 0xFD,
    0x03, 0xE6, 0xFC, 0x06, 0xFD, 0xA5, 0xF4, 0x02, 0x6A, 0x82, 0x80, 0x18, 0x01, 0x60, 0x18, 0x60,
    0x18, 0x83, 0x60, 0x10, 0x83, 0x40, 0x10, 0x84, 0x40, 0x08, 0x84, 0x20, 0x08, 0x82, 0x20, 0x00,
    0x9E, 0x00, 0x00, 0x9D, 0x00, 0x00, 0x01, 0x20, 0x00, 0x20, 0x00, 0x83, 0x20, 0x08, 0x84, 0x40,
    0x08, 0x01, 0x40, 0x10, 0x40, 0x10, 0x84, 0x60, 0x10, 0x84, 0x80, 0x18, 0x03, 0xA0, 0x18, 0xA0,
    0x18, 0x80, 0x18, 0x65, 0x9B, 0x85, 0xCA, 0xFD, 0x8A, 0xCB, 0xFD, 0x06, 0x6A, 0xED, 0xC7, 0xAB,
    0x43, 0x6A, 0xA2, 0x51, 0xC2, 0x51, 0x03, 0x62, 0x03, 0x62, 0x84, 0x03, 0x5A, 0x02, 0xE3, 0x59,
    0x03, 0x5A, 0x03, 0x5A, 0x85, 0x03, 0x62, 0x01, 0x03, 0x5A, 0x03, 0x62, 0x83, 0x02, 0x5A, 0x89,
    0xE2, 0x59, 0x89, 0xC2, 0x59, 0x07, 0xA2, 0x51, 0x82, 0x49, 0x02, 0x62, 0x44, 0xA3, 0xC6, 0xEC,
    0x27, 0xFD, 0x27, 0xFD, 0x07, 0xFD, 0x8A, 0x06, 0xFD, 0x82, 0xE6, 0xFC, 0x00, 0xA3, 0x8A, 0x82,
    0x80, 0x18, 0x01, 0x60, 0x18, 0x60, 0x18, 0x83, 0x60, 0x10, 0x83, 0x40, 0x10, 0x84, 0x40, 0x08,
    0x84, 0x20, 0x08, 0x82, 0x20, 0x00, 0x9D, 0x00, 0x00, 0x9C, 0x00, 0x00, 0x01, 0x20, 0x00, 0x20,
    0x00, 0x83, 0x20, 0x08, 0x84, 0x40, 0x08, 0x01, 0x40, 0x10, 0x40, 0x10, 0x84, 0x60, 0x10, 0x84,
    0x80, 0x18, 0x03, 0xA0, 0x18, 0x80, 0x18, 0xA0, 0x20, 0x07, 0xB4, 0x85, 0xCA, 0xFD, 0x89, 0xCB,
    0xFD, 0x04, 0x8A, 0xF5, 0xE7, 0xAB, 0x23, 0x62, 0xA2, 0x51, 0xE3, 0x59, 0x83, 0x03, 0x62, 0x01,
    0x03, 0x5A, 0x03, 0x5A, 0x8E, 0x03, 0x62, 0x00, 0x03, 0x5A, 0x83, 0xE3, 0x59, 0x86, 0xE2, 0x59,
    0x8C, 0xC2, 0x59, 0x06, 0xA2, 0x51, 0x61, 0x49, 0xE2, 0x59, 0x44, 0xA3, 0xC6, 0xF4, 0x07, 0xFD,
    0x07, 0xFD, 0x88, 0x06, 0xFD, 0x84, 0xE6, 0xFC, 0x00, 0x24, 0xA3, 0x82, 0x80, 0x18, 0x01, 0x60,
    0x18, 0x60, 0x18, 0x83, 0x60, 0x10, 0x83, 0x40, 0x10, 0x84, 0x40, 0x08, 0x83, 0x20, 0x08, 0x83,
    0x20, 0x00, 0x9C, 0x00, 0x00, 0x9B, 0x00, 0x00, 0x01, 0x20, 0x00, 0x20, 0x00, 0x84, 0x20, 0x08,
    0x83, 0x40, 0x08, 0x01, 0x40, 0x10, 0x40, 0x10, 0x84, 0x60, 0x10, 0x86, 0x80, 0x18, 0x01, 0xE1,
    0x28, 0x67, 0xC4, 0x85, 0xCA, 0xFD, 0x89, 0xCB, 0xFD, 0x03, 0x48, 0xBC, 0x44, 0x6A, 0xA2, 0x51,
    0xE3, 0x59, 0x95, 0x03, 0x62, 0x86, 0xE3, 0x61, 0x89, 0xE2, 0x59, 0x87, 0xC2, 0x59, 0x06, 0xC2,
    0x51, 0xC2, 0x59, 0xC2, 0x59, 0xA2, 0x51, 0x61, 0x49, 0xE2, 0x61, 0xA5, 0xB3, 0x88, 0x06, 0xFD,
    0x84, 0xE6, 0xFC, 0x07, 0xC6, 0xFC, 0xE6, 0xFC, 0x84, 0xBB, 0xA0, 0x20, 0x80, 0x18, 0x80, 0x18,
    0x60, 0x18, 0x60, 0x18, 0x83, 0x60, 0x10, 0x83, 0x40, 0x10, 0x84, 0x40, 0x08, 0x83, 0x20, 0x08,
    0x83, 0x20, 0x00, 0x9B, 0x00, 0x00, 0x9B, 0x00, 0x00, 0x00, 0x20, 0x00, 0x84, 0x20, 0x08, 0x83,
    0x40, 0x08, 0x82, 0x40, 0x10, 0x83, 0x60, 0x10, 0x86, 0x80, 0x18, 0x03, 0x01, 0x29, 0xA8, 0xCC,
    0xCA, 0xFD, 0xAA, 0xFD, 0x83, 0xCA, 0xFD, 0x88, 0xCB, 0xFD, 0x03, 0xE9, 0xDC, 0xC5, 0x7A, 0xA2,
    0x51, 0xE3, 0x59, 0x96, 0x03, 0x62, 0x87, 0xE3, 0x61, 0x00, 0xE2, 0x61, 0x87, 0xE2, 0x59, 0x8A,
    0xC2, 0x59, 0x06, 0xA2, 0x51, 0xC2, 0x59, 0xC2, 0x59, 0xA2, 0x51, 0x61, 0x49, 0x43, 0x72, 0x25,
    0xD4, 0x84, 0x06, 0xFD, 0x87, 0xE6, 0xFC, 0x07, 0xC6, 0xFC, 0xE6, 0xFC, 0xA4, 0xC3, 0xA0, 0x20,
    0x80, 0x18, 0x80, 0x18, 0x60, 0x18, 0x60, 0x18, 0x83, 0x60, 0x10, 0x83, 0x40, 0x10, 0x84, 0x40,
    0x08, 0x83, 0x20, 0x08, 0x82, 0x20, 0x00, 0x9B, 0x00, 0x00, 0x9A, 0x00, 0x00, 0x01, 0x20, 0x00,
    0x20, 0x00, 0x83, 0x20, 0x08, 0x83, 0x40, 0x08, 0x82, 0x40, 0x10, 0x84, 0x60, 0x10, 0x85, 0x80,
    0x18, 0x03, 0xE1, 0x28, 0xC8, 0xD4, 0xCA, 0xFD, 0xAA, 0xFD, 0x83, 0xCA, 0xFD, 0x87, 0xCB, 0xFD,
    0x03, 0xAB, 0xFD, 0xC7, 0xAB, 0xE3, 0x59, 0xC3, 0x51, 0xA0, 0x03, 0x62, 0x01, 0xE3, 0x61, 0xE2,
    0x59, 0x82, 0xE2, 0x61, 0x83, 0xE2, 0x59, 0x8C, 0xC2, 0x59, 0x09, 0xA2, 0x51, 0xA2, 0x51, 0xC2,
    0x59, 0x82, 0x49, 0x82, 0x51, 0x04, 0x9B, 0xE6, 0xF4, 0x06, 0xFD, 0xE6, 0xFC, 0x06, 0xFD, 0x88,
    0xE6, 0xFC, 0x07, 0xC6, 0xFC, 0xE6, 0xFC, 0xC4, 0xC3, 0xA0, 0x20, 0x80, 0x18, 0x80, 0x18, 0x60,
    0x18, 0x60, 0x18, 0x83, 0x60, 0x10, 0x82, 0x40, 0x10, 0x84, 0x40, 0x08, 0x84, 0x20, 0x08, 0x82,
    0x20, 0x00, 0x9A, 0x00, 0x00, 0x99, 0x00, 0x00, 0x01, 0x20, 0x00, 0x20, 0x00, 0x84, 0x20, 0x08,
    0x83, 0x40, 0x08, 0x01, 0x40, 0x10, 0x40, 0x10, 0x84, 0x60, 0x10, 0x84, 0x80, 0x18, 0x04, 0xA0,
    0x18, 0xE1, 0x28, 0xA8, 0xCC, 0xCA, 0xFD, 0xAA, 0xFD, 0x83, 0xCA, 0xFD, 0x87, 0xCB, 0xFD, 0x06,
    0x09, 0xDD, 0xA4, 0x7A, 0xA2, 0x51, 0x03, 0x5A, 0x03, 0x62, 0x03, 0x5A, 0x03, 0x5A, 0x8A, 0x03,
    0x62, 0x01, 0x23, 0x62, 0x23, 0x62, 0x92, 0x03, 0x62, 0x86, 0xE2, 0x61, 0x82, 0xE2, 0x59, 0x8B,
    0xC2, 0x59, 0x83, 0xA2, 0x51, 0x03, 0x61, 0x49, 0x22, 0x6A, 0x45, 0xDC, 0x06, 0xFD, 0x8A, 0xE6,
    0xFC, 0x07, 0xC6, 0xFC, 0xE6, 0xFC, 0xA4, 0xC3, 0xA0, 0x20, 0x80, 0x18, 0x80, 0x18, 0x60, 0x18,
    0x60, 0x18, 0x82, 0x60, 0x10, 0x83, 0x40, 0x10, 0x84, 0x40, 0x08, 0x83, 0x20, 0x08, 0x83, 0x20,
    0x00, 0x99, 0x00, 0x00, 0x99, 0x00, 0x00, 0x00, 0x20, 0x00, 0x84, 0x20, 0x08, 0x83, 0x40, 0x08,
    0x01, 0x40, 0x10, 0x40, 0x10, 0x84, 0x60, 0x10, 0x84, 0x80, 0x18, 0x04, 0xA0, 0x20, 0xA0, 0x20,
    0x67, 0xC4, 0xCA, 0xFD, 0xAA, 0xFD, 0x83, 0xCA, 0xFD, 0x86, 0xCB, 0xFD, 0x05, 0xEB, 0xFD, 0x48,
    0xBC, 0xE3, 0x59, 0xC3, 0x51, 0x03, 0x62, 0x03, 0x5A, 0x8B, 0x03, 0x62, 0x84, 0x23, 0x62, 0x91,
    0x03, 0x62, 0x82, 0x02, 0x62, 0x83, 0xE2, 0x61, 0x83, 0xE2, 0x59, 0x8B, 0xC2, 0x59, 0x82, 0xA2,
    0x51, 0x04, 0xC2, 0x59, 0x82, 0x49, 0x82, 0x51, 0x84, 0xB3, 0x06, 0xFD, 0x8A, 0xE6, 0xFC, 0x02,
    0xC6, 0xFC, 0xC6, 0xFC, 0x84, 0xBB, 0x82, 0x80, 0x18, 0x01, 0x60, 0x18, 0x60, 0x18, 0x82, 0x60,
    0x10, 0x83, 0x40, 0x10, 0x83, 0x40, 0x08, 0x84, 0x20, 0x08, 0x82, 0x20, 0x00, 0x99, 0x00, 0x00,
    0x98, 0x00, 0x00, 0x01, 0x20, 0x00, 0x20, 0x00, 0x83, 0x20, 0x08, 0x83, 0x40, 0x08, 0x82, 0x40,
    0x10, 0x83, 0x60, 0x10, 0x84, 0x80, 0x18, 0x04, 0xA0, 0x20, 0xA0, 0x18, 0x06, 0xB4, 0xCA, 0xFD,
    0xAA, 0xFD, 0x84, 0xCA, 0xFD, 0x85, 0xCB, 0xFD, 0x03, 0xAB, 0xFD, 0x66, 0x9B, 0xA2, 0x51, 0x03,
    0x5A, 0x8A, 0x03, 0x62, 0x02, 0x23, 0x62, 0x03, 0x62, 0x03, 0x62, 0x8A, 0x23, 0x62, 0x8D, 0x03,
    0x62, 0x88, 0xE2, 0x61, 0x01, 0xE2, 0x59, 0xE2, 0x59, 0x8A, 0xC2, 0x59, 0x85, 0xA2, 0x51, 0x02,
    0x61, 0x49, 0xC3, 0x92, 0xC6, 0xF4, 0x89, 0xE6, 0xFC, 0x82, 0xC6, 0xFC, 0x04, 0x23, 0xA3, 0x80,
    0x18, 0x80, 0x18, 0x60, 0x18, 0x60, 0x18, 0x83, 0x60, 0x10, 0x82, 0x40, 0x10, 0x83, 0x40, 0x08,
    0x85, 0x20, 0x08, 0x82, 0x20, 0x00, 0x98, 0x00, 0x00, 0x97, 0x00, 0x00, 0x01, 0x20, 0x00, 0x20,
    0x00, 0x84, 0x20, 0x08, 0x82, 0x40, 0x08, 0x82, 0x40, 0x10, 0x83, 0x60, 0x10, 0x84, 0x80, 0x18,
    0x04, 0xA0, 0x20, 0xA0, 0x18, 0x65, 0x9B, 0xCA, 0xFD, 0xAA, 0xFD, 0x85, 0xCA, 0xFD, 0x84, 0xCB,
    0xFD, 0x02, 0x6A, 0xF5, 0xC5, 0x82, 0xA2, 0x51, 0x8A, 0x03, 0x62, 0x85, 0x23, 0x62, 0x01, 0x03,
    0x62, 0x03, 0x62, 0x83, 0x23, 0x62, 0x00, 0x03, 0x62, 0x82, 0x23, 0x62, 0x8D, 0x03, 0x62, 0x88,
    0xE2, 0x61, 0x01, 0xE2, 0x59, 0xE2, 0x61, 0x8A, 0xC2, 0x59, 0x00, 0xA2, 0x59, 0x84, 0xA2, 0x51,
    0x05, 0xA2, 0x59, 0x61, 0x49, 0x42, 0x72, 0x85, 0xEC, 0xE6, 0xFC, 0xC6, 0xFC, 0x84, 0xE6, 0xFC,
    0x85, 0xC6, 0xFC, 0x04, 0x83, 0x8A, 0x80, 0x18, 0x80, 0x18, 0x60, 0x18, 0x60, 0x18, 0x83, 0x60,
    0x10, 0x82, 0x40, 0x10, 0x83, 0x40, 0x08, 0x84, 0x20, 0x08, 0x83, 0x20, 0x00, 0x97, 0x00, 0x00,
    0x97, 0x00, 0x00, 0x01, 0x20, 0x00, 0x20, 0x00, 0x83, 0x20, 0x08, 0x83, 0x40, 0x08, 0x01, 0x40,
    0x10, 0x40, 0x10, 0x84, 0x60, 0x10, 0x83, 0x80, 0x18, 0x04, 0xA0, 0x20, 0x80, 0x18, 0xA4, 0x72,
    0xAA, 0xFD, 0xAA, 0xFD, 0x85, 0xCA, 0xFD, 0x84, 0xCB, 0xFD, 0x04, 0x2A, 0xE5, 0x64, 0x6A, 0xC2,
    0x51, 0x23, 0x62, 0x03, 0x5A, 0x84, 0x03, 0x62, 0x94, 0x23, 0x62, 0x83, 0x03, 0x62, 0x01, 0x23,
    0x6A, 0x03, 0x62, 0x83, 0xC2, 0x59, 0x83, 0x03, 0x62, 0x8A, 0xE2, 0x61, 0x8B, 0xC2, 0x59, 0x00,
    0xA2, 0x59, 0x84, 0xA2, 0x51, 0x05, 0xA2, 0x59, 0x61, 0x49, 0xE2, 0x61, 0x45, 0xE4, 0xE6, 0xFC,
    0xC6, 0xFC, 0x82, 0xE6, 0xFC, 0x85, 0xC6, 0xFC, 0x06, 0xA5, 0xFC, 0xC6, 0xFC, 0xE2, 0x61, 0x80,
    0x18, 0x80, 0x18, 0x60, 0x18, 0x60, 0x18, 0x83, 0x60, 0x10, 0x82, 0x40, 0x10, 0x82, 0x40, 0x08,
    0x85, 0x20, 0x08, 0x82, 0x20, 0x00, 0x97, 0x00, 0x00, 0x96, 0x00, 0x00, 0x01, 0x20, 0x00, 0x20,
    0x00, 0x83, 0x20, 0x08, 0x83, 0x40, 0x08, 0x01, 0x40, 0x10, 0x40, 0x10, 0x84, 0x60, 0x10, 0x85,
    0x80, 0x18, 0x01, 0xA2, 0x49, 0x89, 0xF5, 0x82, 0xAA, 0xFD, 0x85, 0xCA, 0xFD, 0x82, 0xCB, 0xFD,
    0x05, 0x09, 0xDD, 0x23, 0x62, 0xC2, 0x51, 0x23, 0x62, 0x03, 0x5A, 0x03, 0x5A, 0x83, 0x03, 0x62,
    0x96, 0x23, 0x62, 0x0C, 0x03, 0x62, 0x03, 0x62, 0x23, 0x6A, 0xE2, 0x61, 0x03, 0x62, 0x05, 0x93,
    0xC6, 0xB3, 0xC6, 0xB3, 0x05, 0x93, 0x03, 0x62, 0xE2, 0x59, 0x03, 0x62, 0x03, 0x62, 0x82, 0x02,
    0x62, 0x87, 0xE2, 0x61, 0x8C, 0xC2, 0x59, 0x01, 0xA2, 0x59, 0xA2, 0x59, 0x83, 0xA2, 0x51, 0x07,
    0xA2, 0x59, 0x81, 0x49, 0xC2, 0x59, 0x25, 0xDC, 0xE6, 0xFC, 0xC6, 0xFC, 0xE6, 0xFC, 0xE6, 0xFC,
    0x87, 0xC6, 0xFC, 0x05, 0x85, 0xF4, 0x21, 0x41, 0x80, 0x18, 0x80, 0x18, 0x60, 0x18, 0x60, 0x18,
    0x82, 0x60, 0x10, 0x82, 0x40, 0x10, 0x83, 0x40, 0x08, 0x84, 0x20, 0x08, 0x82, 0x20, 0x00, 0x97,
    0x00, 0x00, 0x96, 0x00, 0x00, 0x00, 0x20, 0x00, 0x84, 0x20, 0x08, 0x82, 0x40, 0x08, 0x82, 0x40,
    0x10, 0x83, 0x60, 0x10, 0x84, 0x80, 0x18, 0x02, 0xA0, 0x18, 0xE1, 0x28, 0x08, 0xE5, 0x83, 0xAA,
    0xFD, 0x85, 0xCA, 0xFD, 0x06, 0xCB, 0xFD, 0xCB, 0xFD, 0xE9, 0xDC, 0x03, 0x62, 0xE2, 0x59, 0x03,
    0x62, 0x03, 0x5A, 0x84, 0x03, 0x62, 0x96, 0x23, 0x62, 0x82, 0x23, 0x6A, 0x03, 0xE3, 0x61, 0xC4,
    0x82, 0xC8, 0xE4, 0x89, 0xFD, 0x82, 0x69, 0xFD, 0x03, 0xC8, 0xE4, 0xA4, 0x82, 0xE2, 0x59, 0x03,
    0x6A, 0x84, 0x02, 0x62, 0x85, 0xE2, 0x61, 0x8D, 0xC2, 0x59, 0x01, 0xA2, 0x59, 0xA2, 0x59, 0x83,
    0xA2, 0x51, 0x06, 0xA2, 0x59, 0x81, 0x51, 0xA2, 0x59, 0x05, 0xD4, 0xE6, 0xFC, 0xC6, 0xFC, 0xE6,
    0xFC, 0x88, 0xC6, 0xFC, 0x04, 0x05, 0xD4, 0xA0, 0x28, 0x80, 0x18, 0x80, 0x18, 0x60, 0x18, 0x83,
    0x60, 0x10, 0x82, 0x40, 0x10, 0x83, 0x40, 0x08, 0x84, 0x20, 0x08, 0x01, 0x20, 0x00, 0x20, 0x00,
    0x97, 0x00, 0x00, 0x95, 0x00, 0x00, 0x01, 0x20, 0x00, 0x20, 0x00, 0x83, 0x20, 0x08, 0x83, 0x40,
    0x08, 0x01, 0x40, 0x10, 0x40, 0x10, 0x84, 0x60, 0x10, 0x83, 0x80, 0x18, 0x04, 0xA0, 0x20, 0xA0,
    0x18, 0x06, 0xB4, 0xA9, 0xFD, 0xA9, 0xFD, 0x82, 0xAA, 0xFD, 0x01, 0xCA, 0xFD, 0xAA, 0xFD, 0x82,
    0xCA, 0xFD, 0x06, 0xAA, 0xFD, 0xCB, 0xFD, 0x09, 0xDD, 0x03, 0x62, 0xE2, 0x59, 0x03, 0x62, 0x03,
    0x5A, 0x85, 0x03, 0x62, 0x8E, 0x23, 0x62, 0x00, 0x23, 0x6A, 0x82, 0x23, 0x62, 0x85, 0x23, 0x6A,
    0x03, 0x03, 0x62, 0x84, 0x7A, 0x49, 0xF5, 0x8A, 0xFD, 0x84, 0x69, 0xFD, 0x03, 0x28, 0xF5, 0x83,
    0x7A, 0xE2, 0x61, 0x03, 0x6A, 0x83, 0x02, 0x62, 0x86, 0xE2, 0x61, 0x8C, 0xC2, 0x59, 0x82, 0xA2,
    0x59, 0x83, 0xA2, 0x51, 0x04, 0xA2, 0x59, 0x81, 0x51, 0xA2, 0x59, 0x25, 0xDC, 0xE6, 0xFC, 0x88,
    0xC6, 0xFC, 0x06, 0xA5, 0xFC, 0xC6, 0xFC, 0x03, 0xA3, 0x80, 0x18, 0x80, 0x18, 0x60, 0x18, 0x60,
    0x18, 0x83, 0x60, 0x10, 0x82, 0x40, 0x10, 0x82, 0x40, 0x08, 0x85, 0x20, 0x08, 0x00, 0x20, 0x00,
    0x97, 0x00, 0x00, 0x95, 0x00, 0x00, 0x00, 0x20, 0x00, 0x84, 0x20, 0x08, 0x82, 0x40, 0x08, 0x82,
    0x40, 0x10, 0x83, 0x60, 0x10, 0x83, 0x80, 0x18, 0x04, 0xA0, 0x18, 0x80, 0x18, 0x84, 0x72, 0xA9,
    0xFD, 0xA9, 0xFD, 0x85, 0xAA, 0xFD, 0x83, 0xCA, 0xFD, 0x04, 0x29, 0xE5, 0x23, 0x62, 0xE2, 0x51,
    0x03, 0x62, 0x03, 0x5A, 0x85, 0x03, 0x62, 0x8E, 0x23, 0x62, 0x02, 0x23, 0x6A, 0x23, 0x6A, 0x23,
    0x62, 0x87, 0x23, 0x6A, 0x02, 0xE3, 0x61, 0x88, 0xD4, 0x8A, 0xFD, 0x84, 0x69, 0xFD, 0x05, 0x49,
    0xFD, 0x69, 0xFD, 0x67, 0xD4, 0xE2, 0x59, 0x23, 0x6A, 0x03, 0x62, 0x82, 0x02, 0x62, 0x88, 0xE2,
    0x61, 0x8A, 0xC2, 0x59, 0x83, 0xA2, 0x59, 0x83, 0xA2, 0x51, 0x03, 0xA2, 0x59, 0x81, 0x51, 0xC2,
    0x59, 0x45, 0xE4, 0x88, 0xC6, 0xFC, 0x07, 0xA6, 0xFC, 0xA5, 0xFC, 0xA6, 0xFC, 0xE2, 0x61, 0x60,
    0x18, 0x80, 0x18, 0x60, 0x18, 0x60, 0x18, 0x82, 0x60, 0x10, 0x82, 0x40, 0x10, 0x83, 0x40, 0x08,
    0x84, 0x20, 0x08, 0x01, 0x20, 0x00, 0x20, 0x00, 0x96, 0x00, 0x00, 0x94, 0x00, 0x00, 0x01, 0x20,
    0x00, 0x20, 0x00, 0x83, 0x20, 0x08, 0x83, 0x40, 0x08, 0x01, 0x40, 0x10, 0x40, 0x10, 0x83, 0x60,
    0x10, 0x84, 0x80, 0x18, 0x02, 0xA0, 0x18, 0x41, 0x39, 0x69, 0xF5, 0x82, 0xA9, 0xFD, 0x84, 0xAA,
    0xFD, 0x08, 0xCA, 0xFD, 0xAA, 0xFD, 0xCA, 0xFD, 0x6A, 0xF5, 0x63, 0x6A, 0xC2, 0x51, 0x03, 0x62,
    0x03, 0x5A, 0x03, 0x5A, 0x84, 0x03, 0x62, 0x8D, 0x23, 0x62, 0x8B, 0x23, 0x6A, 0x04, 0x03, 0x62,
    0x84, 0x7A, 0x6A, 0xFD, 0x8A, 0xFD, 0x6A, 0xFD, 0x85, 0x69, 0xFD, 0x03, 0x48, 0xFD, 0x63, 0x7A,
    0x02, 0x62, 0x03, 0x6A, 0x83, 0x02, 0x62, 0x86, 0xE2, 0x61, 0x8B, 0xC2, 0x59, 0x83, 0xA2, 0x59,
    0x84, 0xA2, 0x51, 0x03, 0xA2, 0x59, 0x61, 0x49, 0xE2, 0x61, 0x65, 0xEC, 0x88, 0xC6, 0xFC, 0x06,
    0xA6, 0xFC, 0xA6, 0xFC, 0x65, 0xEC, 0xE1, 0x30, 0x80, 0x18, 0x80, 0x18, 0x60, 0x18, 0x83, 0x60,
    0x10, 0x82, 0x40, 0x10, 0x82, 0x40, 0x08, 0x85, 0x20, 0x08, 0x00, 0x20, 0x00, 0x96, 0x00, 0x00,
    0x94, 0x00, 0x00, 0x00, 0x20, 0x00, 0x84, 0x20, 0x08, 0x82, 0x40, 0x08, 0x01, 0x40, 0x10, 0x40,
    0x10, 0x84, 0x60, 0x10, 0x83, 0x80, 0x18, 0x02, 0xA0, 0x20, 0xA0, 0x18, 0x47, 0xC4, 0x84, 0xA9,
    0xFD, 0x86, 0xAA, 0xFD, 0x04, 0xC4, 0x82, 0xC2, 0x51, 0x03, 0x62, 0x03, 0x5A, 0x03, 0x5A, 0x86,
    0x03, 0x62, 0x8C, 0x23, 0x62, 0x8B, 0x23, 0x6A, 0x04, 0xE3, 0x61, 0xE4, 0x8A, 0x8A, 0xFD, 0x8A,
    0xFD, 0x6A, 0xFD, 0x86, 0x69, 0xFD, 0x02, 0xC4, 0x8A, 0xE2, 0x61, 0x03, 0x6A, 0x82, 0x02, 0x62,
    0x87, 0xE2, 0x61, 0x01, 0xC2, 0x61, 0xC2, 0x61, 0x89, 0xC2, 0x59, 0x84, 0xA2, 0x59, 0x84, 0xA2,
    0x51, 0x03, 0xA2, 0x59, 0x61, 0x49, 0x22, 0x72, 0xA6, 0xFC, 0x85, 0xC6, 0xFC, 0x83, 0xA6, 0xFC,
    0x07, 0xA5, 0xFC, 0x44, 0xB3, 0x60, 0x18, 0x80, 0x18, 0x60, 0x18, 0x60, 0x18, 0x60, 0x10, 0x60,
    0x10, 0x83, 0x40, 0x10, 0x83, 0x40, 0x08, 0x84, 0x20, 0x08, 0x01, 0x20, 0x00, 0x20, 0x00, 0x95,
    0x00, 0x00, 0x93, 0x00, 0x00, 0x01, 0x20, 0x00, 0x20, 0x00, 0x83, 0x20, 0x08, 0x83, 0x40, 0x08,
    0x01, 0x40, 0x10, 0x40, 0x10, 0x83, 0x60, 0x10, 0x83, 0x80, 0x18, 0x04, 0xA0, 0x18, 0x80, 0x18,
    0x63, 0x72, 0xA9, 0xFD, 0x89, 0xFD, 0x83, 0xA9, 0xFD, 0x85, 0xAA, 0xFD, 0x04, 0x66, 0x9B, 0xA2,
    0x49, 0x03, 0x62, 0xE3, 0x59, 0x03, 0x5A, 0x86, 0x03, 0x62, 0x8B, 0x23, 0x62, 0x01, 0x23, 0x6A,
    0x23, 0x62, 0x8B, 0x23, 0x6A, 0x03, 0x03, 0x62, 0xE4, 0x8A, 0x8A, 0xFD, 0x6A, 0xFD, 0x85, 0x69,
    0xFD, 0x08, 0x49, 0xFD, 0x49, 0xFD, 0xC4, 0x8A, 0xE2, 0x61, 0x23, 0x6A, 0x02, 0x6A, 0x02, 0x6A,
    0x02, 0x62, 0x02, 0x62, 0x87, 0xE2, 0x61, 0x01, 0xC2, 0x61, 0xC2, 0x61, 0x88, 0xC2, 0x59, 0x85,
    0xA2, 0x59, 0x83, 0xA2, 0x51, 0x05, 0x81, 0x51, 0xA2, 0x59, 0x41, 0x49, 0xA3, 0x92, 0xC6, 0xFC,
    0xA6, 0xFC, 0x82, 0xC6, 0xFC, 0x84, 0xA6, 0xFC, 0x08, 0xA5, 0xFC, 0xA5, 0xFC, 0xC2, 0x61, 0x60,
    0x18, 0x80, 0x18, 0x60, 0x18, 0x60, 0x18, 0x60, 0x10, 0x60, 0x10, 0x83, 0x40, 0x10, 0x83, 0x40,
    0x08, 0x84, 0x20, 0x08, 0x00, 0x20, 0x00, 0x95, 0x00, 0x00, 0x93, 0x00, 0x00, 0x00, 0x20, 0x00,
    0x84, 0x20, 0x08, 0x82, 0x40, 0x08, 0x01, 0x40, 0x10, 0x40, 0x10, 0x83, 0x60, 0x10, 0x84, 0x80,
    0x18, 0x04, 0xA0, 0x18, 0xE1, 0x28, 0x28, 0xED, 0x89, 0xFD, 0x89, 0xFD, 0x83, 0xA9, 0xFD, 0x84,
    0xAA, 0xFD, 0x05, 0x27, 0xBC, 0xA2, 0x49, 0x03, 0x5A, 0xE3, 0x59, 0x03, 0x5A, 0x03, 0x5A, 0x87,
    0x03, 0x62, 0x88, 0x23, 0x62, 0x8E, 0x23, 0x6A, 0x04, 0x43, 0x6A, 0x03, 0x62, 0xE4, 0x8A, 0x8A,
    0xFD, 0x6A, 0xFD, 0x84, 0x69, 0xFD, 0x82, 0x49, 0xFD, 0x02, 0xC4, 0x8A, 0xE2, 0x61, 0x23, 0x6A,
    0x82, 0x02, 0x6A, 0x00, 0x02, 0x62, 0x89, 0xE2, 0x61, 0x00, 0xC2, 0x61, 0x87, 0xC2, 0x59, 0x86,
    0xA2, 0x59, 0x82, 0xA2, 0x51, 0x08, 0x81, 0x51, 0x81, 0x51, 0xA1, 0x51, 0x41, 0x49, 0x44, 0xB3,
    0xC6, 0xFC, 0xA6, 0xFC, 0xC6, 0xFC, 0xC6, 0xFC, 0x83, 0xA6, 0xFC, 0x82, 0xA5, 0xFC, 0x04, 0x25,
    0xE4, 0xC0, 0x28, 0x80, 0x18, 0x80, 0x18, 0x60, 0x18, 0x82, 0x60, 0x10, 0x83, 0x40, 0x10, 0x82,
    0x40, 0x08, 0x84, 0x20, 0x08, 0x01, 0x20, 0x00, 0x20, 0x00, 0x94, 0x00, 0x00, 0x92, 0x00, 0x00,
    0x01, 0x20, 0x00, 0x20, 0x00, 0x83, 0x20, 0x08, 0x83, 0x40, 0x08, 0x01, 0x40, 0x10, 0x40, 0x10,
    0x83, 0x60, 0x10, 0x83, 0x80, 0x18, 0x04, 0xA0, 0x18, 0x80, 0x18, 0x65, 0x9B, 0x89, 0xFD, 0x89,
    0xFD, 0x84, 0xA9, 0xFD, 0x83, 0xAA, 0xFD, 0x03, 0xE8, 0xE4, 0xE2, 0x59, 0xE2, 0x59, 0xE3, 0x59,
    0x82, 0x03, 0x5A, 0x89, 0x03, 0x62, 0x86, 0x23, 0x62, 0x8E, 0x23, 0x6A, 0x04, 0x43, 0x6A, 0x03,
    0x62, 0xE4, 0x8A, 0x6A, 0xFD, 0x6A, 0xFD, 0x83, 0x69, 0xFD, 0x83, 0x49, 0xFD, 0x02, 0xC4, 0x8A,
    0xE2, 0x61, 0x23, 0x6A, 0x82, 0x02, 0x6A, 0x00, 0x02, 0x62, 0x8A, 0xE2, 0x61, 0x87, 0xC2, 0x59,
    0x87, 0xA2, 0x59, 0x02, 0xA2, 0x51, 0xA2, 0x51, 0x82, 0x51, 0x83, 0x81, 0x51, 0x03, 0x05, 0xDC,
    0xC6, 0xFC, 0xA6, 0xFC, 0xC6, 0xFC, 0x83, 0xA6, 0xFC, 0x83, 0xA5, 0xFC, 0x06, 0xA3, 0x8A, 0x60,
    0x18, 0x80, 0x18, 0x60, 0x18, 0x60, 0x18, 0x60, 0x10, 0x60, 0x10, 0x83, 0x40, 0x10, 0x82, 0x40,
    0x08, 0x85, 0x20, 0x08, 0x00, 0x20, 0x00, 0x94, 0x00, 0x00, 0x92, 0x00, 0x00, 0x01, 0x20, 0x00,
    0x20, 0x00, 0x83, 0x20, 0x08, 0x82, 0x40, 0x08, 0x01, 0x40, 0x10, 0x40, 0x10, 0x83, 0x60, 0x10,
    0x84, 0x80, 0x18, 0x04, 0xA0, 0x18, 0x62, 0x41, 0x68, 0xFD, 0x89, 0xFD, 0x89, 0xFD, 0x85, 0xA9,
    0xFD, 0x0A, 0xAA, 0xFD, 0xAA, 0xFD, 0x8A, 0xFD, 0x84, 0x72, 0xC2, 0x51, 0x03, 0x5A, 0xE3, 0x59,
    0x03, 0x5A, 0xE3, 0x59, 0x03, 0x5A, 0x03, 0x5A, 0x8A, 0x03, 0x62, 0x84, 0x23, 0x62, 0x8E, 0x23,
    0x6A, 0x03, 0x43, 0x6A, 0x03, 0x62, 0xE4, 0x8A, 0x6A, 0xFD, 0x84, 0x69, 0xFD, 0x83, 0x49, 0xFD,
    0x05, 0xC4, 0x8A, 0xE2, 0x61, 0x23, 0x6A, 0x23, 0x6A, 0x03, 0x6A, 0x02, 0x6A, 0x82, 0x02, 0x62,
    0x86, 0xE2, 0x61, 0x82, 0xC2, 0x61, 0x86, 0xC2, 0x59, 0x87, 0xA2, 0x59, 0x08, 0xA2, 0x51, 0xA2,
    0x51, 0x82, 0x51, 0x81, 0x51, 0x81, 0x51, 0xA1, 0x51, 0x61, 0x49, 0x02, 0x6A, 0x86, 0xF4, 0x84,
    0xA6, 0xFC, 0x84, 0xA5, 0xFC, 0x04, 0x65, 0xF4, 0x01, 0x39, 0x80, 0x18, 0x80, 0x18, 0x60, 0x18,
    0x82, 0x60, 0x10, 0x83, 0x40, 0x10, 0x82, 0x40, 0x08, 0x84, 0x20, 0x08, 0x00, 0x20, 0x00, 0x94,
    0x00, 0x00, 0x92, 0x00, 0x00, 0x00, 0x20, 0x00, 0x83, 0x20, 0x08, 0x83, 0x40, 0x08, 0x01, 0x40,
    0x10, 0x40, 0x10, 0x83, 0x60, 0x10, 0x00, 0x60, 0x18, 0x82, 0x80, 0x18, 0x02, 0xA0, 0x18, 0x80,
    0x18, 0xE6, 0xB3, 0x82, 0x89, 0xFD, 0x01, 0xA9, 0xFD, 0x89, 0xFD, 0x83, 0xA9, 0xFD, 0x09, 0x89,
    0xFD, 0xAA, 0xFD, 0xA6, 0xA3, 0xA2, 0x49, 0x03, 0x62, 0xE2, 0x59, 0xE2, 0x59, 0xE3, 0x59, 0xE3,
    0x59, 0x03, 0x5A, 0x8A, 0x03, 0x62, 0x83, 0x23, 0x62, 0x8C, 0x23, 0x6A, 0x07, 0x43, 0x6A, 0x43,
    0x6A, 0x23, 0x6A, 0x23, 0x6A, 0x43, 0x72, 0x03, 0x6A, 0xE4, 0x8A, 0x6A, 0xFD, 0x84, 0x69, 0xFD,
    0x83, 0x49, 0xFD, 0x06, 0xC4, 0x8A, 0xE2, 0x61, 0x23, 0x6A, 0x03, 0x6A, 0x03, 0x6A, 0x02, 0x6A,
    0x02, 0x6A, 0x82, 0x02, 0x62, 0x86, 0xE2, 0x61, 0x82, 0xC2, 0x61, 0x86, 0xC2, 0x59, 0x87, 0xA2,
    0x59, 0x0A, 0xA2, 0x51, 0x82, 0x51, 0x82, 0x51, 0x81, 0x51, 0x81, 0x51, 0xA2, 0x51, 0x41, 0x41,
    0xE3, 0x9A, 0xC6, 0xFC, 0xA6, 0xFC, 0xA6, 0xFC, 0x85, 0xA5, 0xFC, 0x08, 0x85, 0xFC, 0xA5, 0xFC,
    0x03, 0xA3, 0x60, 0x18, 0x80, 0x18, 0x60, 0x18, 0x60, 0x18, 0x60, 0x10, 0x60, 0x10, 0x83, 0x40,
    0x10, 0x82, 0x40, 0x08, 0x84, 0x20, 0x08, 0x01, 0x20, 0x00, 0x20, 0x00, 0x93, 0x00, 0x00, 0x91,
    0x00, 0x00, 0x01, 0x20, 0x00, 0x20, 0x00, 0x83, 0x20, 0x08, 0x82, 0x40, 0x08, 0x01, 0x40, 0x10,
    0x40, 0x10, 0x83, 0x60, 0x10, 0x07, 0x60, 0x18, 0x60, 0x18, 0x80, 0x18, 0x80, 0x18, 0xA0, 0x18,
    0xA0, 0x18, 0x82, 0x49, 0x88, 0xFD, 0x85, 0x89, 0xFD, 0x05, 0xA9, 0xFD, 0xA9, 0xFD, 0x89, 0xFD,
    0xA9, 0xFD, 0xC8, 0xDC, 0xC2, 0x51, 0x83, 0xE2, 0x59, 0x01, 0xE3, 0x59, 0x03, 0x5A, 0x8A, 0x03,
    0x62, 0x84, 0x23, 0x62, 0x89, 0x23, 0x6A, 0x83, 0x43, 0x6A, 0x05, 0x23, 0x6A, 0x43, 0x6A, 0x43,
    0x6A, 0x43, 0x72, 0x03, 0x6A, 0xE4, 0x8A, 0x84, 0x69, 0xFD, 0x84, 0x49, 0xFD, 0x04, 0xC4, 0x8A,
    0x02, 0x62, 0x23, 0x6A, 0x23, 0x6A, 0x03, 0x6A, 0x82, 0x02, 0x6A, 0x82, 0x02, 0x62, 0x86, 0xE2,
    0x61, 0x01, 0xC2, 0x61, 0xC2, 0x61, 0x86, 0xC2, 0x59, 0x87, 0xA2, 0x59, 0x83, 0x82, 0x51, 0x82,
    0x81, 0x51, 0x02, 0x61, 0x51, 0xE5, 0xD3, 0xA6, 0xFC, 0x87, 0xA5, 0xFC, 0x08, 0x85, 0xFC, 0x85,
    0xFC, 0x21, 0x41, 0x80, 0x18, 0x80, 0x18, 0x60, 0x18, 0x60, 0x18, 0x60, 0x10, 0x60, 0x10, 0x83,
    0x40, 0x10, 0x82, 0x40, 0x08, 0x84, 0x20, 0x08, 0x00, 0x20, 0x00, 0x93, 0x00, 0x00, 0x91, 0x00,
    0x00, 0x00, 0x20, 0x00, 0x83, 0x20, 0x08, 0x83, 0x40, 0x08, 0x01, 0x40, 0x10, 0x40, 0x10, 0x83,
    0x60, 0x10, 0x00, 0x60, 0x18, 0x82, 0x80, 0x18, 0x04, 0xA0, 0x18, 0x80, 0x18, 0xE6, 0xB3, 0x88,
    0xFD, 0x88, 0xFD, 0x88, 0x89, 0xFD, 0x04, 0xA4, 0x7A, 0xC2, 0x51, 0xE3, 0x59, 0xE2, 0x59, 0xE2,
    0x59, 0x82, 0xE3, 0x59, 0x8A, 0x03, 0x62, 0x85, 0x23, 0x62, 0x89, 0x23, 0x6A, 0x02, 0x43, 0x6A,
    0x43, 0x6A, 0x23, 0x6A, 0x83, 0x43, 0x72, 0x01, 0x03, 0x6A, 0xE4, 0x8A, 0x83, 0x69, 0xFD, 0x85,
    0x49, 0xFD, 0x04, 0xC4, 0x8A, 0x02, 0x62, 0x23, 0x6A, 0x23, 0x6A, 0x22, 0x6A, 0x83, 0x02, 0x6A,
    0x01, 0x02, 0x62, 0x02, 0x62, 0x87, 0xE2, 0x61, 0x00, 0xC2, 0x61, 0x87, 0xC2, 0x59, 0x86, 0xA2,
    0x59, 0x83, 0x82, 0x51, 0x82, 0x81, 0x51, 0x01, 0x61, 0x49, 0x02, 0x72, 0x88, 0xA5, 0xFC, 0x08,
    0x85, 0xFC, 0xA5, 0xFC, 0x23, 0xAB, 0x80, 0x18, 0x80, 0x18, 0x60, 0x18, 0x60, 0x18, 0x60, 0x10,
    0x60, 0x10, 0x83, 0x40, 0x10, 0x82, 0x40, 0x08, 0x84, 0x20, 0x08, 0x01, 0x20, 0x00, 0x20, 0x00,
    0x92, 0x00, 0x00, 0x90, 0x00, 0x00, 0x01, 0x20, 0x00, 0x20, 0x00, 0x83, 0x20, 0x08, 0x83, 0x40,
    0x08, 0x01, 0x40, 0x10, 0x40, 0x10, 0x82, 0x60, 0x10, 0x01, 0x60, 0x18, 0x60, 0x18, 0x82, 0x80,
    0x18, 0x04, 0xA0, 0x18, 0x62, 0x41, 0x68, 0xFD, 0x88, 0xFD, 0x88, 0xFD, 0x87, 0x89, 0xFD, 0x04,
    0x26, 0xBC, 0xA2, 0x49, 0xE3, 0x59, 0xE2, 0x59, 0xE2, 0x59, 0x83, 0xE3, 0x59, 0x01, 0x03, 0x5A,
    0x03, 0x5A, 0x87, 0x03, 0x62, 0x85, 0x23, 0x62, 0x89, 0x23, 0x6A, 0x02, 0x43, 0x6A, 0x43, 0x6A,
    0x23, 0x6A, 0x84, 0x43, 0x72, 0x01, 0x03, 0x6A, 0xE4, 0x92, 0x82, 0x69, 0xFD, 0x85, 0x49, 0xFD,
    0x02, 0x48, 0xFD, 0xC4, 0x8A, 0x02, 0x62, 0x82, 0x23, 0x6A, 0x00, 0x22, 0x6A, 0x83, 0x02, 0x6A,
    0x88, 0xE2, 0x61, 0x01, 0xC2, 0x61, 0xC2, 0x61, 0x85, 0xC2, 0x59, 0x87, 0xA2, 0x59, 0x84, 0x82,
    0x51, 0x82, 0x81, 0x51, 0x01, 0x41, 0x49, 0x44, 0xB3, 0x87, 0xA5, 0xFC, 0x82, 0x85, 0xFC, 0x03,
    0x01, 0x39, 0x80, 0x18, 0x80, 0x18, 0x60, 0x18, 0x82, 0x60, 0x10, 0x82, 0x40, 0x10, 0x82, 0x40,
    0x08, 0x84, 0x20, 0x08, 0x01, 0x20, 0x00, 0x20, 0x00, 0x92, 0x00, 0x00, 0x90, 0x00, 0x00, 0x01,
    0x20, 0x00, 0x20, 0x00, 0x83, 0x20, 0x08, 0x82, 0x40, 0x08, 0x01, 0x40, 0x10, 0x40, 0x10, 0x83,
    0x60, 0x10, 0x00, 0x60, 0x18, 0x82, 0x80, 0x18, 0x05, 0xA0, 0x18, 0x80, 0x18, 0xA5, 0xAB, 0x88,
    0xFD, 0x68, 0xFD, 0x88, 0xFD, 0x86, 0x89, 0xFD, 0x02, 0x49, 0xF5, 0x23, 0x6A, 0xC2, 0x51, 0x82,
    0xE2, 0x59, 0x84, 0xE3, 0x59, 0x00, 0x03, 0x5A, 0x87, 0x03, 0x62, 0x85, 0x23, 0x62, 0x88, 0x23,
    0x6A, 0x82, 0x43, 0x6A, 0x85, 0x43, 0x72, 0x02, 0x23, 0x6A, 0xE4, 0x92, 0x69, 0xFD, 0x87, 0x49,
    0xFD, 0x03, 0x48, 0xFD, 0xC4, 0x8A, 0x02, 0x6A, 0x23, 0x72, 0x82, 0x23, 0x6A, 0x00, 0x22, 0x6A,
    0x84, 0x02, 0x6A, 0x87, 0xE2, 0x61, 0x01, 0xC2, 0x61, 0xC2, 0x61, 0x83, 0xC2, 0x59, 0x01, 0xA2,
    0x59, 0xC2, 0x59, 0x87, 0xA2, 0x59, 0x09, 0x82, 0x51, 0x82, 0x51, 0xA2, 0x51, 0x82, 0x51, 0x82,
    0x51, 0x81, 0x51, 0x81, 0x51, 0x61, 0x51, 0xC2, 0x61, 0x65, 0xF4, 0x87, 0xA5, 0xFC, 0x08, 0x85,
    0xFC, 0x85, 0xFC, 0xC3, 0x9A, 0x80, 0x18, 0x80, 0x18, 0x60, 0x18, 0x60, 0x18, 0x60, 0x10, 0x60,
    0x10, 0x83, 0x40, 0x10, 0x82, 0x40, 0x08, 0x84, 0x20, 0x08, 0x00, 0x20, 0x00, 0x92, 0x00, 0x00,
    0x90, 0x00, 0x00, 0x00, 0x20, 0x00, 0x83, 0x20, 0x08, 0x83, 0x40, 0x08, 0x01, 0x40, 0x10, 0x40,
    0x10, 0x83, 0x60, 0x10, 0x00, 0x60, 0x18, 0x83, 0x80, 0x18, 0x01, 0x01, 0x31, 0x28, 0xF5, 0x83,
    0x88, 0xFD, 0x85, 0x89, 0xFD, 0x04, 0xA6, 0xAB, 0x82, 0x49, 0xE3, 0x59, 0xE2, 0x59, 0xE2, 0x59,
    0x84, 0xE3, 0x59, 0x01, 0x03, 0x5A, 0x03, 0x5A, 0x8B, 0x03, 0x62, 0x00, 0x23, 0x62, 0x89, 0x23,
    0x6A, 0x01, 0x43, 0x6A, 0x43, 0x6A, 0x86, 0x43, 0x72, 0x01, 0x23, 0x6A, 0xE4, 0x92, 0x87, 0x49,
    0xFD, 0x04, 0x48, 0xFD, 0x28, 0xFD, 0xC4, 0x92, 0x02, 0x6A, 0x23, 0x72, 0x83, 0x23, 0x6A, 0x00,
    0x03, 0x6A, 0x84, 0x02, 0x6A, 0x86, 0xE2, 0x61, 0x82, 0xC2, 0x61, 0x82, 0xC2, 0x59, 0x02, 0xA2,
    0x59, 0xC2, 0x59, 0xC2, 0x59, 0x86, 0xA2, 0x59, 0x02, 0x82, 0x51, 0xA2, 0x59, 0xA2, 0x51, 0x83,
    0x82, 0x51, 0x04, 0x81, 0x59, 0x41, 0x49, 0xE3, 0xA2, 0xA5, 0xFC, 0x85, 0xFC, 0x84, 0xA5, 0xFC,
    0x82, 0x85, 0xFC, 0x01, 0x45, 0xEC, 0xC1, 0x28, 0x82, 0x60, 0x18, 0x01, 0x60, 0x10, 0x60, 0x10,
    0x83, 0x40, 0x10, 0x82, 0x40, 0x08, 0x84, 0x20, 0x08, 0x01, 0x20, 0x00, 0x20, 0x00, 0x91, 0x00,
    0x00, 0x90, 0x00, 0x00, 0x00, 0x20, 0x00, 0x83, 0x20, 0x08, 0x83, 0x40, 0x08, 0x00, 0x40, 0x10,
    0x83, 0x60, 0x10, 0x00, 0x60, 0x18, 0x82, 0x80, 0x18, 0x04, 0xA0, 0x20, 0x80, 0x18, 0xE4, 0x82,
    0x88, 0xFD, 0x68, 0xFD, 0x82, 0x88, 0xFD, 0x84, 0x89, 0xFD, 0x02, 0x28, 0xED, 0x03, 0x62, 0xC2,
    0x59, 0x82, 0xE2, 0x59, 0x84, 0xE3, 0x59, 0x00, 0x03, 0x5A, 0x8B, 0x03, 0x62, 0x00, 0x23, 0x62,
    0x8B, 0x23, 0x6A, 0x87, 0x43, 0x72, 0x01, 0x23, 0x6A, 0xE4, 0x92, 0x87, 0x49, 0xFD, 0x05, 0x48,
    0xFD, 0x28, 0xFD, 0xE4, 0x92, 0x02, 0x6A, 0x43, 0x72, 0x23, 0x72, 0x83, 0x23, 0x6A, 0x00, 0x03,
    0x6A, 0x84, 0x02, 0x6A, 0x86, 0xE2, 0x61, 0x01, 0xC2, 0x61, 0xC2, 0x61, 0x85, 0xC2, 0x59, 0x88,
    0xA2, 0x59, 0x00, 0xA2, 0x51, 0x84, 0x82, 0x51, 0x02, 0x61, 0x51, 0xA2, 0x59, 0x45, 0xEC, 0x83,
    0xA5, 0xFC, 0x85, 0x85, 0xFC, 0x06, 0x22, 0x7A, 0x60, 0x18, 0x80, 0x18, 0x60, 0x18, 0x60, 0x18,
    0x60, 0x10, 0x60, 0x10, 0x83, 0x40, 0x10, 0x01, 0x40, 0x08, 0x40, 0x08, 0x85, 0x20, 0x08, 0x00,
    0x20, 0x00, 0x91, 0x00, 0x00, 0x8F, 0x00, 0x00, 0x01, 0x20, 0x00, 0x20, 0x00, 0x83, 0x20, 0x08,
    0x82, 0x40, 0x08, 0x01, 0x40, 0x10, 0x40, 0x10, 0x83, 0x60, 0x10, 0x00, 0x60, 0x18, 0x82, 0x80,
    0x18, 0x04, 0xA0, 0x18, 0xA0, 0x20, 0xA7, 0xDC, 0x88, 0xFD, 0x68, 0xFD, 0x83, 0x88, 0xFD, 0x08,
    0x89, 0xFD, 0x89, 0xFD, 0x69, 0xFD, 0x89, 0xFD, 0x85, 0xAB, 0x82, 0x49, 0xE3, 0x59, 0xE2, 0x59,
    0xE2, 0x59, 0x85, 0xE3, 0x59, 0x03, 0x03, 0x5A, 0x03, 0x62, 0x03, 0x62, 0xE3, 0x61, 0x87, 0x03,
    0x62, 0x02, 0x23, 0x62, 0x03, 0x62, 0x03, 0x62, 0x89, 0x23, 0x6A, 0x88, 0x43, 0x72, 0x01, 0x23,
    0x6A, 0xE4, 0x92, 0x86, 0x49, 0xFD, 0x07, 0x48, 0xFD, 0x28, 0xFD, 0x28, 0xFD, 0xE4, 0x92, 0x02,
    0x6A, 0x43, 0x72, 0x23, 0x72, 0x23, 0x72, 0x82, 0x23, 0x6A, 0x85, 0x02, 0x6A, 0x87, 0xE2, 0x61,
    0x01, 0xC2, 0x61, 0xC2, 0x61, 0x85, 0xC2, 0x59, 0x87, 0xA2, 0x59, 0x85, 0x82, 0x51, 0x03, 0x82,
    0x59, 0x41, 0x41, 0xE3, 0xA2, 0xA5, 0xFC, 0x88, 0x85, 0xFC, 0x06, 0xC4, 0xD3, 0x80, 0x18, 0x80,
    0x18, 0x60, 0x18, 0x60, 0x18, 0x60, 0x10, 0x60, 0x10, 0x83, 0x40, 0x10, 0x01, 0x40, 0x08, 0x40,
    0x08, 0x85, 0x20, 0x08, 0x00, 0x20, 0x00, 0x91, 0x00, 0x00, 0x8F, 0x00, 0x00, 0x00, 0x20, 0x00,
    0x83, 0x20, 0x08, 0x83, 0x40, 0x08, 0x01, 0x40, 0x10, 0x40, 0x10, 0x83, 0x60, 0x10, 0x06, 0x60,
    0x18, 0x80, 0x18, 0x80, 0x18, 0xA0, 0x18, 0x80, 0x18, 0xC2, 0x51, 0x88, 0xFD, 0x82, 0x68, 0xFD,
    0x08, 0x88, 0xFD, 0x88, 0xFD, 0x68, 0xFD, 0x68, 0xFD, 0x69, 0xFD, 0x89, 0xFD, 0x48, 0xF5, 0x23,
    0x62, 0xC2, 0x51, 0x82, 0xE2, 0x59, 0x85, 0xE3, 0x59, 0x02, 0xE3, 0x61, 0x03, 0x62, 0xE3, 0x61,
    0x8B, 0x03, 0x62, 0x00, 0x03, 0x6A, 0x86, 0x23, 0x6A, 0x00, 0x43, 0x6A, 0x89, 0x43, 0x72, 0x01,
    0x23, 0x6A, 0x04, 0x93, 0x85, 0x49, 0xFD, 0x83, 0x28, 0xFD, 0x01, 0xE4, 0x92, 0x02, 0x6A, 0x83,
    0x23, 0x72, 0x00, 0x23, 0x6A, 0x85, 0x02, 0x6A, 0x01, 0xE2, 0x69, 0xE2, 0x69, 0x86, 0xE2, 0x61,
    0x83, 0xC2, 0x61, 0x83, 0xC2, 0x59, 0x85, 0xA2, 0x59, 0x82, 0x82, 0x59, 0x85, 0x82, 0x51, 0x02,
    0x61, 0x51, 0xA2, 0x61, 0x65, 0xF4, 0x89, 0x85, 0xFC, 0x06, 0x61, 0x49, 0x60, 0x18, 0x80, 0x18,
    0x60, 0x18, 0x60, 0x18, 0x60, 0x10, 0x60, 0x10, 0x82, 0x40, 0x10, 0x82, 0x40, 0x08, 0x84, 0x20,
    0x08, 0x01, 0x20, 0x00, 0x20, 0x00, 0x90, 0x00, 0x00, 0x8F, 0x00, 0x00, 0x00, 0x20, 0x00, 0x83,
    0x20, 0x08, 0x83, 0x40, 0x08, 0x00, 0x40, 0x10, 0x83, 0x60, 0x10, 0x00, 0x60, 0x18, 0x82, 0x80,
    0x18, 0x02, 0xA0, 0x18, 0x80, 0x18, 0x85, 0xA3, 0x88, 0x68, 0xFD, 0x02, 0x89, 0xFD, 0xE6, 0xBB,
    0x82, 0x49, 0x85, 0xE2, 0x59, 0x84, 0xE3, 0x59, 0x01, 0xE3, 0x61, 0xE3, 0x61, 0x8A, 0x03, 0x62,
    0x00, 0x03, 0x6A, 0x86, 0x23, 0x6A, 0x01, 0x43, 0x6A, 0x23, 0x72, 0x88, 0x43, 0x72, 0x02, 0x63,
    0x7A, 0x23, 0x72, 0x04, 0x93, 0x83, 0x49, 0xFD, 0x85, 0x28, 0xFD, 0x02, 0xC4, 0x92, 0x02, 0x6A,
    0x43, 0x72, 0x83, 0x23, 0x72, 0x86, 0x02, 0x6A, 0x00, 0xE2, 0x69, 0x86, 0xE2, 0x61, 0x83, 0xC2,
    0x61, 0x84, 0xC2, 0x59, 0x85, 0xA2, 0x59, 0x01, 0x82, 0x59, 0x82, 0x59, 0x86, 0x82, 0x51, 0x01,
    0x41, 0x49, 0x24, 0xB3, 0x89, 0x85, 0xFC, 0x06, 0xC3, 0x9A, 0x60, 0x18, 0x80, 0x18, 0x60, 0x18,
    0x60, 0x18, 0x60, 0x10, 0x60, 0x10, 0x83, 0x40, 0x10, 0x01, 0x40, 0x08, 0x40, 0x08, 0x84, 0x20,
    0x08, 0x01, 0x20, 0x00, 0x20, 0x00, 0x90, 0x00, 0x00, 0x8E, 0x00, 0x00, 0x01, 0x20, 0x00, 0x20,
    0x00, 0x83, 0x20, 0x08, 0x83, 0x40, 0x08, 0x00, 0x40, 0x10, 0x83, 0x60, 0x10, 0x00, 0x60, 0x18,
    0x83, 0x80, 0x18, 0x01, 0xC1, 0x20, 0xE7, 0xEC, 0x89, 0x68, 0xFD, 0x01, 0x63, 0x72, 0xA2, 0x51,
    0x86, 0xE2, 0x59, 0x82, 0xE3, 0x59, 0x85, 0xE3, 0x61, 0x86, 0x03, 0x62, 0x00, 0x03, 0x6A, 0x87,
    0x23, 0x6A, 0x82, 0x23, 0x72, 0x87, 0x43, 0x72, 0x02, 0x63, 0x7A, 0x43, 0x72, 0x04, 0x93, 0x82,
    0x49, 0xFD, 0x86, 0x28, 0xFD, 0x02, 0xE4, 0x92, 0x22, 0x6A, 0x43, 0x72, 0x83, 0x23, 0x72, 0x00,
    0x22, 0x72, 0x86, 0x02, 0x6A, 0x00, 0xE2, 0x69, 0x84, 0xE2, 0x61, 0x85, 0xC2, 0x61, 0x83, 0xC2,
    0x59, 0x85, 0xA2, 0x59, 0x82, 0x82, 0x59, 0x85, 0x82, 0x51, 0x01, 0x61, 0x49, 0x02, 0x72, 0x89,
    0x85, 0xFC, 0x01, 0x05, 0xE4, 0x80, 0x20, 0x82, 0x60, 0x18, 0x01, 0x60, 0x10, 0x60, 0x10, 0x83,
    0x40, 0x10, 0x01, 0x40, 0x08, 0x40, 0x08, 0x85, 0x20, 0x08, 0x00, 0x20, 0x00, 0x90, 0x00, 0x00,
    0x8E, 0x00, 0x00, 0x01, 0x20, 0x00, 0x20, 0x00, 0x82, 0x20, 0x08, 0x83, 0x40, 0x08, 0x01, 0x40,
    0x10, 0x40, 0x10, 0x83, 0x60, 0x10, 0x05, 0x60, 0x18, 0x80, 0x18, 0x80, 0x18, 0xA0, 0x18, 0x80,
    0x18, 0xE2, 0x59, 0x89, 0x68, 0xFD, 0x03, 0x87, 0xD4, 0xA2, 0x51, 0xE2, 0x59, 0xC2, 0x59, 0x87,
    0xE2, 0x59, 0x00, 0xE3, 0x59, 0x84, 0xE3, 0x61, 0x88, 0x03, 0x62, 0x00, 0x03, 0x6A, 0x87, 0x23,
    0x6A, 0x01, 0x23, 0x72, 0x23, 0x72, 0x87, 0x43, 0x72, 0x03, 0x63, 0x7A, 0x43, 0x72, 0x04, 0x93,
    0x49, 0xFD, 0x88, 0x28, 0xFD, 0x03, 0xE4, 0x92, 0x22, 0x72, 0x43, 0x72, 0x43, 0x72, 0x83, 0x23,
    0x72, 0x00, 0x22, 0x72, 0x85, 0x02, 0x6A, 0x00, 0xE2, 0x69, 0x84, 0xE2, 0x61, 0x85, 0xC2, 0x61,
    0x83, 0xC2, 0x59, 0x85, 0xA2, 0x59, 0x82, 0x82, 0x59, 0x86, 0x82, 0x51, 0x01, 0x61, 0x49, 0xC4,
    0xD3, 0x89, 0x85, 0xFC, 0x06, 0x81, 0x51, 0x60, 0x18, 0x80, 0x18, 0x60, 0x18, 0x60, 0x18, 0x60,
    0x10, 0x60, 0x10, 0x82, 0x40, 0x10, 0x01, 0x40, 0x08, 0x40, 0x08, 0x85, 0x20, 0x08, 0x00, 0x20,
    0x00, 0x90, 0x00, 0x00, 0x8E, 0x00, 0x00, 0x01, 0x20, 0x00, 0x20, 0x00, 0x82, 0x20, 0x08, 0x83,
    0x40, 0x08, 0x00, 0x40, 0x10, 0x83, 0x60, 0x10, 0x00, 0x60, 0x18, 0x82, 0x80, 0x18, 0x04, 0xA0,
    0x18, 0x80, 0x18, 0x65, 0xA3, 0x68, 0xFD, 0x47, 0xFD, 0x87, 0x68, 0xFD, 0x03, 0x25, 0x9B, 0x82,
    0x49, 0xE2, 0x59, 0xC2, 0x59, 0x88, 0xE2, 0x59, 0x00, 0xE3, 0x59, 0x83, 0xE3, 0x61, 0x88, 0x03,
    0x62, 0x82, 0x03, 0x6A, 0x84, 0x23, 0x6A, 0x01, 0x23, 0x72, 0x23, 0x72, 0x86, 0x43, 0x72, 0x04,
    0x43, 0x7A, 0x43, 0x7A, 0x63, 0x7A, 0x43, 0x72, 0x04, 0x93, 0x89, 0x28, 0xFD, 0x04, 0xE4, 0x92,
    0x22, 0x72, 0x43, 0x7A, 0x43, 0x72, 0x43, 0x72, 0x83, 0x23, 0x72, 0x00, 0x02, 0x72, 0x85, 0x02,
    0x6A, 0x00, 0xE2, 0x69, 0x83, 0xE2, 0x61, 0x85, 0xC2, 0x61, 0x82, 0xC2, 0x59, 0x87, 0xA2, 0x59,
    0x01, 0x82, 0x59, 0x82, 0x59, 0x86, 0x82, 0x51, 0x01, 0x41, 0x49, 0xA3, 0x92, 0x87, 0x85, 0xFC,
    0x08, 0x65, 0xFC, 0x85, 0xFC, 0xA3, 0x9A, 0x60, 0x18, 0x80, 0x18, 0x60, 0x18, 0x60, 0x18, 0x60,
    0x10, 0x60, 0x10, 0x83, 0x40, 0x10, 0x00, 0x40, 0x08, 0x85, 0x20, 0x08, 0x01, 0x20, 0x00, 0x20,
    0x00, 0x8F, 0x00, 0x00, 0x8E, 0x00, 0x00, 0x00, 0x20, 0x00, 0x83, 0x20, 0x08, 0x83, 0x40, 0x08,
    0x00, 0x40, 0x10, 0x83, 0x60, 0x10, 0x00, 0x60, 0x18, 0x82, 0x80, 0x18, 0x02, 0xA0, 0x18, 0xA0,
    0x20, 0xA6, 0xDC, 0x88, 0x68, 0xFD, 0x04, 0x28, 0xF5, 0x23, 0x6A, 0xA2, 0x51, 0xC2, 0x59, 0xC2,
    0x59, 0x87, 0xE2, 0x59, 0x01, 0xE3, 0x59, 0xE3, 0x59, 0x82, 0xE3, 0x61, 0x89, 0x03, 0x62, 0x82,
    0x03, 0x6A, 0x83, 0x23, 0x6A, 0x01, 0x23, 0x72, 0x23, 0x72, 0x86, 0x43, 0x72, 0x82, 0x43, 0x7A,
    0x02, 0x63, 0x7A, 0x23, 0x72, 0x04, 0x9B, 0x88, 0x28, 0xFD, 0x04, 0x08, 0xFD, 0xE4, 0x92, 0x22,
    0x72, 0x43, 0x7A, 0x43, 0x72, 0x84, 0x23, 0x72, 0x01, 0x22, 0x72, 0x02, 0x72, 0x84, 0x02, 0x6A,
    0x00, 0xE2, 0x69, 0x83, 0xE2, 0x61, 0x86, 0xC2, 0x61, 0x01, 0xC2, 0x59, 0xC2, 0x59, 0x87, 0xA2,
    0x59, 0x83, 0x82, 0x59, 0x84, 0x82, 0x51, 0x02, 0x61, 0x51, 0xC2, 0x61, 0x65, 0xF4, 0x86, 0x85,
    0xFC, 0x08, 0x65, 0xFC, 0x85, 0xFC, 0xC4, 0xD3, 0x80, 0x18, 0x80, 0x18, 0x60, 0x18, 0x60, 0x18,
    0x60, 0x10, 0x60, 0x10, 0x83, 0x40, 0x10, 0x01, 0x40, 0x08, 0x40, 0x08, 0x84, 0x20, 0x08, 0x01,
    0x20, 0x00, 0x20, 0x00, 0x8F, 0x00, 0x00, 0x8D, 0x00, 0x00, 0x01, 0x20, 0x00, 0x20, 0x00, 0x83,
    0x20, 0x08, 0x83, 0x40, 0x08, 0x00, 0x40, 0x10, 0x83, 0x60, 0x10, 0x00, 0x60, 0x18, 0x83, 0x80,
    0x18, 0x02, 0x61, 0x41, 0x47, 0xFD, 0x48, 0xFD, 0x85, 0x68, 0xFD, 0x03, 0x48, 0xFD, 0x68, 0xFD,
    0x46, 0xCC, 0x82, 0x49, 0x82, 0xC2, 0x59, 0x87, 0xE2, 0x59, 0x04, 0xE3, 0x59, 0xE3, 0x59, 0xE3,
    0x61, 0xE2, 0x61, 0xE2, 0x61, 0x88, 0x03, 0x62, 0x83, 0x03, 0x6A, 0x84, 0x23, 0x6A, 0x01, 0x43,
    0x72, 0x23, 0x72, 0x84, 0x43, 0x72, 0x82, 0x43, 0x7A, 0x03, 0x63, 0x7A, 0x63, 0x7A, 0x43, 0x72,
    0x04, 0x9B, 0x87, 0x28, 0xFD, 0x06, 0x08, 0xFD, 0x08, 0xFD, 0xE4, 0x92, 0x22, 0x72, 0x43, 0x7A,
    0x43, 0x72, 0x43, 0x72, 0x84, 0x23, 0x72, 0x00, 0x22, 0x72, 0x85, 0x02, 0x6A, 0x00, 0xE2, 0x69,
    0x82, 0xE2, 0x61, 0x86, 0xC2, 0x61, 0x82, 0xC2, 0x59, 0x86, 0xA2, 0x59, 0x83, 0x82, 0x59, 0x85,
    0x82, 0x51, 0x01, 0x41, 0x49, 0x84, 0xC3, 0x88, 0x85, 0xFC, 0x01, 0x65, 0xFC, 0x01, 0x41, 0x82,
    0x60, 0x18, 0x82, 0x60, 0x10, 0x82, 0x40, 0x10, 0x01, 0x40, 0x08, 0x40, 0x08, 0x85, 0x20, 0x08,
    0x00, 0x20, 0x00, 0x8F, 0x00, 0x00, 0x8D, 0x00, 0x00, 0x01, 0x20, 0x00, 0x20, 0x00, 0x82, 0x20,
    0x08, 0x84, 0x40, 0x08, 0x00, 0x40, 0x10, 0x83, 0x60, 0x10, 0x82, 0x80, 0x18, 0x04, 0xA0, 0x18,
    0x80, 0x18, 0x83, 0x7A, 0x67, 0xFD, 0x47, 0xFD, 0x85, 0x68, 0xFD, 0x06, 0x48, 0xFD, 0x68, 0xFD,
    0x24, 0x93, 0x82, 0x49, 0xE2, 0x59, 0xC2, 0x59, 0xC2, 0x59, 0x87, 0xE2, 0x59, 0x06, 0xE3, 0x59,
    0xE3, 0x59, 0xE3, 0x61, 0xE2, 0x61, 0xE2, 0x61, 0x03, 0x62, 0xE3, 0x61, 0x87, 0x03, 0x62, 0x01,
    0x03, 0x6A, 0x03, 0x6A, 0x85, 0x23, 0x6A, 0x01, 0x23, 0x72, 0x23, 0x72, 0x84, 0x43, 0x72, 0x01,
    0x43, 0x7A, 0x43, 0x7A, 0x82, 0x63, 0x7A, 0x01, 0x43, 0x72, 0x04, 0x9B, 0x85, 0x28, 0xFD, 0x83,
    0x08, 0xFD, 0x05, 0xE4, 0x92, 0x23, 0x72, 0x43, 0x7A, 0x43, 0x7A, 0x43, 0x72, 0x43, 0x72, 0x83,
    0x23, 0x72, 0x00, 0x02, 0x72, 0x85, 0x02, 0x6A, 0x01, 0xE2, 0x69, 0xE2, 0x69, 0x82, 0xE2, 0x61,
    0x86, 0xC2, 0x61, 0x00, 0xC2, 0x59, 0x89, 0xA2, 0x59, 0x01, 0x82, 0x59, 0x82, 0x59, 0x85, 0x82,
    0x51, 0x01, 0x41, 0x49, 0x83, 0x92, 0x87, 0x85, 0xFC, 0x05, 0x65, 0xFC, 0x65, 0xFC, 0x02, 0x72,
    0x60, 0x18, 0x80, 0x18, 0x60, 0x18, 0x82, 0x60, 0x10, 0x82, 0x40, 0x10, 0x01, 0x40, 0x08, 0x40,
    0x08, 0x85, 0x20, 0x08, 0x00, 0x20, 0x00, 0x8F, 0x00, 0x00, 0x8D, 0x00, 0x00, 0x01, 0x20, 0x00,
    0x20, 0x00, 0x82, 0x20, 0x08, 0x84, 0x40, 0x08, 0x00, 0x40, 0x10, 0x83, 0x60, 0x10, 0x82, 0x80,
    0x18, 0x06, 0xA0, 0x18, 0x80, 0x18, 0xA5, 0xB3, 0x67, 0xFD, 0x47, 0xFD, 0x47, 0xFD, 0x48, 0xFD,
    0x82, 0x68, 0xFD, 0x82, 0x48, 0xFD, 0x01, 0x23, 0x6A, 0xA2, 0x51, 0x82, 0xC2, 0x59, 0x88, 0xE2,
    0x59, 0x06, 0xE3, 0x61, 0xE2, 0x61, 0xE2, 0x61, 0x03, 0x62, 0xE3, 0x61, 0x03, 0x62, 0xE3, 0x61,
    0x85, 0x03, 0x62, 0x82, 0x03, 0x6A, 0x84, 0x23, 0x6A, 0x82, 0x23, 0x72, 0x83, 0x43, 0x72, 0x00,
    0x43, 0x7A, 0x84, 0x63, 0x7A, 0x01, 0x43, 0x72, 0x04, 0x9B, 0x83, 0x28, 0xFD, 0x84, 0x08, 0xFD,
    0x02, 0x07, 0xFD, 0xE4, 0x92, 0x23, 0x72, 0x82, 0x43, 0x7A, 0x06, 0x43, 0x72, 0x43, 0x72, 0x23,
    0x72, 0x23, 0x72, 0x22, 0x72, 0x22, 0x72, 0x02, 0x72, 0x84, 0x02, 0x6A, 0x01, 0xE2, 0x69, 0xE2,
    0x69, 0x82, 0xE2, 0x61, 0x87, 0xC2, 0x61, 0x89, 0xA2, 0x59, 0x01, 0x82, 0x59, 0x82, 0x59, 0x85,
    0x82, 0x51, 0x02, 0x61, 0x49, 0xC2, 0x69, 0x65, 0xFC, 0x86, 0x85, 0xFC, 0x05, 0x65, 0xFC, 0x65,
    0xFC, 0x03, 0xAB, 0x60, 0x18, 0x80, 0x18, 0x60, 0x18, 0x82, 0x60, 0x10, 0x82, 0x40, 0x10, 0x01,
    0x40, 0x08, 0x40, 0x08, 0x85, 0x20, 0x08, 0x01, 0x20, 0x00, 0x20, 0x00, 0x8E, 0x00, 0x00, 0x8D,
    0x00, 0x00, 0x01, 0x20, 0x00, 0x20, 0x00, 0x82, 0x20, 0x08, 0x83, 0x40, 0x08, 0x00, 0x40, 0x10,
    0x84, 0x60, 0x10, 0x83, 0x80, 0x18, 0x01, 0xA0, 0x20, 0x86, 0xDC, 0x83, 0x47, 0xFD, 0x84, 0x48,
    0xFD, 0x01, 0xA7, 0xDC, 0xA2, 0x51, 0x85, 0xC2, 0x59, 0x88, 0xE2, 0x59, 0x00, 0xE2, 0x61, 0x84,
    0xE3, 0x61, 0x84, 0x03, 0x62, 0x03, 0x03, 0x6A, 0x03, 0x6A, 0x23, 0x6A, 0x03, 0x6A, 0x84, 0x23,
    0x6A, 0x01, 0x23, 0x72, 0x23, 0x72, 0x82, 0x43, 0x72, 0x01, 0x43, 0x7A, 0x43, 0x7A, 0x84, 0x63,
    0x7A, 0x01, 0x43, 0x7A, 0x04, 0x9B, 0x82, 0x28, 0xFD, 0x84, 0x08, 0xFD, 0x03, 0x07, 0xFD, 0x07,
    0xFD, 0xE4, 0x92, 0x23, 0x72, 0x82, 0x43, 0x7A, 0x06, 0x43, 0x72, 0x43, 0x72, 0x23, 0x72, 0x22,
    0x72, 0x22, 0x72, 0x02, 0x72, 0x02, 0x72, 0x85, 0x02, 0x6A, 0x00, 0xE2, 0x69, 0x82, 0xE2, 0x61,
    0x86, 0xC2, 0x61, 0x8A, 0xA2, 0x59, 0x01, 0x82, 0x59, 0x82, 0x59, 0x86, 0x82, 0x51, 0x03, 0x61,
    0x51, 0xC4, 0xDB, 0x85, 0xFC, 0x65, 0xFC, 0x82, 0x85, 0xFC, 0x83, 0x65, 0xFC, 0x03, 0xC4, 0xDB,
    0x80, 0x18, 0x60, 0x18, 0x60, 0x18, 0x82, 0x60, 0x10, 0x83, 0x40, 0x10, 0x00, 0x40, 0x08, 0x85,
    0x20, 0x08, 0x01, 0x20, 0x00, 0x20, 0x00, 0x8E, 0x00, 0x00, 0x8D, 0x00, 0x00, 0x01, 0x20, 0x00,
    0x20, 0x00, 0x82, 0x20, 0x08, 0x83, 0x40, 0x08, 0x00, 0x40, 0x10, 0x84, 0x60, 0x10, 0x83, 0x80,
    0x18, 0x01, 0x21, 0x39, 0x27, 0xFD, 0x84, 0x47, 0xFD, 0x83, 0x48, 0xFD, 0x01, 0xC5, 0xB3, 0x82,
    0x49, 0x86, 0xC2, 0x59, 0x87, 0xE2, 0x59, 0x83, 0xE2, 0x61, 0x01, 0xE3, 0x61, 0xE3, 0x61, 0x84,
    0x03, 0x62, 0x83, 0x03, 0x6A, 0x83, 0x23, 0x6A, 0x82, 0x23, 0x72, 0x82, 0x43, 0x72, 0x01, 0x43,
    0x7A, 0x43, 0x7A, 0x83, 0x63, 0x7A, 0x03, 0x63, 0x82, 0x43, 0x7A, 0x04, 0x9B, 0x28, 0xFD, 0x85,
    0x08, 0xFD, 0x82, 0x07, 0xFD, 0x02, 0xE4, 0x9A, 0x23, 0x72, 0x63, 0x7A, 0x82, 0x43, 0x7A, 0x00,
    0x43, 0x72, 0x82, 0x22, 0x72, 0x82, 0x02, 0x72, 0x83, 0x02, 0x6A, 0x82, 0xE2, 0x69, 0x83, 0xE2,
    0x61, 0x84, 0xC2, 0x61, 0x8A, 0xA2, 0x59, 0x83, 0x82, 0x59, 0x84, 0x82, 0x51, 0x04, 0x41, 0x49,
    0x24, 0xB3, 0x85, 0xFC, 0x65, 0xFC, 0x85, 0xFC, 0x85, 0x65, 0xFC, 0x01, 0x45, 0xF4, 0xE1, 0x30,
    0x82, 0x60, 0x18, 0x00, 0x60, 0x10, 0x84, 0x40, 0x10, 0x00, 0x40, 0x08, 0x86, 0x20, 0x08, 0x00,
    0x20, 0x00, 0x8E, 0x00, 0x00, 0x8C, 0x00, 0x00, 0x82, 0x20, 0x00, 0x82, 0x20, 0x08, 0x83, 0x40,
    0x08, 0x00, 0x40, 0x10, 0x84, 0x60, 0x10, 0x04, 0x80, 0x18, 0x80, 0x18, 0xA0, 0x18, 0x80, 0x18,
    0xE2, 0x61, 0x86, 0x47, 0xFD, 0x82, 0x48, 0xFD, 0x01, 0xE4, 0x8A, 0x82, 0x49, 0x88, 0xC2, 0x59,
    0x86, 0xE2, 0x59, 0x85, 0xE2, 0x61, 0x82, 0x02, 0x62, 0x00, 0x03, 0x62, 0x83, 0x03, 0x6A, 0x83,
    0x23, 0x6A, 0x82, 0x23, 0x72, 0x82, 0x43, 0x72, 0x01, 0x43, 0x7A, 0x43, 0x7A, 0x83, 0x63, 0x7A,
    0x02, 0x83, 0x82, 0x43, 0x7A, 0x04, 0x9B, 0x84, 0x08, 0xFD, 0x84, 0x07, 0xFD, 0x01, 0xE4, 0x9A,
    0x22, 0x72, 0x83, 0x43, 0x7A, 0x00, 0x23, 0x72, 0x82, 0x22, 0x72, 0x82, 0x02, 0x72, 0x83, 0x02,
    0x6A, 0x83, 0xE2, 0x69, 0x82, 0xE2, 0x61, 0x84, 0xC2, 0x61, 0x00, 0xA2, 0x61, 0x89, 0xA2, 0x59,
    0x83, 0x82, 0x59, 0x84, 0x82, 0x51, 0x02, 0x41, 0x49, 0x63, 0x8A, 0x85, 0xFC, 0x88, 0x65, 0xFC,
    0x05, 0x82, 0x59, 0x60, 0x18, 0x80, 0x18, 0x60, 0x18, 0x60, 0x10, 0x60, 0x10, 0x83, 0x40, 0x10,
    0x00, 0x40, 0x08, 0x86, 0x20, 0x08, 0x00, 0x20, 0x00, 0x8E, 0x00, 0x00, 0x8C, 0x00, 0x00, 0x82,
    0x20, 0x00, 0x82, 0x20, 0x08, 0x83, 0x40, 0x08, 0x00, 0x40, 0x10, 0x83, 0x60, 0x10, 0x82, 0x80,
    0x18, 0x04, 0xA0, 0x18, 0x80, 0x18, 0xC3, 0x8A, 0x47, 0xFD, 0x27, 0xFD, 0x85, 0x47, 0xFD, 0x03,
    0x48, 0xFD, 0x27, 0xFD, 0x43, 0x72, 0xA2, 0x51, 0x8A, 0xC2, 0x59, 0x84, 0xE2, 0x59, 0x87, 0xE2,
    0x61, 0x02, 0x02, 0x62, 0x03, 0x62, 0x03, 0x62, 0x83, 0x03, 0x6A, 0x82, 0x23, 0x6A, 0x01, 0x23,
    0x72, 0x23, 0x72, 0x82, 0x43, 0x72, 0x01, 0x43, 0x7A, 0x43, 0x7A, 0x84, 0x63, 0x7A, 0x02, 0x83,
    0x82, 0x43, 0x7A, 0x04, 0x9B, 0x83, 0x08, 0xFD, 0x84, 0x07, 0xFD, 0x02, 0xE7, 0xFC, 0xE4, 0x9A,
    0x22, 0x72, 0x83, 0x43, 0x7A, 0x01, 0x23, 0x72, 0x23, 0x72, 0x82, 0x22, 0x72, 0x82, 0x02, 0x72,
    0x83, 0x02, 0x6A, 0x82, 0xE2, 0x69, 0x01, 0xE2, 0x61, 0xE2, 0x61, 0x85, 0xC2, 0x61, 0x00, 0xA2,
    0x61, 0x89, 0xA2, 0x59, 0x83, 0x82, 0x59, 0x84, 0x82, 0x51, 0x01, 0x61, 0x49, 0xE2, 0x69, 0x89,
    0x65, 0xFC, 0x05, 0x42, 0x82, 0x60, 0x18, 0x80, 0x18, 0x60, 0x18, 0x60, 0x10, 0x60, 0x10, 0x83,
    0x40, 0x10, 0x00, 0x40, 0x08, 0x86, 0x20, 0x08, 0x00, 0x20, 0x00, 0x8E, 0x00, 0x00, 0x8C, 0x00,
    0x00, 0x82, 0x20, 0x00, 0x01, 0x20, 0x08, 0x20, 0x08, 0x84, 0x40, 0x08, 0x00, 0x40, 0x10, 0x83,
    0x60, 0x10, 0x82, 0x80, 0x18, 0x04, 0xA0, 0x18, 0x80, 0x18, 0x84, 0xAB, 0x47, 0xFD, 0x27, 0xFD,
    0x86, 0x47, 0xFD, 0x02, 0xC6, 0xEC, 0xC2, 0x59, 0xA2, 0x51, 0x8C, 0xC2, 0x59, 0x83, 0xE2, 0x59,
    0x86, 0xE2, 0x61, 0x02, 0x02, 0x62, 0x03, 0x62, 0x03, 0x62, 0x83, 0x03, 0x6A, 0x01, 0x23, 0x6A,
    0x23, 0x6A, 0x82, 0x23, 0x72, 0x83, 0x43, 0x72, 0x01, 0x43, 0x7A, 0x43, 0x7A, 0x83, 0x63, 0x7A,
    0x04, 0x63, 0x82, 0x43, 0x7A, 0x04, 0x9B, 0x08, 0xFD, 0x08, 0xFD, 0x85, 0x07, 0xFD, 0x03, 0xE7,
    0xFC, 0xE7, 0xFC, 0xE4, 0x9A, 0x22, 0x72, 0x83, 0x43, 0x7A, 0x01, 0x23, 0x72, 0x23, 0x72, 0x83,
    0x22, 0x72, 0x01, 0x02, 0x72, 0x02, 0x72, 0x83, 0x02, 0x6A, 0x82, 0xE2, 0x69, 0x01, 0xE2, 0x61,
    0xE2, 0x61, 0x85, 0xC2, 0x61, 0x00, 0xA2, 0x61, 0x88, 0xA2, 0x59, 0x84, 0x82, 0x59, 0x84, 0x82,
    0x51, 0x02, 0x61, 0x51, 0x81, 0x51, 0x05, 0xEC, 0x88, 0x65, 0xFC, 0x05, 0xE3, 0xA2, 0x60, 0x18,
    0x80, 0x18, 0x60, 0x18, 0x60, 0x10, 0x60, 0x10, 0x83, 0x40, 0x10, 0x00, 0x40, 0x08, 0x86, 0x20,
    0x08, 0x00, 0x20, 0x00, 0x8E, 0x00, 0x00, 0x8C, 0x00, 0x00, 0x82, 0x20, 0x00, 0x01, 0x20, 0x08,
    0x20, 0x08, 0x84, 0x40, 0x08, 0x00, 0x40, 0x10, 0x83, 0x60, 0x10, 0x82, 0x80, 0x18, 0x04, 0xA0,
    0x18, 0x80, 0x18, 0x25, 0xCC, 0x47, 0xFD, 0x27, 0xFD, 0x86, 0x47, 0xFD, 0x01, 0x46, 0xD4, 0x82,
    0x49, 0x8D, 0xC2, 0x59, 0x02, 0xE2, 0x59, 0xC2, 0x59, 0xE2, 0x59, 0x86, 0xE2, 0x61, 0x03, 0x02,
    0x62, 0x02, 0x62, 0x03, 0x62, 0x03, 0x62, 0x83, 0x03, 0x6A, 0x01, 0x23, 0x6A, 0x23, 0x6A, 0x82,
    0x23, 0x72, 0x83, 0x43, 0x72, 0x00, 0x43, 0x7A, 0x84, 0x63, 0x7A, 0x02, 0x63, 0x82, 0x63, 0x7A,
    0x04, 0x9B, 0x85, 0x07, 0xFD, 0x83, 0xE7, 0xFC, 0x01, 0xE4, 0x9A, 0x22, 0x72, 0x83, 0x43, 0x7A,
    0x02, 0x23, 0x7A, 0x23, 0x72, 0x23, 0x72, 0x82, 0x22, 0x72, 0x01, 0x02, 0x72, 0x02, 0x72, 0x83,
    0x02, 0x6A, 0x82, 0xE2, 0x69, 0x01, 0xE2, 0x61, 0xE2, 0x61, 0x85, 0xC2, 0x61, 0x00, 0xA2, 0x61,
    0x88, 0xA2, 0x59, 0x84, 0x82, 0x59, 0x83, 0x82, 0x51, 0x03, 0x81, 0x51, 0x82, 0x51, 0x41, 0x49,
    0x84, 0xCB, 0x88, 0x65, 0xFC, 0x05, 0x64, 0xC3, 0x60, 0x18, 0x80, 0x18, 0x60, 0x18, 0x60, 0x10,
    0x60, 0x10, 0x84, 0x40, 0x10, 0x00, 0x40, 0x08, 0x85, 0x20, 0x08, 0x01, 0x20, 0x00, 0x20, 0x00,
    0x8D, 0x00, 0x00, 0x8C, 0x00, 0x00, 0x82, 0x20, 0x00, 0x01, 0x20, 0x08, 0x20, 0x08, 0x83, 0x40,
    0x08, 0x00, 0x40, 0x10, 0x84, 0x60, 0x10, 0x83, 0x80, 0x18, 0x03, 0xA0, 0x20, 0xA6, 0xE4, 0x47,
    0xFD, 0x27, 0xFD, 0x84, 0x47, 0xFD, 0x03, 0x27, 0xFD, 0x27, 0xFD, 0xC5, 0xBB, 0x62, 0x49, 0x8D,
    0xC2, 0x59, 0x02, 0xE2, 0x59, 0xC2, 0x59, 0xE2, 0x59, 0x86, 0xE2, 0x61, 0x03, 0x02, 0x62, 0x02,
    0x62, 0x03, 0x62, 0x03, 0x62, 0x83, 0x03, 0x6A, 0x05, 0x23, 0x6A, 0x03, 0x6A, 0x23, 0x6A, 0x23,
    0x6A, 0x23, 0x72, 0x23, 0x72, 0x82, 0x43, 0x72, 0x82, 0x43, 0x7A, 0x82, 0x63, 0x7A, 0x02, 0x63,
    0x82, 0x63, 0x7A, 0x04, 0x9B, 0x83, 0x07, 0xFD, 0x85, 0xE7, 0xFC, 0x01, 0xE4, 0x9A, 0x22, 0x72,
    0x83, 0x43, 0x7A, 0x02, 0x23, 0x7A, 0x23, 0x72, 0x23, 0x72, 0x82, 0x22, 0x72, 0x01, 0x02, 0x72,
    0x02, 0x72, 0x83, 0x02, 0x6A, 0x82, 0xE2, 0x69, 0x01, 0xE2, 0x61, 0xE2, 0x61, 0x85, 0xC2, 0x61,
    0x00, 0xA2, 0x61, 0x88, 0xA2, 0x59, 0x84, 0x82, 0x59, 0x01, 0x82, 0x51, 0x82, 0x51, 0x82, 0x81,
    0x51, 0x02, 0x82, 0x51, 0x21, 0x41, 0x24, 0xB3, 0x88, 0x65, 0xFC, 0x05, 0xC4, 0xDB, 0x80, 0x20,
    0x60, 0x18, 0x60, 0x18, 0x60, 0x10, 0x60, 0x10, 0x84, 0x40, 0x10, 0x00, 0x40, 0x08, 0x85, 0x20,
    0x08, 0x01, 0x20, 0x00, 0x20, 0x00, 0x8D, 0x00, 0x00, 0x8C, 0x00, 0x00, 0x82, 0x20, 0x00, 0x82,
    0x20, 0x08, 0x82, 0x40, 0x08, 0x00, 0x40, 0x10, 0x84, 0x60, 0x10, 0x83, 0x80, 0x18, 0x04, 0x01,
    0x31, 0xE6, 0xF4, 0x47, 0xFD, 0x27, 0xFD, 0x27, 0xFD, 0x82, 0x47, 0xFD, 0x82, 0x27, 0xFD, 0x01,
    0x44, 0xA3, 0x82, 0x49, 0x8D, 0xC2, 0x59, 0x03, 0xE2, 0x59, 0xC2, 0x59, 0xE2, 0x59, 0xE2, 0x59,
    0x88, 0xE2, 0x61, 0x01, 0x02, 0x62, 0x02, 0x62, 0x82, 0x02, 0x6A, 0x05, 0x03, 0x6A, 0x03, 0x6A,
    0x23, 0x6A, 0x23, 0x6A, 0x23, 0x72, 0x23, 0x72, 0x82, 0x43, 0x72, 0x82, 0x43, 0x7A, 0x82, 0x63,
    0x7A, 0x02, 0x63, 0x82, 0x63, 0x7A, 0x04, 0x9B, 0x82, 0x07, 0xFD, 0x86, 0xE7, 0xFC, 0x02, 0xE4,
    0x9A, 0x22, 0x7A, 0x63, 0x82, 0x83, 0x43, 0x7A, 0x00, 0x22, 0x7A, 0x84, 0x22, 0x72, 0x01, 0x02,
    0x72, 0x02, 0x72, 0x82, 0x02, 0x6A, 0x85, 0xE2, 0x69, 0x00, 0xE2, 0x61, 0x86, 0xC2, 0x61, 0x86,
    0xA2, 0x59, 0x84, 0x82, 0x59, 0x00, 0x82, 0x51, 0x83, 0x81, 0x51, 0x02, 0x82, 0x51, 0x21, 0x41,
    0xA3, 0x9A, 0x88, 0x65, 0xFC, 0x05, 0x25, 0xF4, 0xC1, 0x28, 0x60, 0x18, 0x60, 0x18, 0x60, 0x10,
    0x60, 0x10, 0x84, 0x40, 0x10, 0x00, 0x40, 0x08, 0x85, 0x20, 0x08, 0x01, 0x20, 0x00, 0x20, 0x00,
    0x8D, 0x00, 0x00, 0x8C, 0x00, 0x00, 0x82, 0x20, 0x00, 0x82, 0x20, 0x08, 0x82, 0x40, 0x08, 0x00,
    0x40, 0x10, 0x84, 0x60, 0x10, 0x83, 0x80, 0x18, 0x00, 0x41, 0x41, 0x89, 0x27, 0xFD, 0x01, 0xC3,
    0x8A, 0x82, 0x49, 0x8F, 0xC2, 0x59, 0x01, 0xE2, 0x59, 0xC2, 0x59, 0x88, 0xE2, 0x61, 0x01, 0x02,
    0x62, 0x02, 0x62, 0x82, 0x02, 0x6A, 0x03, 0x03, 0x6A, 0x03, 0x6A, 0x23, 0x6A, 0x23, 0x6A, 0x82,
    0x23, 0x72, 0x82, 0x43, 0x72, 0x01, 0x43, 0x7A, 0x43, 0x7A, 0x82, 0x63, 0x7A, 0x03, 0x63, 0x82,
    0x43, 0x7A, 0x04, 0x9B, 0x07, 0xFD, 0x88, 0xE7, 0xFC, 0x01, 0xC3, 0x92, 0x02, 0x72, 0x82, 0x22,
    0x72, 0x82, 0x02, 0x72, 0x83, 0x02, 0x6A, 0x82, 0xE2, 0x69, 0x82, 0xE2, 0x61, 0x83, 0xC2, 0x61,
    0x86, 0xA2, 0x59, 0x82, 0x82, 0x59, 0x86, 0xA2, 0x59, 0x84, 0x82, 0x59, 0x84, 0x81, 0x51, 0x02,
    0x82, 0x51, 0x41, 0x49, 0x63, 0x8A, 0x89, 0x65, 0xFC, 0x04, 0x01, 0x39, 0x60, 0x18, 0x60, 0x18,
    0x60, 0x10, 0x60, 0x10, 0x84, 0x40, 0x10, 0x00, 0x40, 0x08, 0x85, 0x20, 0x08, 0x01, 0x20, 0x00,
    0x20, 0x00, 0x8D, 0x00, 0x00, 0x8C, 0x00, 0x00, 0x82, 0x20, 0x00, 0x82, 0x20, 0x08, 0x82, 0x40,
    0x08, 0x00, 0x40, 0x10, 0x84, 0x60, 0x10, 0x83, 0x80, 0x18, 0x00, 0xA2, 0x51, 0x89, 0x27, 0xFD,
    0x03, 0x83, 0x7A, 0x82, 0x49, 0xC2, 0x59, 0xC2, 0x51, 0x8F, 0xC2, 0x59, 0x00, 0xC2, 0x61, 0x88,
    0xE2, 0x61, 0x00, 0x02, 0x62, 0x83, 0x02, 0x6A, 0x02, 0x03, 0x6A, 0x23, 0x6A, 0x23, 0x6A, 0x83,
    0x23, 0x72, 0x01, 0x43, 0x72, 0x43, 0x72, 0x83, 0x43, 0x7A, 0x03, 0x63, 0x7A, 0x63, 0x82, 0x43,
    0x7A, 0xE4, 0x9A, 0x89, 0xE7, 0xFC, 0x02, 0x44, 0xAB, 0xC3, 0x92, 0xC3, 0x9A, 0x83, 0xC3, 0x92,
    0x82, 0xA3, 0x92, 0x82, 0xA3, 0x8A, 0x84, 0x83, 0x8A, 0x01, 0x63, 0x8A, 0x63, 0x8A, 0x85, 0x63,
    0x82, 0x83, 0x43, 0x82, 0x04, 0x42, 0x82, 0x42, 0x7A, 0xE2, 0x69, 0x82, 0x51, 0x82, 0x51, 0x83,
    0xA2, 0x59, 0x84, 0x82, 0x59, 0x84, 0x81, 0x51, 0x02, 0x82, 0x51, 0x41, 0x49, 0x02, 0x7A, 0x89,
    0x65, 0xFC, 0x00, 0x61, 0x51, 0x82, 0x60, 0x18, 0x01, 0x60, 0x10, 0x60, 0x10, 0x83, 0x40, 0x10,
    0x00, 0x40, 0x08, 0x85, 0x20, 0x08, 0x01, 0x20, 0x00, 0x20, 0x00, 0x8D, 0x00, 0x00, 0x8C, 0x00,
    0x00, 0x01, 0x20, 0x00, 0x20, 0x00, 0x83, 0x20, 0x08, 0x82, 0x40, 0x08, 0x00, 0x40, 0x10, 0x84,
    0x60, 0x10, 0x00, 0x60, 0x18, 0x82, 0x80, 0x18, 0x02, 0x02, 0x62, 0x26, 0xFD, 0x26, 0xFD, 0x87,
    0x27, 0xFD, 0x03, 0x43, 0x72, 0x82, 0x51, 0xC2, 0x59, 0xC2, 0x51, 0x90, 0xC2, 0x59, 0x00, 0xC2,
    0x61, 0x88, 0xE2, 0x61, 0x00, 0x02, 0x62, 0x82, 0x02, 0x6A, 0x02, 0x03, 0x6A, 0x23, 0x6A, 0x23,
    0x6A, 0x84, 0x23, 0x72, 0x00, 0x43, 0x72, 0x84, 0x43, 0x7A, 0x02, 0x63, 0x82, 0x43, 0x7A, 0xE4,
    0x9A, 0x88, 0xE7, 0xFC, 0x83, 0xC7, 0xFC, 0x87, 0xC6, 0xFC, 0x8D, 0xA6, 0xFC, 0x86, 0x86, 0xFC,
    0x03, 0x45, 0xF4, 0xA4, 0xCB, 0x02, 0x72, 0x82, 0x51, 0x82, 0xA2, 0x59, 0x84, 0x82, 0x59, 0x84,
    0x81, 0x51, 0x03, 0x82, 0x51, 0x41, 0x49, 0xE2, 0x69, 0x45, 0xFC, 0x86, 0x65, 0xFC, 0x02, 0x45,
    0xFC, 0x65, 0xFC, 0xA2, 0x59, 0x82, 0x60, 0x18, 0x01, 0x60, 0x10, 0x60, 0x10, 0x83, 0x40, 0x10,
    0x00, 0x40, 0x08, 0x86, 0x20, 0x08, 0x00, 0x20, 0x00, 0x8D, 0x00, 0x00, 0x8C, 0x00, 0x00, 0x01,
    0x20, 0x00, 0x20, 0x00, 0x83, 0x20, 0x08, 0x82, 0x40, 0x08, 0x00, 0x40, 0x10, 0x84, 0x60, 0x10,
    0x00, 0x60, 0x18, 0x82, 0x80, 0x18, 0x03, 0x22, 0x6A, 0x26, 0xFD, 0x06, 0xFD, 0x26, 0xFD, 0x85,
    0x27, 0xFD, 0x02, 0x07, 0xF5, 0x02, 0x6A, 0xA2, 0x51, 0x82, 0xC2, 0x51, 0x91, 0xC2, 0x59, 0x00,
    0xC2, 0x61, 0x87, 0xE2, 0x61, 0x00, 0xE2, 0x69, 0x84, 0x02, 0x6A, 0x00, 0x03, 0x6A, 0x84, 0x23,
    0x72, 0x00, 0x43, 0x72, 0x83, 0x43, 0x7A, 0x02, 0x63, 0x7A, 0x23, 0x72, 0xE4, 0x9A, 0x87, 0xE7,
    0xFC, 0x82, 0xC7, 0xFC, 0x87, 0xC6, 0xFC, 0x8E, 0xA6, 0xFC, 0x87, 0x86, 0xFC, 0x06, 0x85, 0xFC,
    0x85, 0xFC, 0x45, 0xF4, 0x22, 0x7A, 0x82, 0x51, 0xA2, 0x59, 0xA2, 0x59, 0x84, 0x82, 0x59, 0x84,
    0x81, 0x51, 0x03, 0x82, 0x51, 0x41, 0x49, 0xC2, 0x61, 0x45, 0xF4, 0x86, 0x65, 0xFC, 0x07, 0x45,
    0xFC, 0x45, 0xFC, 0xC2, 0x69, 0x60, 0x18, 0x80, 0x18, 0x60, 0x18, 0x60, 0x10, 0x60, 0x10, 0x83,
    0x40, 0x10, 0x00, 0x40, 0x08, 0x86, 0x20, 0x08, 0x00, 0x20, 0x00, 0x8D, 0x00, 0x00, 0x8C, 0x00,
    0x00, 0x01, 0x20, 0x00, 0x20, 0x00, 0x83, 0x20, 0x08, 0x82, 0x40, 0x08, 0x01, 0x40, 0x10, 0x40,
    0x10, 0x83, 0x60, 0x10, 0x00, 0x60, 0x18, 0x82, 0x80, 0x18, 0x04, 0x63, 0x7A, 0x26, 0xFD, 0x06,
    0xFD, 0x26, 0xFD, 0x26, 0xFD, 0x84, 0x27, 0xFD, 0x05, 0xE6, 0xF4, 0xE2, 0x61, 0xA2, 0x51, 0xA2,
    0x51, 0xC2, 0x51, 0xC2, 0x51, 0x91, 0xC2, 0x59, 0x00, 0xC2, 0x61, 0x88, 0xE2, 0x61, 0x84, 0x02,
    0x6A, 0x00, 0x03, 0x6A, 0x85, 0x23, 0x72, 0x83, 0x43, 0x7A, 0x02, 0x63, 0x7A, 0x22, 0x72, 0xE3,
    0x9A, 0x85, 0xE7, 0xFC, 0x82, 0xC7, 0xFC, 0x88, 0xC6, 0xFC, 0x8E, 0xA6, 0xFC, 0x87, 0x86, 0xFC,
    0x04, 0x85, 0xFC, 0x85, 0xFC, 0x65, 0xFC, 0x85, 0xFC, 0x05, 0xE4, 0x82, 0xA2, 0x59, 0x84, 0x82,
    0x59, 0x83, 0x81, 0x51, 0x04, 0x61, 0x51, 0x62, 0x51, 0x61, 0x51, 0xA2, 0x59, 0x25, 0xF4, 0x86,
    0x65, 0xFC, 0x02, 0x45, 0xFC, 0x45, 0xFC, 0xE2, 0x71, 0x82, 0x60, 0x18, 0x01, 0x60, 0x10, 0x60,
    0x10, 0x83, 0x40, 0x10, 0x00, 0x40, 0x08, 0x86, 0x20, 0x08, 0x00, 0x20, 0x00, 0x8D, 0x00, 0x00,
    0x8C, 0x00, 0x00, 0x01, 0x20, 0x00, 0x20, 0x00, 0x83, 0x20, 0x08, 0x82, 0x40, 0x08, 0x01, 0x40,
    0x10, 0x40, 0x10, 0x82, 0x60, 0x10, 0x01, 0x60, 0x18, 0x60, 0x18, 0x82, 0x80, 0x18, 0x02, 0x83,
    0x7A, 0x26, 0xFD, 0x06, 0xFD, 0x83, 0x26, 0xFD, 0x82, 0x27, 0xFD, 0x07, 0xC6, 0xF4, 0xE2, 0x59,
    0xA2, 0x51, 0xA2, 0x51, 0xC2, 0x51, 0xC2, 0x51, 0xC2, 0x59, 0xA2, 0x51, 0x8F, 0xC2, 0x59, 0x00,
    0xC2, 0x61, 0x88, 0xE2, 0x61, 0x85, 0x02, 0x6A, 0x00, 0x03, 0x6A, 0x84, 0x23, 0x72, 0x00, 0x43,
    0x72, 0x83, 0x43, 0x7A, 0x01, 0x22, 0x72, 0xC3, 0x9A, 0x84, 0xE7, 0xFC, 0x82, 0xC7, 0xFC, 0x87,
    0xC6, 0xFC, 0x8F, 0xA6, 0xFC, 0x87, 0x86, 0xFC, 0x83, 0x85, 0xFC, 0x04, 0x65, 0xFC, 0x65, 0xFC,
    0x63, 0x8A, 0x61, 0x51, 0xA2, 0x59, 0x84, 0x82, 0x59, 0x82, 0x81, 0x51, 0x05, 0x61, 0x51, 0x61,
    0x51, 0x62, 0x51, 0x61, 0x51, 0x82, 0x59, 0x05, 0xEC, 0x84, 0x65, 0xFC, 0x83, 0x45, 0xFC, 0x00,
    0x02, 0x7A, 0x82, 0x60, 0x18, 0x01, 0x60, 0x10, 0x60, 0x10, 0x83, 0x40, 0x10, 0x00, 0x40, 0x08,
    0x86, 0x20, 0x08, 0x00, 0x20, 0x00, 0x8D, 0x00, 0x00, 0x8C, 0x00, 0x00, 0x01, 0x20, 0x00, 0x20,
    0x00, 0x83, 0x20, 0x08, 0x82, 0x40, 0x08, 0x01, 0x40, 0x10, 0x40, 0x10, 0x82, 0x60, 0x10, 0x01,
    0x60, 0x18, 0x60, 0x18, 0x82, 0x80, 0x18, 0x02, 0x83, 0x82, 0x26, 0xFD, 0x06, 0xFD, 0x84, 0x26,
    0xFD, 0x03, 0x07, 0xFD, 0x27, 0xFD, 0xC6, 0xEC, 0xC2, 0x59, 0x83, 0xA2, 0x51, 0x01, 0xC2, 0x59,
    0xA2, 0x51, 0x8F, 0xC2, 0x59, 0x04, 0xC2, 0x61, 0xE2, 0x61, 0xE2, 0x61, 0xC2, 0x61, 0xC2, 0x61,
    0x85, 0xE2, 0x61, 0x00, 0xE2, 0x69, 0x83, 0x02, 0x6A, 0x00, 0x03, 0x6A, 0x86, 0x23, 0x72, 0x04,
    0x22, 0x72, 0x22, 0x7A, 0x43, 0x7A, 0x22, 0x72, 0xC3, 0x92, 0x82, 0xE7, 0xFC, 0x82, 0xC7, 0xFC,
    0x88, 0xC6, 0xFC, 0x8F, 0xA6, 0xFC, 0x87, 0x86, 0xFC, 0x83, 0x85, 0xFC, 0x82, 0x65, 0xFC, 0x02,
    0xE3, 0xAA, 0x61, 0x49, 0xA2, 0x59, 0x83, 0x82, 0x59, 0x82, 0x81, 0x51, 0x82, 0x61, 0x51, 0x03,
    0x62, 0x51, 0x61, 0x51, 0x81, 0x51, 0x05, 0xEC, 0x82, 0x65, 0xFC, 0x85, 0x45, 0xFC, 0x00, 0x22,
    0x7A, 0x82, 0x60, 0x18, 0x01, 0x60, 0x10, 0x60, 0x10, 0x83, 0x40, 0x10, 0x00, 0x40, 0x08, 0x86,
    0x20, 0x08, 0x00, 0x20, 0x00, 0x8D, 0x00, 0x00, 0x8C, 0x00, 0x00, 0x01, 0x20, 0x00, 0x20, 0x00,
    0x83, 0x20, 0x08, 0x82, 0x40, 0x08, 0x01, 0x40, 0x10, 0x40, 0x10, 0x82, 0x60, 0x10, 0x01, 0x60,
    0x18, 0x60, 0x18, 0x82, 0x80, 0x18, 0x02, 0x83, 0x7A, 0x26, 0xFD, 0x06, 0xFD, 0x83, 0x26, 0xFD,
    0x82, 0x06, 0xFD, 0x01, 0xC6, 0xEC, 0xC2, 0x59, 0x85, 0xA2, 0x51, 0x83, 0xC2, 0x59, 0x00, 0xA2,
    0x59, 0x8C, 0xC2, 0x59, 0x82, 0xC2, 0x61, 0x85, 0xE2, 0x61, 0x00, 0xE2, 0x69, 0x84, 0x02, 0x6A,
    0x02, 0x03, 0x6A, 0x23, 0x72, 0x23, 0x72, 0x85, 0x22, 0x72, 0x03, 0x43, 0x7A, 0x22, 0x72, 0xC3,
    0x92, 0xE7, 0xFC, 0x82, 0xC7, 0xFC, 0x88, 0xC6, 0xFC, 0x8F, 0xA6, 0xFC, 0x88, 0x86, 0xFC, 0x83,
    0x85, 0xFC, 0x83, 0x65, 0xFC, 0x02, 0xE3, 0xAA, 0x61, 0x49, 0xA2, 0x59, 0x83, 0x82, 0x59, 0x82,
    0x81, 0x51, 0x82, 0x61, 0x51, 0x05, 0x62, 0x51, 0x61, 0x51, 0x81, 0x51, 0x05, 0xEC, 0x65, 0xFC,
    0x65, 0xFC, 0x86, 0x45, 0xFC, 0x00, 0x22, 0x7A, 0x82, 0x60, 0x18, 0x01, 0x60, 0x10, 0x60, 0x10,
    0x83, 0x40, 0x10, 0x87, 0x20, 0x08, 0x00, 0x20, 0x00, 0x8D, 0x00, 0x00, 0x8C, 0x00, 0x00, 0x01,
    0x20, 0x00, 0x20, 0x00, 0x83, 0x20, 0x08, 0x82, 0x40, 0x08, 0x01, 0x40, 0x10, 0x40, 0x10, 0x82,
    0x60, 0x10, 0x01, 0x60, 0x18, 0x60, 0x18, 0x82, 0x80, 0x18, 0x04, 0x83, 0x7A, 0x06, 0xFD, 0x06,
    0xFD, 0x26, 0xFD, 0x26, 0xFD, 0x84, 0x06, 0xFD, 0x01, 0xC6, 0xF4, 0xC2, 0x59, 0x85, 0xA2, 0x51,
    0x04, 0xC2, 0x59, 0xC2, 0x59, 0xA2, 0x59, 0xC2, 0x59, 0xA2, 0x59, 0x8C, 0xC2, 0x59, 0x83, 0xC2,
    0x61, 0x85, 0xE2, 0x61, 0x00, 0xE2, 0x69, 0x86, 0x02, 0x6A, 0x00, 0x02, 0x72, 0x84, 0x22, 0x72,
    0x05, 0x23, 0x72, 0x22, 0x72, 0x63, 0x82, 0xA6, 0xF4, 0xC7, 0xFC, 0xC7, 0xFC, 0x87, 0xC6, 0xFC,
    0x90, 0xA6, 0xFC, 0x88, 0x86, 0xFC, 0x82, 0x85, 0xFC, 0x85, 0x65, 0xFC, 0x02, 0x63, 0x8A, 0x61,
    0x51, 0xA2, 0x59, 0x83, 0x82, 0x59, 0x82, 0x81, 0x51, 0x82, 0x61, 0x51, 0x03, 0x62, 0x51, 0x61,
    0x51, 0x82, 0x59, 0x05, 0xEC, 0x88, 0x45, 0xFC, 0x00, 0x02, 0x7A, 0x82, 0x60, 0x18, 0x01, 0x60,
    0x10, 0x60, 0x10, 0x83, 0x40, 0x10, 0x87, 0x20, 0x08, 0x00, 0x20, 0x00, 0x8D, 0x00, 0x00, 0x8C,
    0x00, 0x00, 0x01, 0x20, 0x00, 0x20, 0x00, 0x83, 0x20, 0x08, 0x82, 0x40, 0x08, 0x01, 0x40, 0x10,
    0x40, 0x10, 0x83, 0x60, 0x10, 0x00, 0x60, 0x18, 0x82, 0x80, 0x18, 0x00, 0x63, 0x72, 0x88, 0x06,
    0xFD, 0x01, 0xC6, 0xF4, 0xE2, 0x61, 0x85, 0xA2, 0x51, 0x02, 0xC2, 0x59, 0xC2, 0x59, 0xA2, 0x59,
    0x8F, 0xC2, 0x59, 0x82, 0xC2, 0x61, 0x86, 0xE2, 0x61, 0x87, 0x02, 0x6A, 0x01, 0x02, 0x72, 0x02,
    0x72, 0x83, 0x22, 0x72, 0x02, 0x23, 0x7A, 0x02, 0x6A, 0xA5, 0xC3, 0x88, 0xC6, 0xFC, 0x90, 0xA6,
    0xFC, 0x88, 0x86, 0xFC, 0x01, 0x85, 0xFC, 0x85, 0xFC, 0x86, 0x65, 0xFC, 0x00, 0xE5, 0xE3, 0x86,
    0x82, 0x59, 0x82, 0x81, 0x51, 0x82, 0x61, 0x51, 0x03, 0x62, 0x51, 0x61, 0x51, 0xA2, 0x59, 0x25,
    0xF4, 0x88, 0x45, 0xFC, 0x00, 0xE2, 0x71, 0x82, 0x60, 0x18, 0x01, 0x60, 0x10, 0x60, 0x10, 0x82,
    0x40, 0x10, 0x00, 0x40, 0x08, 0x87, 0x20, 0x08, 0x00, 0x20, 0x00, 0x8D, 0x00, 0x00, 0x8C, 0x00,
    0x00, 0x01, 0x20, 0x00, 0x20, 0x00, 0x83, 0x20, 0x08, 0x82, 0x40, 0x08, 0x01, 0x40, 0x10, 0x40,
    0x10, 0x83, 0x60, 0x10, 0x04, 0x60, 0x18, 0x60, 0x18, 0x80, 0x18, 0x80, 0x18, 0x22, 0x6A, 0x88,
    0x06, 0xFD, 0x02, 0xE6, 0xF4, 0x02, 0x62, 0x81, 0x51, 0x85, 0xA2, 0x51, 0x04, 0xC2, 0x59, 0xA2,
    0x59, 0xC2, 0x59, 0xC2, 0x59, 0xA2, 0x59, 0x8D, 0xC2, 0x59, 0x82, 0xC2, 0x61, 0x86, 0xE2, 0x61,
    0x87, 0x02, 0x6A, 0x01, 0x02, 0x72, 0x02, 0x72, 0x82, 0x22, 0x72, 0x03, 0x23, 0x72, 0x22, 0x72,
    0x22, 0x72, 0x25, 0xDC, 0x85, 0xC6, 0xFC, 0x90, 0xA6, 0xFC, 0x89, 0x86, 0xFC, 0x01, 0x85, 0xFC,
    0x85, 0xFC, 0x86, 0x65, 0xFC, 0x03, 0x25, 0xF4, 0x02, 0x7A, 0x61, 0x51, 0xA2, 0x59, 0x84, 0x82,
    0x59, 0x82, 0x81, 0x51, 0x82, 0x61, 0x51, 0x03, 0x62, 0x51, 0x41, 0x49, 0xA2, 0x61, 0x25, 0xF4,
    0x88, 0x45, 0xFC, 0x00, 0xC2, 0x69, 0x82, 0x60, 0x18, 0x01, 0x60, 0x10, 0x60, 0x10, 0x82, 0x40,
    0x10, 0x00, 0x40, 0x08, 0x87, 0x20, 0x08, 0x00, 0x20, 0x00, 0x8D, 0x00, 0x00, 0x8C, 0x00, 0x00,
    0x01, 0x20, 0x00, 0x20, 0x00, 0x83, 0x20, 0x08, 0x82, 0x40, 0x08, 0x82, 0x40, 0x10, 0x82, 0x60,
    0x10, 0x04, 0x60, 0x18, 0x60, 0x18, 0x80, 0x18, 0x80, 0x18, 0xE2, 0x61, 0x89, 0x06, 0xFD, 0x01,
    0x22, 0x72, 0x81, 0x49, 0x85, 0xA2, 0x51, 0x04, 0xC2, 0x59, 0xA2, 0x59, 0xA2, 0x59, 0xC2, 0x59,
    0xA2, 0x59, 0x8D, 0xC2, 0x59, 0x82, 0xC2, 0x61, 0x86, 0xE2, 0x61, 0x00, 0xE2, 0x69, 0x87, 0x02,
    0x6A, 0x83, 0x02, 0x72, 0x07, 0x22, 0x72, 0x22, 0x72, 0x02, 0x72, 0x22, 0x72, 0x84, 0xBB, 0x86,
    0xF4, 0xC6, 0xFC, 0xC6, 0xFC, 0x91, 0xA6, 0xFC, 0x89, 0x86, 0xFC, 0x00, 0x85, 0xFC, 0x86, 0x65,
    0xFC, 0x04, 0x45, 0xF4, 0x84, 0xCB, 0xE2, 0x71, 0x61, 0x51, 0xA2, 0x59, 0x84, 0x82, 0x59, 0x82,
    0x81, 0x51, 0x83, 0x61, 0x51, 0x02, 0x62, 0x51, 0x41, 0x49, 0xE2, 0x69, 0x89, 0x45, 0xFC, 0x00,
    0x82, 0x61, 0x82, 0x60, 0x18, 0x01, 0x60, 0x10, 0x60, 0x10, 0x82, 0x40, 0x10, 0x00, 0x40, 0x08,
    0x87, 0x20, 0x08, 0x00, 0x20, 0x00, 0x8D, 0x00, 0x00, 0x8C, 0x00, 0x00, 0x82, 0x20, 0x00, 0x82,
    0x20, 0x08, 0x82, 0x40, 0x08, 0x82, 0x40, 0x10, 0x82, 0x60, 0x10, 0x04, 0x60, 0x18, 0x60, 0x18,
    0x80, 0x18, 0x80, 0x18, 0xA2, 0x51, 0x89, 0x06, 0xFD, 0x01, 0x63, 0x7A, 0x61, 0x49, 0x85, 0xA2,
    0x51, 0x04, 0xA2, 0x59, 0xA2, 0x51, 0xA2, 0x59, 0xC2, 0x59, 0xA2, 0x59, 0x82, 0xC2, 0x59, 0x02,
    0xA2, 0x59, 0xC2, 0x59, 0xA2, 0x59, 0x88, 0xC2, 0x59, 0x82, 0xC2, 0x61, 0x86, 0xE2, 0x61, 0x01,
    0xE2, 0x69, 0xE2, 0x69, 0x87, 0x02, 0x6A, 0x85, 0x02, 0x72, 0x02, 0xE2, 0x69, 0x43, 0x7A, 0x83,
    0x8A, 0x84, 0xA3, 0x8A, 0x8A, 0x83, 0x8A, 0x01, 0x63, 0x8A, 0x63, 0x8A, 0x85, 0x63, 0x82, 0x83,
    0x43, 0x82, 0x83, 0x42, 0x82, 0x00, 0x42, 0x7A, 0x83, 0x22, 0x7A, 0x02, 0xE2, 0x69, 0x81, 0x51,
    0x81, 0x51, 0x86, 0x82, 0x59, 0x82, 0x81, 0x51, 0x83, 0x61, 0x51, 0x02, 0x62, 0x51, 0x41, 0x49,
    0x02, 0x7A, 0x89, 0x45, 0xFC, 0x00, 0x41, 0x51, 0x82, 0x60, 0x18, 0x01, 0x60, 0x10, 0x60, 0x10,
    0x82, 0x40, 0x10, 0x00, 0x40, 0x08, 0x86, 0x20, 0x08, 0x01, 0x20, 0x00, 0x20, 0x00, 0x8D, 0x00,
    0x00, 0x8C, 0x00, 0x00, 0x82, 0x20, 0x00, 0x82, 0x20, 0x08, 0x82, 0x40, 0x08, 0x82, 0x40, 0x10,
    0x82, 0x60, 0x10, 0x04, 0x60, 0x18, 0x60, 0x18, 0x80, 0x18, 0x80, 0x18, 0x41, 0x41, 0x87, 0x06,
    0xFD, 0x03, 0xE6, 0xFC, 0x06, 0xFD, 0xA3, 0x8A, 0x61, 0x49, 0x86, 0xA2, 0x51, 0x87, 0xA2, 0x59,
    0x04, 0xC2, 0x59, 0xA2, 0x59, 0xC2, 0x59, 0xC2, 0x59, 0xA2, 0x59, 0x87, 0xC2, 0x59, 0x01, 0xC2,
    0x61, 0xC2, 0x61, 0x86, 0xE2, 0x61, 0x01, 0xE2, 0x69, 0xE2, 0x69, 0x89, 0x02, 0x6A, 0x82, 0x02,
    0x72, 0x01, 0x22, 0x72, 0x02, 0x72, 0x8B, 0xE2, 0x69, 0x89, 0xC2, 0x61, 0x85, 0xA2, 0x59, 0x85,
    0x82, 0x59, 0x84, 0x81, 0x51, 0x00, 0xA2, 0x59, 0x87, 0x82, 0x59, 0x82, 0x81, 0x51, 0x83, 0x61,
    0x51, 0x02, 0x62, 0x51, 0x41, 0x49, 0x43, 0x8A, 0x89, 0x45, 0xFC, 0x00, 0x01, 0x39, 0x82, 0x60,
    0x18, 0x00, 0x60, 0x10, 0x83, 0x40, 0x10, 0x00, 0x40, 0x08, 0x86, 0x20, 0x08, 0x01, 0x20, 0x00,
    0x20, 0x00, 0x8D, 0x00, 0x00, 0x8C, 0x00, 0x00, 0x82, 0x20, 0x00, 0x82, 0x20, 0x08, 0x82, 0x40,
    0x08, 0x82, 0x40, 0x10, 0x82, 0x60, 0x10, 0x05, 0x60, 0x18, 0x60, 0x18, 0x80, 0x18, 0x80, 0x18,
    0xE1, 0x30, 0xC6, 0xF4, 0x86, 0x06, 0xFD, 0x03, 0xE6, 0xFC, 0x06, 0xFD, 0x04, 0x9B, 0x61, 0x49,
    0x86, 0xA2, 0x51, 0x8C, 0xA2, 0x59, 0x88, 0xC2, 0x59, 0x01, 0xC2, 0x61, 0xC2, 0x61, 0x87, 0xE2,
    0x61, 0x83, 0xE2, 0x69, 0x89, 0x02, 0x6A, 0x8A, 0x02, 0x72, 0x82, 0x02, 0x6A, 0x86, 0xE2, 0x69,
    0x00, 0xC2, 0x69, 0x87, 0xC2, 0x61, 0x84, 0xA2, 0x61, 0x84, 0xA2, 0x59, 0x87, 0x82, 0x59, 0x82,
    0x81, 0x51, 0x85, 0x61, 0x51, 0x01, 0x21, 0x41, 0xA3, 0x9A, 0x88, 0x45, 0xFC, 0x05, 0x05, 0xF4,
    0xC1, 0x30, 0x60, 0x18, 0x60, 0x18, 0x60, 0x10, 0x60, 0x10, 0x83, 0x40, 0x10, 0x00, 0x40, 0x08,
    0x86, 0x20, 0x08, 0x01, 0x20, 0x00, 0x20, 0x00, 0x8D, 0x00, 0x00, 0x8C, 0x00, 0x00, 0x82, 0x20,
    0x00, 0x82, 0x20, 0x08, 0x82, 0x40, 0x08, 0x82, 0x40, 0x10, 0x82, 0x60, 0x10, 0x05, 0x60, 0x18,
    0x60, 0x18, 0x80, 0x18, 0x80, 0x18, 0xA0, 0x20, 0x65, 0xDC, 0x86, 0x06, 0xFD, 0x03, 0xE6, 0xFC,
    0x06, 0xFD, 0x84, 0xB3, 0x61, 0x41, 0x88, 0xA2, 0x51, 0x8C, 0xA2, 0x59, 0x86, 0xC2, 0x59, 0x85,
    0xC2, 0x61, 0x84, 0xE2, 0x61, 0x85, 0xE2, 0x69, 0x90, 0x02, 0x6A, 0x87, 0xE2, 0x69, 0x00, 0xC2,
    0x69, 0x88, 0xC2, 0x61, 0x83, 0xA2, 0x61, 0x84, 0xA2, 0x59, 0x83, 0x82, 0x59, 0x01, 0x81, 0x59,
    0x81, 0x59, 0x84, 0x82, 0x59, 0x82, 0x81, 0x51, 0x85, 0x61, 0x51, 0x01, 0x21, 0x41, 0x04, 0xB3,
    0x86, 0x45, 0xFC, 0x07, 0x25, 0xFC, 0x45, 0xFC, 0xA4, 0xDB, 0x80, 0x18, 0x60, 0x18, 0x60, 0x18,
    0x60, 0x10, 0x60, 0x10, 0x83, 0x40, 0x10, 0x00, 0x40, 0x08, 0x86, 0x20, 0x08, 0x01, 0x20, 0x00,
    0x20, 0x00, 0x8D, 0x00, 0x00, 0x8C, 0x00, 0x00, 0x82, 0x20, 0x00, 0x82, 0x20, 0x08, 0x83, 0x40,
    0x08, 0x01, 0x40, 0x10, 0x40, 0x10, 0x83, 0x60, 0x10, 0x00, 0x60, 0x18, 0x82, 0x80, 0x18, 0x02,
    0xE5, 0xCB, 0x06, 0xFD, 0xE6, 0xFC, 0x84, 0x06, 0xFD, 0x03, 0xE6, 0xFC, 0xE6, 0xFC, 0x05, 0xCC,
    0x61, 0x49, 0x88, 0xA2, 0x51, 0x8D, 0xA2, 0x59, 0x03, 0xC2, 0x59, 0xC2, 0x59, 0xA2, 0x59, 0xA2,
    0x59, 0x82, 0xC2, 0x59, 0x85, 0xC2, 0x61, 0x84, 0xE2, 0x61, 0x8B, 0xE2, 0x69, 0x86, 0x02, 0x6A,
    0x88, 0xE2, 0x69, 0x00, 0xC2, 0x69, 0x89, 0xC2, 0x61, 0x83, 0xA2, 0x61, 0x84, 0xA2, 0x59, 0x84,
    0x82, 0x59, 0x82, 0x81, 0x59, 0x82, 0x82, 0x59, 0x83, 0x81, 0x51, 0x85, 0x61, 0x51, 0x01, 0x41,
    0x49, 0x84, 0xCB, 0x86, 0x45, 0xFC, 0x02, 0x25, 0xFC, 0x45, 0xFC, 0x44, 0xCB, 0x82, 0x60, 0x18,
    0x01, 0x60, 0x10, 0x60, 0x10, 0x83, 0x40, 0x10, 0x00, 0x40, 0x08, 0x86, 0x20, 0x08, 0x01, 0x20,
    0x00, 0x20, 0x00, 0x8D, 0x00, 0x00, 0x8C, 0x00, 0x00, 0x82, 0x20, 0x00, 0x83, 0x20, 0x08, 0x82,
    0x40, 0x08, 0x01, 0x40, 0x10, 0x40, 0x10, 0x83, 0x60, 0x10, 0x00, 0x60, 0x18, 0x82, 0x80, 0x18,
    0x00, 0x44, 0xAB, 0x83, 0xE6, 0xFC, 0x01, 0x06, 0xFD, 0x06, 0xFD, 0x82, 0xE6, 0xFC, 0x00, 0x85,
    0xEC, 0x8A, 0xA2, 0x51, 0x91, 0xA2, 0x59, 0x82, 0xC2, 0x59, 0x86, 0xC2, 0x61, 0x84, 0xE2, 0x61,
    0x98, 0xE2, 0x69, 0x8B, 0xC2, 0x61, 0x82, 0xA2, 0x61, 0x84, 0xA2, 0x59, 0x84, 0x82, 0x59, 0x84,
    0x81, 0x59, 0x01, 0x82, 0x59, 0x82, 0x59, 0x82, 0x81, 0x51, 0x87, 0x61, 0x51, 0x00, 0xE5, 0xEB,
    0x86, 0x45, 0xFC, 0x02, 0x25, 0xFC, 0x45, 0xFC, 0xC3, 0xAA, 0x82, 0x60, 0x18, 0x01, 0x60, 0x10,
    0x60, 0x10, 0x82, 0x40, 0x10, 0x00, 0x40, 0x08, 0x87, 0x20, 0x08, 0x00, 0x20, 0x00, 0x8E, 0x00,
    0x00, 0x8C, 0x00, 0x00, 0x82, 0x20, 0x00, 0x83, 0x20, 0x08, 0x82, 0x40, 0x08, 0x01, 0x40, 0x10,
    0x40, 0x10, 0x83, 0x60, 0x10, 0x00, 0x60, 0x18, 0x82, 0x80, 0x18, 0x00, 0x83, 0x82, 0x89, 0xE6,
    0xFC, 0x01, 0x02, 0x6A, 0x81, 0x49, 0x88, 0xA2, 0x51, 0x01, 0xA2, 0x59, 0xA2, 0x51, 0x90, 0xA2,
    0x59, 0x83, 0xC2, 0x59, 0x86, 0xC2, 0x61, 0x85, 0xE2, 0x61, 0x90, 0xE2, 0x69, 0x01, 0xC2, 0x69,
    0xC2, 0x69, 0x8B, 0xC2, 0x61, 0x83, 0xA2, 0x61, 0x85, 0xA2, 0x59, 0x85, 0x82, 0x59, 0x84, 0x81,
    0x59, 0x03, 0x81, 0x51, 0x82, 0x59, 0x81, 0x51, 0x81, 0x51, 0x86, 0x61, 0x51, 0x02, 0x41, 0x49,
    0xC2, 0x69, 0x25, 0xFC, 0x86, 0x45, 0xFC, 0x02, 0x25, 0xFC, 0x25, 0xFC, 0x22, 0x82, 0x82, 0x60,
    0x18, 0x00, 0x60, 0x10, 0x83, 0x40, 0x10, 0x00, 0x40, 0x08, 0x87, 0x20, 0x08, 0x00, 0x20, 0x00,
    0x8E, 0x00, 0x00, 0x8C, 0x00, 0x00, 0x82, 0x20, 0x00, 0x83, 0x20, 0x08, 0x82, 0x40, 0x08, 0x82,
    0x40, 0x10, 0x83, 0x60, 0x10, 0x03, 0x60, 0x18, 0x80, 0x18, 0x80, 0x18, 0xC2, 0x59, 0x89, 0xE6,
    0xFC, 0x03, 0xA3, 0x8A, 0x61, 0x49, 0xA1, 0x51, 0x81, 0x51, 0x88, 0xA2, 0x51, 0x01, 0xA2, 0x59,
    0xA2, 0x51, 0x8F, 0xA2, 0x59, 0x83, 0xC2, 0x59, 0x87, 0xC2, 0x61, 0x01, 0xE2, 0x61, 0xC2, 0x61,
    0x82, 0xE2, 0x61, 0x8D, 0xE2, 0x69, 0x8E, 0xC2, 0x61, 0x83, 0xA2, 0x61, 0x83, 0xA2, 0x59, 0x87,
    0x82, 0x59, 0x85, 0x81, 0x59, 0x82, 0x81, 0x51, 0x87, 0x61, 0x51, 0x03, 0x21, 0x41, 0x43, 0x8A,
    0x45, 0xFC, 0x25, 0xFC, 0x84, 0x45, 0xFC, 0x82, 0x25, 0xFC, 0x00, 0x81, 0x59, 0x82, 0x60, 0x18,
    0x00, 0x60, 0x10, 0x83, 0x40, 0x10, 0x00, 0x40, 0x08, 0x87, 0x20, 0x08, 0x00, 0x20, 0x00, 0x8E,
    0x00, 0x00, 0x8D, 0x00, 0x00, 0x01, 0x20, 0x00, 0x20, 0x00, 0x83, 0x20, 0x08, 0x83, 0x40, 0x08,
    0x01, 0x40, 0x10, 0x40, 0x10, 0x83, 0x60, 0x10, 0x04, 0x60, 0x18, 0x80, 0x18, 0x80, 0x18, 0x21,
    0x39, 0xC6, 0xFC, 0x86, 0xE6, 0xFC, 0x08, 0xC6, 0xFC, 0xE6, 0xFC, 0x64, 0xB3, 0x41, 0x41, 0xA1,
    0x51, 0x81, 0x51, 0x81, 0x51, 0x82, 0x51, 0x82, 0x51, 0x86, 0xA2, 0x51, 0x91, 0xA2, 0x59, 0x83,
    0xC2, 0x59, 0x89, 0xC2, 0x61, 0x04, 0xE2, 0x61, 0xE2, 0x61, 0xC2, 0x61, 0xE2, 0x61, 0xE2, 0x61,
    0x83, 0xC2, 0x61, 0x83, 0xE2, 0x61, 0x8F, 0xC2, 0x61, 0x83, 0xA2, 0x61, 0x84, 0xA2, 0x59, 0x87,
    0x82, 0x59, 0x85, 0x81, 0x59, 0x82, 0x81, 0x51, 0x88, 0x61, 0x51, 0x03, 0x21, 0x41, 0x03, 0xB3,
    0x45, 0xFC, 0x25, 0xFC, 0x82, 0x45, 0xFC, 0x83, 0x25, 0xFC, 0x04, 0x05, 0xFC, 0xE1, 0x30, 0x60,
    0x18, 0x60, 0x18, 0x60, 0x10, 0x84, 0x40, 0x10, 0x00, 0x40, 0x08, 0x87, 0x20, 0x08, 0x00, 0x20,
    0x00, 0x8E, 0x00, 0x00, 0x8D, 0x00, 0x00, 0x82, 0x20, 0x00, 0x82, 0x20, 0x08, 0x83, 0x40, 0x08,
    0x01, 0x40, 0x10, 0x40, 0x10, 0x83, 0x60, 0x10, 0x04, 0x60, 0x18, 0x80, 0x18, 0x80, 0x18, 0x80,
    0x20, 0x25, 0xDC, 0x88, 0xE6, 0xFC, 0x00, 0x25, 0xDC, 0x84, 0x81, 0x51, 0x84, 0x82, 0x51, 0x84,
    0xA2, 0x51, 0x91, 0xA2, 0x59, 0x83, 0xC2, 0x59, 0xA0, 0xC2, 0x61, 0x85, 0xA2, 0x61, 0x86, 0xA2,
    0x59, 0x87, 0x82, 0x59, 0x83, 0x81, 0x59, 0x01, 0x81, 0x51, 0x61, 0x51, 0x82, 0x81, 0x51, 0x88,
    0x61, 0x51, 0x05, 0x41, 0x49, 0xA4, 0xDB, 0x45, 0xFC, 0x25, 0xFC, 0x45, 0xFC, 0x45, 0xFC, 0x84,
    0x25, 0xFC, 0x04, 0xA4, 0xDB, 0x80, 0x18, 0x60, 0x18, 0x60, 0x18, 0x60, 0x10, 0x84, 0x40, 0x10,
    0x00, 0x40, 0x08, 0x86, 0x20, 0x08, 0x01, 0x20, 0x00, 0x20, 0x00, 0x8E, 0x00, 0x00, 0x8D, 0x00,
    0x00, 0x82, 0x20, 0x00, 0x82, 0x20, 0x08, 0x84, 0x40, 0x08, 0x01, 0x40, 0x10, 0x40, 0x10, 0x82,
    0x60, 0x10, 0x04, 0x60, 0x18, 0x60, 0x18, 0x80, 0x18, 0x80, 0x18, 0x44, 0xAB, 0x88, 0xE6, 0xFC,
    0x02, 0xC6, 0xFC, 0xE2, 0x61, 0x61, 0x49, 0x83, 0x81, 0x51, 0x87, 0x82, 0x51, 0x01, 0xA2, 0x51,
    0x82, 0x51, 0x91, 0xA2, 0x59, 0x83, 0xC2, 0x59, 0x00, 0xA2, 0x59, 0x9D, 0xC2, 0x61, 0x85, 0xA2,
    0x61, 0x83, 0xA2, 0x59, 0x02, 0x82, 0x59, 0x82, 0x59, 0xA2, 0x59, 0x87, 0x82, 0x59, 0x83, 0x81,
    0x59, 0x04, 0x81, 0x51, 0x81, 0x51, 0x61, 0x51, 0x61, 0x51, 0x81, 0x51, 0x88, 0x61, 0x51, 0x04,
    0x41, 0x49, 0xC2, 0x69, 0x25, 0xFC, 0x45, 0xFC, 0x45, 0xFC, 0x86, 0x25, 0xFC, 0x04, 0xC3, 0xAA,
    0x60, 0x18, 0x60, 0x18, 0x60, 0x10, 0x60, 0x10, 0x84, 0x40, 0x10, 0x87, 0x20, 0x08, 0x01, 0x20,
    0x00, 0x20, 0x00, 0x8E, 0x00, 0x00, 0x8D, 0x00, 0x00, 0x82, 0x20, 0x00, 0x83, 0x20, 0x08, 0x83,
    0x40, 0x08, 0x01, 0x40, 0x10, 0x40, 0x10, 0x82, 0x60, 0x10, 0x06, 0x60, 0x18, 0x60, 0x18, 0x80,
    0x18, 0x80, 0x18, 0x42, 0x72, 0xE6, 0xFC, 0xC5, 0xFC, 0x85, 0xE6, 0xFC, 0x03, 0xC6, 0xFC, 0xE6,
    0xFC, 0xC3, 0x92, 0x61, 0x49, 0x83, 0x81, 0x51, 0x85, 0x82, 0x51, 0x00, 0xA2, 0x51, 0x84, 0x82,
    0x51, 0x82, 0xA2, 0x51, 0x94, 0xA2, 0x59, 0x96, 0xC2, 0x61, 0x86, 0xA2, 0x61, 0x85, 0xA2, 0x59,
    0x8A, 0x82, 0x59, 0x82, 0x81, 0x59, 0x82, 0x81, 0x51, 0x8C, 0x61, 0x51, 0x02, 0x21, 0x41, 0x63,
    0x92, 0x45, 0xFC, 0x88, 0x25, 0xFC, 0x04, 0xE2, 0x71, 0x60, 0x18, 0x60, 0x18, 0x60, 0x10, 0x60,
    0x10, 0x83, 0x40, 0x10, 0x00, 0x40, 0x08, 0x87, 0x20, 0x08, 0x00, 0x20, 0x00, 0x8F, 0x00, 0x00,
    0x8D, 0x00, 0x00, 0x82, 0x20, 0x00, 0x83, 0x20, 0x08, 0x83, 0x40, 0x08, 0x82, 0x40, 0x10, 0x82,
    0x60, 0x10, 0x05, 0x60, 0x18, 0x80, 0x18, 0x80, 0x18, 0x41, 0x41, 0xC5, 0xFC, 0xC6, 0xFC, 0x85,
    0xE6, 0xFC, 0x03, 0xC6, 0xFC, 0xE6, 0xFC, 0xC4, 0xC3, 0x61, 0x49, 0x84, 0x81, 0x51, 0x8B, 0x82,
    0x51, 0x82, 0xA2, 0x51, 0x97, 0xA2, 0x59, 0x8A, 0xC2, 0x61, 0x82, 0xA2, 0x61, 0x82, 0xC2, 0x61,
    0x85, 0xA2, 0x61, 0x87, 0xA2, 0x59, 0x8A, 0x82, 0x59, 0x82, 0x81, 0x59, 0x82, 0x81, 0x51, 0x8D,
    0x61, 0x51, 0x01, 0x21, 0x49, 0x44, 0xCB, 0x89, 0x25, 0xFC, 0x04, 0x01, 0x41, 0x60, 0x18, 0x60,
    0x18, 0x60, 0x10, 0x60, 0x10, 0x83, 0x40, 0x10, 0x00, 0x40, 0x08, 0x87, 0x20, 0x08, 0x00, 0x20,
    0x00, 0x8F, 0x00, 0x00, 0x8E, 0x00, 0x00, 0x01, 0x20, 0x00, 0x20, 0x00, 0x83, 0x20, 0x08, 0x83,
    0x40, 0x08, 0x82, 0x40, 0x10, 0x82, 0x60, 0x10, 0x05, 0x60, 0x18, 0x60, 0x18, 0x80, 0x18, 0x80,
    0x18, 0x25, 0xDC, 0xE6, 0xFC, 0x87, 0xC6, 0xFC, 0x02, 0xA5, 0xF4, 0xC2, 0x61, 0x61, 0x49, 0x84,
    0x81, 0x51, 0x8B, 0x82, 0x51, 0x82, 0xA2, 0x51, 0x00, 0x82, 0x51, 0x83, 0xA2, 0x59, 0x82, 0x82,
    0x59, 0x90, 0xA2, 0x59, 0x90, 0xA2, 0x61, 0x88, 0xA2, 0x59, 0x8D, 0x82, 0x59, 0x02, 0x81, 0x59,
    0x81, 0x51, 0x81, 0x59, 0x82, 0x81, 0x51, 0x8C, 0x61, 0x51, 0x02, 0x41, 0x49, 0xA2, 0x61, 0x05,
    0xF4, 0x88, 0x25, 0xFC, 0x04, 0x84, 0xDB, 0x60, 0x18, 0x60, 0x18, 0x60, 0x10, 0x60, 0x10, 0x84,
    0x40, 0x10, 0x00, 0x40, 0x08, 0x87, 0x20, 0x08, 0x00, 0x20, 0x00, 0x8F, 0x00, 0x00, 0x8E, 0x00,
    0x00, 0x82, 0x20, 0x00, 0x83, 0x20, 0x08, 0x82, 0x40, 0x08, 0x82, 0x40, 0x10, 0x82, 0x60, 0x10,
    0x06, 0x60, 0x18, 0x60, 0x18, 0x80, 0x18, 0x80, 0x18, 0x03, 0x9B, 0xE6, 0xFC, 0xC5, 0xFC, 0x87,
    0xC6, 0xFC, 0x01, 0xC3, 0x92, 0x41, 0x41, 0x84, 0x81, 0x51, 0x8E, 0x82, 0x51, 0x02, 0xA2, 0x51,
    0x82, 0x51, 0x82, 0x51, 0x85, 0x82, 0x59, 0xA7, 0xA2, 0x59, 0x84, 0x82, 0x59, 0x00, 0x81, 0x59,
    0x88, 0x82, 0x59, 0x05, 0x81, 0x59, 0x81, 0x51, 0x81, 0x51, 0x61, 0x51, 0x81, 0x51, 0x81, 0x51,
    0x8D, 0x61, 0x51, 0x01, 0x21, 0x41, 0x63, 0x92, 0x89, 0x25, 0xFC, 0x04, 0x83, 0x9A, 0x60, 0x18,
    0x60, 0x18, 0x60, 0x10, 0x60, 0x10, 0x84, 0x40, 0x10, 0x00, 0x40, 0x08, 0x86, 0x20, 0x08, 0x01,
    0x20, 0x00, 0x20, 0x00, 0x8F, 0x00, 0x00, 0x8E, 0x00, 0x00, 0x82, 0x20, 0x00, 0x83, 0x20, 0x08,
    0x83, 0x40, 0x08, 0x82, 0x40, 0x10, 0x82, 0x60, 0x10, 0x04, 0x60, 0x18, 0x80, 0x18, 0x80, 0x18,
    0xA2, 0x59, 0xC5, 0xFC, 0x88, 0xC6, 0xFC, 0x01, 0xE5, 0xD3, 0x61, 0x49, 0x85, 0x81, 0x51, 0x93,
    0x82, 0x51, 0x84, 0x82, 0x59, 0xA3, 0xA2, 0x59, 0x85, 0x82, 0x59, 0x83, 0x81, 0x59, 0x85, 0x82,
    0x59, 0x82, 0x81, 0x51, 0x02, 0x61, 0x51, 0x61, 0x51, 0x81, 0x51, 0x8C, 0x61, 0x51, 0x03, 0x41,
    0x51, 0x41, 0x51, 0x41, 0x49, 0x84, 0xD3, 0x89, 0x25, 0xFC, 0x04, 0x61, 0x59, 0x60, 0x18, 0x60,
    0x18, 0x60, 0x10, 0x60, 0x10, 0x83, 0x40, 0x10, 0x00, 0x40, 0x08, 0x87, 0x20, 0x08, 0x00, 0x20,
    0x00, 0x90, 0x00, 0x00, 0x8E, 0x00, 0x00, 0x82, 0x20, 0x00, 0x84, 0x20, 0x08, 0x82, 0x40, 0x08,
    0x82, 0x40, 0x10, 0x82, 0x60, 0x10, 0x04, 0x60, 0x18, 0x80, 0x18, 0x80, 0x18, 0xA0, 0x20, 0x65,
    0xE4, 0x82, 0xC5, 0xFC, 0x85, 0xC6, 0xFC, 0x02, 0xA6, 0xFC, 0x02, 0x6A, 0x61, 0x49, 0x85, 0x81,
    0x51, 0x93, 0x82, 0x51, 0x85, 0x82, 0x59, 0x9E, 0xA2, 0x59, 0x87, 0x82, 0x59, 0x85, 0x81, 0x59,
    0x03, 0x82, 0x59, 0x82, 0x59, 0x82, 0x51, 0x82, 0x51, 0x82, 0x81, 0x51, 0x8F, 0x61, 0x51, 0x03,
    0x41, 0x51, 0x61, 0x51, 0x21, 0x49, 0xE2, 0x71, 0x89, 0x25, 0xFC, 0x04, 0xA4, 0xE3, 0x80, 0x20,
    0x60, 0x18, 0x60, 0x18, 0x60, 0x10, 0x84, 0x40, 0x10, 0x00, 0x40, 0x08, 0x87, 0x20, 0x08, 0x00,
    0x20, 0x00, 0x90, 0x00, 0x00, 0x8F, 0x00, 0x00, 0x01, 0x20, 0x00, 0x20, 0x00, 0x84, 0x20, 0x08,
    0x82, 0x40, 0x08, 0x82, 0x40, 0x10, 0x82, 0x60, 0x10, 0x04, 0x60, 0x18, 0x60, 0x18, 0x80, 0x18,
    0x80, 0x18, 0x03, 0xA3, 0x85, 0xC5, 0xFC, 0x05, 0xC6, 0xFC, 0xC6, 0xFC, 0xA6, 0xFC, 0xC6, 0xFC,
    0x44, 0xB3, 0x41, 0x41, 0x86, 0x81, 0x51, 0x86, 0x82, 0x51, 0x01, 0x81, 0x51, 0x81, 0x51, 0x8B,
    0x82, 0x51, 0x01, 0x82, 0x59, 0x82, 0x51, 0x84, 0x82, 0x59, 0x84, 0xA2, 0x59, 0x83, 0x82, 0x59,
    0x8F, 0xA2, 0x59, 0x88, 0x82, 0x59, 0x86, 0x81, 0x59, 0x02, 0x81, 0x51, 0x81, 0x51, 0x82, 0x51,
    0x83, 0x81, 0x51, 0x90, 0x61, 0x51, 0x03, 0x41, 0x51, 0x61, 0x51, 0x21, 0x41, 0xE3, 0xB2, 0x87,
    0x25, 0xFC, 0x06, 0x05, 0xFC, 0x25, 0xFC, 0xA3, 0xA2, 0x60, 0x18, 0x60, 0x18, 0x60, 0x10, 0x60,
    0x10, 0x84, 0x40, 0x10, 0x00, 0x40, 0x08, 0x87, 0x20, 0x08, 0x00, 0x20, 0x00, 0x90, 0x00, 0x00,
    0x8F, 0x00, 0x00, 0x82, 0x20, 0x00, 0x84, 0x20, 0x08, 0x82, 0x40, 0x08, 0x01, 0x40, 0x10, 0x40,
    0x10, 0x83, 0x60, 0x10, 0x03, 0x60, 0x18, 0x80, 0x18, 0x80, 0x18, 0x81, 0x51, 0x88, 0xC5, 0xFC,
    0x03, 0xC6, 0xFC, 0x85, 0xF4, 0xC2, 0x59, 0x61, 0x49, 0x86, 0x81, 0x51, 0x86, 0x82, 0x51, 0x01,
    0x81, 0x51, 0x81, 0x51, 0x8E, 0x82, 0x51, 0x85, 0x82, 0x59, 0x00, 0xA2, 0x59, 0x85, 0x82, 0x59,
    0x86, 0xA2, 0x59, 0x8E, 0x82, 0x59, 0x85, 0x81, 0x59, 0x01, 0x81, 0x51, 0x81, 0x59, 0x84, 0x81,
    0x51, 0x01, 0x61, 0x51, 0x81, 0x51, 0x90, 0x61, 0x51, 0x04, 0x41, 0x51, 0x41, 0x51, 0x41, 0x49,
    0x82, 0x61, 0x05, 0xF4, 0x89, 0x25, 0xFC, 0x04, 0x41, 0x51, 0x60, 0x18, 0x60, 0x18, 0x60, 0x10,
    0x60, 0x10, 0x83, 0x40, 0x10, 0x00, 0x40, 0x08, 0x87, 0x20, 0x08, 0x01, 0x20, 0x00, 0x20, 0x00,
    0x90, 0x00, 0x00, 0x8F, 0x00, 0x00, 0x82, 0x20, 0x00, 0x84, 0x20, 0x08, 0x82, 0x40, 0x08, 0x82,
    0x40, 0x10, 0x82, 0x60, 0x10, 0x04, 0x60, 0x18, 0x60, 0x18, 0x80, 0x18, 0x80, 0x18, 0x05, 0xD4,
    0x87, 0xC5, 0xFC, 0x04, 0xA5, 0xFC, 0xC5, 0xFC, 0xE3, 0xA2, 0x41, 0x41, 0x82, 0x51, 0x86, 0x81,
    0x51, 0x86, 0x82, 0x51, 0x01, 0x81, 0x51, 0x81, 0x51, 0x90, 0x82, 0x51, 0x8C, 0x82, 0x59, 0x85,
    0x81, 0x59, 0x8A, 0x82, 0x59, 0x83, 0x81, 0x59, 0x87, 0x81, 0x51, 0x01, 0x61, 0x51, 0x81, 0x51,
    0x92, 0x61, 0x51, 0x04, 0x41, 0x51, 0x41, 0x51, 0x61, 0x51, 0x21, 0x41, 0xA3, 0xA2, 0x89, 0x25,
    0xFC, 0x04, 0x64, 0xD3, 0x60, 0x18, 0x60, 0x18, 0x60, 0x10, 0x60, 0x10, 0x84, 0x40, 0x10, 0x00,
    0x40, 0x08, 0x87, 0x20, 0x08, 0x00, 0x20, 0x00, 0x91, 0x00, 0x00, 0x90, 0x00, 0x00, 0x01, 0x20,
    0x00, 0x20, 0x00, 0x85, 0x20, 0x08, 0x01, 0x40, 0x08, 0x40, 0x08, 0x82, 0x40, 0x10, 0x82, 0x60,
    0x10, 0x06, 0x60, 0x18, 0x60, 0x18, 0x80, 0x18, 0x80, 0x18, 0x63, 0x82, 0xC5, 0xFC, 0xA5, 0xFC,
    0x85, 0xC5, 0xFC, 0x04, 0xA5, 0xFC, 0xA5, 0xFC, 0x65, 0xEC, 0xA2, 0x59, 0x61, 0x51, 0x87, 0x81,
    0x51, 0x86, 0x82, 0x51, 0x01, 0x81, 0x51, 0x81, 0x51, 0x93, 0x82, 0x51, 0x87, 0x82, 0x59, 0x87,
    0x81, 0x59, 0x87, 0x82, 0x59, 0x0C, 0x81, 0x59, 0x81, 0x59, 0x81, 0x51, 0x81, 0x51, 0x81, 0x59,
    0x81, 0x51, 0x81, 0x51, 0x61, 0x51, 0x61, 0x51, 0x81, 0x51, 0x81, 0x51, 0x61, 0x51, 0x81, 0x51,
    0x94, 0x61, 0x51, 0x82, 0x41, 0x51, 0x02, 0x41, 0x49, 0x81, 0x59, 0xE5, 0xEB, 0x87, 0x25, 0xFC,
    0x06, 0x05, 0xFC, 0x25, 0xFC, 0x02, 0x7A, 0x60, 0x18, 0x60, 0x18, 0x60, 0x10, 0x60, 0x10, 0x84,
    0x40, 0x10, 0x00, 0x40, 0x08, 0x87, 0x20, 0x08, 0x00, 0x20, 0x00, 0x91, 0x00, 0x00, 0x90, 0x00,
    0x00, 0x82, 0x20, 0x00, 0x84, 0x20, 0x08, 0x82, 0x40, 0x08, 0x82, 0x40, 0x10, 0x82, 0x60, 0x10,
    0x04, 0x60, 0x18, 0x80, 0x18, 0x80, 0x18, 0xE1, 0x30, 0x85, 0xF4, 0x87, 0xC5, 0xFC, 0x04, 0xA5,
    0xFC, 0xA5, 0xFC, 0x03, 0xA3, 0x41, 0x41, 0x82, 0x51, 0x87, 0x81, 0x51, 0x85, 0x82, 0x51, 0x83,
    0x81, 0x51, 0x97, 0x82, 0x51, 0x01, 0x81, 0x51, 0x81, 0x51, 0x88, 0x81, 0x59, 0x83, 0x82, 0x59,
    0x02, 0x81, 0x51, 0x81, 0x51, 0x81, 0x59, 0x84, 0x81, 0x51, 0x9C, 0x61, 0x51, 0x04, 0x41, 0x51,
    0x41, 0x51, 0x61, 0x51, 0x21, 0x41, 0xC3, 0xA2, 0x89, 0x25, 0xFC, 0x04, 0xE5, 0xF3, 0xC1, 0x28,
    0x60, 0x18, 0x60, 0x18, 0x60, 0x10, 0x84, 0x40, 0x10, 0x00, 0x40, 0x08, 0x87, 0x20, 0x08, 0x01,
    0x20, 0x00, 0x20, 0x00, 0x91, 0x00, 0x00, 0x90, 0x00, 0x00, 0x82, 0x20, 0x00, 0x85, 0x20, 0x08,
    0x01, 0x40, 0x08, 0x40, 0x08, 0x82, 0x40, 0x10, 0x82, 0x60, 0x10, 0x06, 0x60, 0x18, 0x60, 0x18,
    0x80, 0x18, 0x80, 0x18, 0x03, 0xA3, 0xC5, 0xFC, 0xA5, 0xFC, 0x84, 0xC5, 0xFC, 0x82, 0xA5, 0xFC,
    0x02, 0x65, 0xF4, 0xA2, 0x59, 0x61, 0x49, 0x88, 0x81, 0x51, 0x85, 0x82, 0x51, 0x83, 0x81, 0x51,
    0x8E, 0x82, 0x51, 0x01, 0x81, 0x51, 0x81, 0x51, 0x84, 0x82, 0x51, 0x95, 0x81, 0x51, 0x9D, 0x61,
    0x51, 0x82, 0x41, 0x51, 0x02, 0x41, 0x49, 0x82, 0x59, 0xE5, 0xF3, 0x87, 0x25, 0xFC, 0x06, 0x05,
    0xFC, 0x25, 0xFC, 0x83, 0xA2, 0x60, 0x18, 0x60, 0x18, 0x60, 0x10, 0x60, 0x10, 0x84, 0x40, 0x10,
    0x00, 0x40, 0x08, 0x87, 0x20, 0x08, 0x00, 0x20, 0x00, 0x92, 0x00, 0x00, 0x90, 0x00, 0x00, 0x83,
    0x20, 0x00, 0x84, 0x20, 0x08, 0x82, 0x40, 0x08, 0x01, 0x40, 0x10, 0x40, 0x10, 0x83, 0x60, 0x10,
    0x05, 0x60, 0x18, 0x80, 0x18, 0x80, 0x18, 0x21, 0x41, 0xA5, 0xFC, 0xA5, 0xFC, 0x83, 0xC5, 0xFC,
    0x84, 0xA5, 0xFC, 0x01, 0x44, 0xB3, 0x41, 0x41, 0x89, 0x81, 0x51, 0x85, 0x82, 0x51, 0x84, 0x81,
    0x51, 0x8F, 0x82, 0x51, 0x93, 0x81, 0x51, 0xA2, 0x61, 0x51, 0x82, 0x41, 0x51, 0x02, 0x61, 0x51,
    0x21, 0x41, 0x04, 0xBB, 0x89, 0x25, 0xFC, 0x05, 0x05, 0xFC, 0x01, 0x39, 0x60, 0x18, 0x60, 0x18,
    0x60, 0x10, 0x60, 0x10, 0x83, 0x40, 0x10, 0x00, 0x40, 0x08, 0x88, 0x20, 0x08, 0x00, 0x20, 0x00,
    0x92, 0x00, 0x00, 0x91, 0x00, 0x00, 0x82, 0x20, 0x00, 0x85, 0x20, 0x08, 0x01, 0x40, 0x08, 0x40,
    0x08, 0x82, 0x40, 0x10, 0x83, 0x60, 0x10, 0x06, 0x60, 0x18, 0x80, 0x18, 0x80, 0x18, 0x44, 0xB3,
    0xC5, 0xFC, 0xA5, 0xFC, 0xC5, 0xFC, 0x86, 0xA5, 0xFC, 0x02, 0x85, 0xFC, 0x02, 0x72, 0x41, 0x49,
    0x8A, 0x81, 0x51, 0x84, 0x82, 0x51, 0x85, 0x81, 0x51, 0x86, 0x82, 0x51, 0x01, 0x62, 0x51, 0x62,
    0x51, 0x84, 0x82, 0x51, 0x8E, 0x81, 0x51, 0x02, 0x61, 0x51, 0x61, 0x51, 0x81, 0x51, 0xA3, 0x61,
    0x51, 0x82, 0x41, 0x51, 0x02, 0x61, 0x51, 0x21, 0x49, 0xE2, 0x71, 0x88, 0x25, 0xFC, 0x06, 0x05,
    0xFC, 0x05, 0xFC, 0xC3, 0xB2, 0x60, 0x18, 0x60, 0x18, 0x60, 0x10, 0x60, 0x10, 0x84, 0x40, 0x10,
    0x00, 0x40, 0x08, 0x87, 0x20, 0x08, 0x01, 0x20, 0x00, 0x20, 0x00, 0x92, 0x00, 0x00, 0x91, 0x00,
    0x00, 0x82, 0x20, 0x00, 0x85, 0x20, 0x08, 0x01, 0x40, 0x08, 0x40, 0x08, 0x82, 0x40, 0x10, 0x84,
    0x60, 0x10, 0x02, 0x80, 0x18, 0x80, 0x18, 0x41, 0x41, 0x8A, 0xA5, 0xFC, 0x04, 0xE4, 0xD3, 0x61,
    0x49, 0x81, 0x51, 0x61, 0x51, 0x61, 0x51, 0x88, 0x81, 0x51, 0x84, 0x82, 0x51, 0x86, 0x81, 0x51,
    0x02, 0x82, 0x51, 0x82, 0x51, 0x62, 0x51, 0x83, 0x82, 0x51, 0x83, 0x62, 0x51, 0x00, 0x61, 0x51,
    0x89, 0x81, 0x51, 0xAA, 0x61, 0x51, 0x84, 0x41, 0x51, 0x01, 0x41, 0x49, 0x84, 0xDB, 0x87, 0x25,
    0xFC, 0x82, 0x05, 0xFC, 0x04, 0x01, 0x41, 0x60, 0x18, 0x60, 0x18, 0x60, 0x10, 0x60, 0x10, 0x84,
    0x40, 0x10, 0x00, 0x40, 0x08, 0x87, 0x20, 0x08, 0x00, 0x20, 0x00, 0x93, 0x00, 0x00, 0x92, 0x00,
    0x00, 0x82, 0x20, 0x00, 0x85, 0x20, 0x08, 0x01, 0x40, 0x08, 0x40, 0x08, 0x82, 0x40, 0x10, 0x83,
    0x60, 0x10, 0x03, 0x60, 0x18, 0x80, 0x18, 0x80, 0x18, 0x24, 0xAB, 0x8A, 0xA5, 0xFC, 0x04, 0xC3,
    0x9A, 0x41, 0x41, 0x81, 0x51, 0x61, 0x51, 0x61, 0x51, 0x83, 0x81, 0x51, 0x00, 0x61, 0x51, 0x84,
    0x81, 0x51, 0x83, 0x82, 0x51, 0x83, 0x81, 0x51, 0x01, 0x61, 0x51, 0x61, 0x51, 0x82, 0x81, 0x51,
    0x00, 0x82, 0x51, 0x82, 0x62, 0x51, 0x01, 0x82, 0x51, 0x82, 0x51, 0xB1, 0x61, 0x51, 0x00, 0x41,
    0x51, 0x83, 0x61, 0x51, 0x83, 0x41, 0x51, 0x04, 0x61, 0x51, 0x01, 0x41, 0xA3, 0xA2, 0x25, 0xFC,
    0x05, 0xFC, 0x84, 0x25, 0xFC, 0x83, 0x05, 0xFC, 0x04, 0xC3, 0xAA, 0x60, 0x18, 0x60, 0x18, 0x60,
    0x10, 0x60, 0x10, 0x84, 0x40, 0x10, 0x00, 0x40, 0x08, 0x87, 0x20, 0x08, 0x95, 0x00, 0x00, 0x92,
    0x00, 0x00, 0x82, 0x20, 0x00, 0x85, 0x20, 0x08, 0x01, 0x40, 0x08, 0x40, 0x08, 0x82, 0x40, 0x10,
    0x84, 0x60, 0x10, 0x03, 0x80, 0x18, 0x80, 0x18, 0x01, 0x39, 0x85, 0xF4, 0x89, 0xA5, 0xFC, 0x05,
    0x85, 0xF4, 0xE2, 0x69, 0x41, 0x49, 0x81, 0x51, 0x61, 0x51, 0x61, 0x51, 0x83, 0x81, 0x51, 0x00,
    0x61, 0x51, 0x84, 0x81, 0x51, 0x83, 0x82, 0x51, 0x00, 0x81, 0x51, 0x85, 0x61, 0x51, 0x83, 0x81,
    0x51, 0x00, 0x62, 0x51, 0x83, 0x61, 0x51, 0x00, 0x81, 0x51, 0xAD, 0x61, 0x51, 0x01, 0x41, 0x51,
    0x41, 0x51, 0x82, 0x61, 0x51, 0x83, 0x41, 0x51, 0x04, 0x61, 0x51, 0x21, 0x49, 0xC2, 0x69, 0x05,
    0xFC, 0x05, 0xFC, 0x83, 0x25, 0xFC, 0x84, 0x05, 0xFC, 0x05, 0xE5, 0xF3, 0xE1, 0x38, 0x60, 0x18,
    0x60, 0x18, 0x60, 0x10, 0x60, 0x10, 0x84, 0x40, 0x10, 0x00, 0x40, 0x08, 0x87, 0x20, 0x08, 0x95,
    0x00, 0x00, 0x92, 0x00, 0x00, 0x82, 0x20, 0x00, 0x86, 0x20, 0x08, 0x01, 0x40, 0x08, 0x40, 0x08,
    0x82, 0x40, 0x10, 0x83, 0x60, 0x10, 0x03, 0x60, 0x18, 0x80, 0x18, 0x60, 0x18, 0xC3, 0x92, 0x8A,
    0xA5, 0xFC, 0x03, 0xE4, 0xDB, 0x61, 0x49, 0x61, 0x51, 0x81, 0x51, 0x82, 0x61, 0x51, 0x82, 0x81,
    0x51, 0x01, 0x61, 0x51, 0x61, 0x51, 0x84, 0x81, 0x51, 0x02, 0x82, 0x51, 0x62, 0x51, 0x62, 0x51,
    0xB6, 0x61, 0x51, 0x00, 0x41, 0x51, 0x83, 0x61, 0x51, 0x83, 0x41, 0x51, 0x01, 0x61, 0x51, 0x61,
    0x51, 0x84, 0x41, 0x51, 0x04, 0x41, 0x49, 0x41, 0x49, 0x84, 0xDB, 0x25, 0xFC, 0x05, 0xFC, 0x82,
    0x25, 0xFC, 0x85, 0x05, 0xFC, 0x04, 0x63, 0x92, 0x60, 0x18, 0x60, 0x18, 0x60, 0x10, 0x60, 0x10,
    0x84, 0x40, 0x10, 0x00, 0x40, 0x08, 0x88, 0x20, 0x08, 0x95, 0x00, 0x00, 0x93, 0x00, 0x00, 0x82,
    0x20, 0x00, 0x85, 0x20, 0x08, 0x01, 0x40, 0x08, 0x40, 0x08, 0x82, 0x40, 0x10, 0x84, 0x60, 0x10,
    0x03, 0x60, 0x18, 0x80, 0x18, 0xC1, 0x28, 0x25, 0xE4, 0x88, 0xA5, 0xFC, 0x04, 0x85, 0xFC, 0xA5,
    0xFC, 0x24, 0xB3, 0x21, 0x41, 0x81, 0x51, 0x83, 0x61, 0x51, 0x82, 0x81, 0x51, 0x09, 0x61, 0x51,
    0x61, 0x51, 0x81, 0x51, 0x81, 0x51, 0x61, 0x51, 0x81, 0x51, 0x61, 0x51, 0x61, 0x51, 0x62, 0x51,
    0x62, 0x51, 0xB4, 0x61, 0x51, 0x01, 0x41, 0x51, 0x41, 0x51, 0x82, 0x61, 0x51, 0x8B, 0x41, 0x51,
    0x05, 0x01, 0x41, 0xE3, 0xB2, 0x25, 0xFC, 0x05, 0xFC, 0x25, 0xFC, 0x25, 0xFC, 0x86, 0x05, 0xFC,
    0x04, 0xA4, 0xE3, 0xA0, 0x20, 0x60, 0x18, 0x60, 0x18, 0x60, 0x10, 0x85, 0x40, 0x10, 0x00, 0x40,
    0x08, 0x87, 0x20, 0x08, 0x96, 0x00, 0x00, 0x93, 0x00, 0x00, 0x82, 0x20, 0x00, 0x86, 0x20, 0x08,
    0x01, 0x40, 0x08, 0x40, 0x08, 0x82, 0x40, 0x10, 0x84, 0x60, 0x10, 0x02, 0x80, 0x18, 0x60, 0x18,
    0xE2, 0x69, 0x89, 0xA5, 0xFC, 0x04, 0x85, 0xFC, 0xA5, 0xFC, 0x83, 0x8A, 0x21, 0x41, 0x81, 0x51,
    0x8F, 0x61, 0x51, 0x01, 0x62, 0x51, 0x62, 0x51, 0xB0, 0x61, 0x51, 0x82, 0x41, 0x51, 0x82, 0x61,
    0x51, 0x8A, 0x41, 0x51, 0x06, 0x61, 0x51, 0x01, 0x41, 0x63, 0x92, 0x25, 0xFC, 0x05, 0xFC, 0x25,
    0xFC, 0x25, 0xFC, 0x87, 0x05, 0xFC, 0x04, 0xA2, 0x69, 0x60, 0x18, 0x60, 0x18, 0x60, 0x10, 0x60,
    0x10, 0x84, 0x40, 0x10, 0x00, 0x40, 0x08, 0x88, 0x20, 0x08, 0x96, 0x00, 0x00, 0x94, 0x00, 0x00,
    0x82, 0x20, 0x00, 0x85, 0x20, 0x08, 0x01, 0x40, 0x08, 0x40, 0x08, 0x82, 0x40, 0x10, 0x84, 0x60,
    0x10, 0x05, 0x60, 0x18, 0x80, 0x18, 0x60, 0x18, 0x64, 0xBB, 0xA5, 0xFC, 0x85, 0xFC, 0x86, 0xA5,
    0xFC, 0x05, 0x85, 0xFC, 0x85, 0xFC, 0x65, 0xFC, 0x02, 0x72, 0x41, 0x41, 0x81, 0x51, 0x90, 0x61,
    0x51, 0x00, 0x62, 0x51, 0xAD, 0x61, 0x51, 0x83, 0x41, 0x51, 0x01, 0x61, 0x51, 0x61, 0x51, 0x8C,
    0x41, 0x51, 0x04, 0x21, 0x41, 0xE2, 0x71, 0x05, 0xFC, 0x05, 0xFC, 0x25, 0xFC, 0x88, 0x05, 0xFC,
    0x04, 0x04, 0xBB, 0x60, 0x18, 0x60, 0x18, 0x60, 0x10, 0x60, 0x10, 0x84, 0x40, 0x10, 0x01, 0x40,
    0x08, 0x40, 0x08, 0x87, 0x20, 0x08, 0x97, 0x00, 0x00, 0x94, 0x00, 0x00, 0x82, 0x20, 0x00, 0x86,
    0x20, 0x08, 0x01, 0x40, 0x08, 0x40, 0x08, 0x82, 0x40, 0x10, 0x84, 0x60, 0x10, 0x03, 0x60, 0x18,
    0x60, 0x18, 0x01, 0x31, 0x65, 0xF4, 0x87, 0xA5, 0xFC, 0x82, 0x85, 0xFC, 0x02, 0x45, 0xEC, 0xC2,
    0x61, 0x41, 0x49, 0xBA, 0x61, 0x51, 0x02, 0x41, 0x51, 0x61, 0x51, 0x61, 0x51, 0x84, 0x41, 0x51,
    0x00, 0x61, 0x51, 0x8D, 0x41, 0x51, 0x03, 0x21, 0x41, 0xA2, 0x61, 0xE5, 0xEB, 0x25, 0xFC, 0x89,
    0x05, 0xFC, 0x04, 0xC5, 0xF3, 0xC1, 0x30, 0x60, 0x18, 0x60, 0x18, 0x60, 0x10, 0x85, 0x40, 0x10,
    0x00, 0x40, 0x08, 0x88, 0x20, 0x08, 0x97, 0x00, 0x00, 0x95, 0x00, 0x00, 0x82, 0x20, 0x00, 0x85,
    0x20, 0x08, 0x82, 0x40, 0x08, 0x82, 0x40, 0x10, 0x83, 0x60, 0x10, 0x05, 0x60, 0x18, 0x80, 0x18,
    0x60, 0x18, 0x02, 0x6A, 0xA5, 0xFC, 0x85, 0xFC, 0x84, 0xA5, 0xFC, 0x84, 0x85, 0xFC, 0x02, 0x05,
    0xDC, 0x81, 0x59, 0x41, 0x49, 0xB6, 0x61, 0x51, 0x03, 0x41, 0x51, 0x41, 0x51, 0x61, 0x51, 0x61,
    0x51, 0x85, 0x41, 0x51, 0x00, 0x61, 0x51, 0x88, 0x41, 0x51, 0x83, 0x41, 0x49, 0x04, 0x41, 0x51,
    0x21, 0x49, 0x62, 0x59, 0xA4, 0xE3, 0x25, 0xFC, 0x8A, 0x05, 0xFC, 0x03, 0xA2, 0x69, 0x60, 0x18,
    0x60, 0x18, 0x60, 0x10, 0x85, 0x40, 0x10, 0x00, 0x40, 0x08, 0x88, 0x20, 0x08, 0x98, 0x00, 0x00,
    0x95, 0x00, 0x00, 0x82, 0x20, 0x00, 0x86, 0x20, 0x08, 0x82, 0x40, 0x08, 0x03, 0x40, 0x10, 0x40,
    0x10, 0x60, 0x10, 0x40, 0x10, 0x82, 0x60, 0x10, 0x07, 0x60, 0x18, 0x80, 0x18, 0x60, 0x18, 0x23,
    0xAB, 0xA5, 0xFC, 0x85, 0xFC, 0xA5, 0xFC, 0xA5, 0xFC, 0x87, 0x85, 0xFC, 0x02, 0xC4, 0xD3, 0x81,
    0x51, 0x61, 0x49, 0xB1, 0x61, 0x51, 0x96, 0x41, 0x51, 0x83, 0x41, 0x49, 0x03, 0x41, 0x51, 0x21,
    0x49, 0x61, 0x51, 0x84, 0xDB, 0x8B, 0x05, 0xFC, 0x03, 0xA3, 0xAA, 0x60, 0x18, 0x60, 0x18, 0x60,
    0x10, 0x86, 0x40, 0x10, 0x89, 0x20, 0x08, 0x98, 0x00, 0x00, 0x96, 0x00, 0x00, 0x82, 0x20, 0x00,
    0x85, 0x20, 0x08, 0x83, 0x40, 0x08, 0x82, 0x40, 0x10, 0x83, 0x60, 0x10, 0x04, 0x60, 0x18, 0x60,
    0x18, 0xA0, 0x20, 0x05, 0xDC, 0xA5, 0xFC, 0x8A, 0x85, 0xFC, 0x02, 0xC4, 0xD3, 0x81, 0x51, 0x41,
    0x49, 0xAC, 0x61, 0x51, 0x98, 0x41, 0x51, 0x84, 0x41, 0x49, 0x03, 0x41, 0x51, 0x21, 0x49, 0x61,
    0x51, 0x64, 0xD3, 0x8B, 0x05, 0xFC, 0x03, 0x84, 0xDB, 0xA0, 0x20, 0x60, 0x18, 0x60, 0x18, 0x86,
    0x40, 0x10, 0x89, 0x20, 0x08, 0x99, 0x00, 0x00, 0x96, 0x00, 0x00, 0x83, 0x20, 0x00, 0x85, 0x20,
    0x08, 0x83, 0x40, 0x08, 0x82, 0x40, 0x10, 0x83, 0x60, 0x10, 0x03, 0x60, 0x18, 0x60, 0x18, 0x41,
    0x41, 0x65, 0xF4, 0x8B, 0x85, 0xFC, 0x03, 0xC4, 0xD3, 0x82, 0x59, 0x41, 0x49, 0x81, 0x51, 0xA7,
    0x61, 0x51, 0x99, 0x41, 0x51, 0x85, 0x41, 0x49, 0x03, 0x41, 0x51, 0x21, 0x41, 0x62, 0x59, 0x84,
    0xDB, 0x8B, 0x05, 0xFC, 0x03, 0xE5, 0xF3, 0x01, 0x41, 0x60, 0x18, 0x60, 0x18, 0x86, 0x40, 0x10,
    0x89, 0x20, 0x08, 0x9A, 0x00, 0x00, 0x97, 0x00, 0x00, 0x82, 0x20, 0x00, 0x86, 0x20, 0x08, 0x82,
    0x40, 0x08, 0x83, 0x40, 0x10, 0x82, 0x60, 0x10, 0x03, 0x60, 0x18, 0x80, 0x18, 0x60, 0x18, 0xE2,
    0x69, 0x8C, 0x85, 0xFC, 0x02, 0xE5, 0xDB, 0xA2, 0x61, 0x21, 0x41, 0xA5, 0x61, 0x51, 0x96, 0x41,
    0x51, 0x00, 0x41, 0x49, 0x82, 0x41, 0x51, 0x85, 0x41, 0x49, 0x03, 0x41, 0x51, 0x01, 0x41, 0x82,
    0x61, 0xA4, 0xE3, 0x8A, 0x05, 0xFC, 0x04, 0xE5, 0xFB, 0x05, 0xFC, 0xA2, 0x69, 0x60, 0x18, 0x60,
    0x18, 0x87, 0x40, 0x10, 0x89, 0x20, 0x08, 0x9A, 0x00, 0x00, 0x97, 0x00, 0x00, 0x83, 0x20, 0x00,
    0x85, 0x20, 0x08, 0x83, 0x40, 0x08, 0x82, 0x40, 0x10, 0x83, 0x60, 0x10, 0x03, 0x60, 0x18, 0x80,
    0x18, 0x60, 0x18, 0x83, 0x92, 0x8C, 0x85, 0xFC, 0x02, 0x25, 0xEC, 0x02, 0x72, 0x21, 0x41, 0xA3,
    0x61, 0x51, 0x90, 0x41, 0x51, 0x00, 0x41, 0x49, 0x83, 0x41, 0x51, 0x00, 0x41, 0x49, 0x82, 0x41,
    0x51, 0x86, 0x41, 0x49, 0x03, 0x41, 0x51, 0x01, 0x41, 0xE2, 0x71, 0xC5, 0xEB, 0x8A, 0x05, 0xFC,
    0x04, 0xE5, 0xFB, 0x05, 0xFC, 0x43, 0x8A, 0x60, 0x18, 0x60, 0x18, 0x87, 0x40, 0x10, 0x89, 0x20,
    0x08, 0x9B, 0x00, 0x00, 0x98, 0x00, 0x00, 0x82, 0x20, 0x00, 0x86, 0x20, 0x08, 0x83, 0x40, 0x08,
    0x82, 0x40, 0x10, 0x83, 0x60, 0x10, 0x05, 0x60, 0x18, 0x80, 0x18, 0x60, 0x18, 0x03, 0xAB, 0x85,
    0xFC, 0x65, 0xFC, 0x88, 0x85, 0xFC, 0x05, 0x65, 0xFC, 0x85, 0xFC, 0x65, 0xF4, 0x63, 0x8A, 0x21,
    0x41, 0x61, 0x49, 0x9F, 0x61, 0x51, 0x8F, 0x41, 0x51, 0x00, 0x41, 0x49, 0x83, 0x41, 0x51, 0x82,
    0x41, 0x49, 0x01, 0x41, 0x51, 0x41, 0x51, 0x86, 0x41, 0x49, 0x03, 0x41, 0x51, 0x41, 0x49, 0x01,
    0x41, 0x43, 0x92, 0x8B, 0x05, 0xFC, 0x04, 0xE5, 0xFB, 0x05, 0xFC, 0xA3, 0xAA, 0x60, 0x18, 0x60,
    0x18, 0x87, 0x40, 0x10, 0x8A, 0x20, 0x08, 0x9B, 0x00, 0x00, 0x99, 0x00, 0x00, 0x82, 0x20, 0x00,
    0x86, 0x20, 0x08, 0x83, 0x40, 0x08, 0x82, 0x40, 0x10, 0x83, 0x60, 0x10, 0x05, 0x60, 0x18, 0x80,
    0x18, 0x80, 0x18, 0x64, 0xBB, 0x85, 0xFC, 0x65, 0xFC, 0x88, 0x85, 0xFC, 0x82, 0x65, 0xFC, 0x05,
    0x03, 0xAB, 0x61, 0x49, 0x41, 0x49, 0x61, 0x51, 0x61, 0x49, 0x61, 0x49, 0x9A, 0x61, 0x51, 0x03,
    0x41, 0x51, 0x41, 0x51, 0x41, 0x49, 0x41, 0x49, 0x88, 0x41, 0x51, 0x82, 0x41, 0x49, 0x82, 0x41,
    0x51, 0x83, 0x41, 0x49, 0x00, 0x41, 0x51, 0x88, 0x41, 0x49, 0x03, 0x41, 0x51, 0x21, 0x41, 0x41,
    0x49, 0xE3, 0xB2, 0x8B, 0x05, 0xFC, 0x04, 0xE5, 0xFB, 0x05, 0xFC, 0x04, 0xBB, 0x60, 0x18, 0x60,
    0x18, 0x87, 0x40, 0x10, 0x8A, 0x20, 0x08, 0x9C, 0x00, 0x00, 0x99, 0x00, 0x00, 0x83, 0x20, 0x00,
    0x86, 0x20, 0x08, 0x82, 0x40, 0x08, 0x83, 0x40, 0x10, 0x83, 0x60, 0x10, 0x05, 0x60, 0x18, 0x60,
    0x18, 0xA0, 0x20, 0x84, 0xC3, 0x85, 0xFC, 0x65, 0xFC, 0x87, 0x85, 0xFC, 0x83, 0x65, 0xFC, 0x06,
    0xC4, 0xD3, 0xC2, 0x69, 0x21, 0x41, 0x61, 0x51, 0x61, 0x51, 0x61, 0x49, 0x61, 0x49, 0x96, 0x61,
    0x51, 0x89, 0x41, 0x51, 0x84, 0x41, 0x49, 0x82, 0x41, 0x51, 0x8E, 0x41, 0x49, 0x04, 0x41, 0x51,
    0x41, 0x49, 0x01, 0x41, 0xC2, 0x69, 0x84, 0xDB, 0x8B, 0x05, 0xFC, 0x04, 0xE5, 0xFB, 0x05, 0xFC,
    0x24, 0xC3, 0x80, 0x20, 0x60, 0x18, 0x88, 0x40, 0x10, 0x89, 0x20, 0x08, 0x9D, 0x00, 0x00, 0x9A,
    0x00, 0x00, 0x82, 0x20, 0x00, 0x88, 0x20, 0x08, 0x01, 0x40, 0x08, 0x40, 0x08, 0x83, 0x40, 0x10,
    0x83, 0x60, 0x10, 0x05, 0x60, 0x18, 0x60, 0x18, 0xA0, 0x20, 0xA4, 0xCB, 0x85, 0xFC, 0x65, 0xFC,
    0x84, 0x85, 0xFC, 0x86, 0x65, 0xFC, 0x05, 0x45, 0xF4, 0xA3, 0x9A, 0x41, 0x49, 0x41, 0x41, 0x61,
    0x51, 0x61, 0x51, 0x82, 0x61, 0x49, 0x85, 0x61, 0x51, 0x00, 0x41, 0x49, 0x8A, 0x61, 0x51, 0x8B,
    0x41, 0x49, 0x83, 0x41, 0x51, 0x91, 0x41, 0x49, 0x04, 0x41, 0x51, 0x21, 0x41, 0x21, 0x49, 0x83,
    0x9A, 0xE5, 0xFB, 0x8B, 0x05, 0xFC, 0x05, 0xE5, 0xFB, 0x05, 0xFC, 0x24, 0xCB, 0x80, 0x20, 0x60,
    0x18, 0x60, 0x18, 0x87, 0x40, 0x10, 0x8A, 0x20, 0x08, 0x9D, 0x00, 0x00, 0x9B, 0x00, 0x00, 0x82,
    0x20, 0x00, 0x87, 0x20, 0x08, 0x82, 0x40, 0x08, 0x82, 0x40, 0x10, 0x84, 0x60, 0x10, 0x07, 0x60,
    0x18, 0x60, 0x18, 0xA0, 0x20, 0x84, 0xC3, 0x85, 0xFC, 0x65, 0xFC, 0x85, 0xFC, 0x85, 0xFC, 0x8A,
    0x65, 0xFC, 0x05, 0xA4, 0xD3, 0xE2, 0x69, 0x21, 0x41, 0x41, 0x49, 0x61, 0x51, 0x61, 0x51, 0x84,
    0x61, 0x49, 0x84, 0x61, 0x51, 0x84, 0x41, 0x49, 0x82, 0x61, 0x51, 0x89, 0x41, 0x51, 0x96, 0x41,
    0x49, 0x04, 0x41, 0x51, 0x21, 0x49, 0x01, 0x41, 0xC2, 0x71, 0x64, 0xD3, 0x8C, 0x05, 0xFC, 0x05,
    0xE5, 0xFB, 0x05, 0xFC, 0x24, 0xC3, 0xA0, 0x20, 0x60, 0x18, 0x60, 0x18, 0x87, 0x40, 0x10, 0x8A,
    0x20, 0x08, 0x9E, 0x00, 0x00, 0x9D, 0x00, 0x00, 0x01, 0x20, 0x00, 0x20, 0x00, 0x87, 0x20, 0x08,
    0x82, 0x40, 0x08, 0x82, 0x40, 0x10, 0x84, 0x60, 0x10, 0x04, 0x60, 0x18, 0x60, 0x18, 0x80, 0x20,
    0x44, 0xBB, 0x85, 0xFC, 0x8D, 0x65, 0xFC, 0x05, 0x45, 0xFC, 0x03, 0xB3, 0x82, 0x59, 0x21, 0x41,
    0x41, 0x49, 0x61, 0x51, 0x88, 0x61, 0x49, 0x82, 0x61, 0x51, 0xA3, 0x41, 0x49, 0x04, 0x41, 0x51,
    0x21, 0x49, 0x01, 0x41, 0x82, 0x59, 0xE3, 0xB2, 0x8D, 0x05, 0xFC, 0x05, 0xE5, 0xFB, 0x05, 0xFC,
    0x04, 0xBB, 0x80, 0x20, 0x60, 0x10, 0x60, 0x18, 0x87, 0x40, 0x10, 0x8A, 0x20, 0x08, 0x9F, 0x00,
    0x00, 0x9E, 0x00, 0x00, 0x00, 0x20, 0x00, 0x88, 0x20, 0x08, 0x82, 0x40, 0x08, 0x82, 0x40, 0x10,
    0x84, 0x60, 0x10, 0x03, 0x60, 0x18, 0x60, 0x18, 0x80, 0x18, 0xE3, 0xAA, 0x8F, 0x65, 0xFC, 0x07,
    0x05, 0xEC, 0xA3, 0x9A, 0x81, 0x51, 0x21, 0x41, 0x41, 0x49, 0x61, 0x51, 0x61, 0x51, 0x41, 0x49,
    0x89, 0x61, 0x49, 0x9E, 0x41, 0x49, 0x06, 0x41, 0x51, 0x41, 0x51, 0x21, 0x49, 0x01, 0x41, 0x62,
    0x59, 0xA3, 0xA2, 0xE5, 0xF3, 0x8D, 0x05, 0xFC, 0x05, 0xE5, 0xFB, 0x05, 0xFC, 0xA3, 0xAA, 0x60,
    0x18, 0x60, 0x10, 0x60, 0x18, 0x87, 0x40, 0x10, 0x8B, 0x20, 0x08, 0x9F, 0x00, 0x00, 0x9F, 0x00,
    0x00, 0x00, 0x20, 0x00, 0x88, 0x20, 0x08, 0x82, 0x40, 0x08, 0x83, 0x40, 0x10, 0x83, 0x60, 0x10,
    0x82, 0x60, 0x18, 0x00, 0x83, 0x8A, 0x8D, 0x65, 0xFC, 0x09, 0x45, 0xFC, 0x65, 0xFC, 0x65, 0xFC,
    0x05, 0xEC, 0xA3, 0x9A, 0x82, 0x59, 0x21, 0x41, 0x41, 0x49, 0x61, 0x51, 0x61, 0x51, 0x83, 0x41,
    0x49, 0x82, 0x61, 0x49, 0x9E, 0x41, 0x49, 0x06, 0x41, 0x51, 0x41, 0x49, 0x21, 0x41, 0x01, 0x41,
    0x82, 0x59, 0x83, 0xA2, 0xC5, 0xEB, 0x8D, 0x05, 0xFC, 0x05, 0xE5, 0xFB, 0x05, 0xFC, 0x05, 0xFC,
    0x43, 0x8A, 0x60, 0x10, 0x40, 0x18, 0x88, 0x40, 0x10, 0x8B, 0x20, 0x08, 0xA0, 0x00, 0x00, 0x9F,
    0x00, 0x00, 0x01, 0x20, 0x00, 0x20, 0x00, 0x88, 0x20, 0x08, 0x82, 0x40, 0x08, 0x83, 0x40, 0x10,
    0x83, 0x60, 0x10, 0x04, 0x60, 0x18, 0x80, 0x18, 0x60, 0x18, 0xE2, 0x69, 0x45, 0xF4, 0x8D, 0x65,
    0xFC, 0x0A, 0x45, 0xFC, 0x65, 0xFC, 0x45, 0xFC, 0x05, 0xF4, 0xE3, 0xAA, 0xC2, 0x69, 0x21, 0x49,
    0x21, 0x41, 0x41, 0x49, 0x61, 0x51, 0x61, 0x51, 0x9F, 0x41, 0x49, 0x07, 0x41, 0x51, 0x41, 0x51,
    0x21, 0x49, 0x01, 0x41, 0x21, 0x49, 0xC2, 0x69, 0xE3, 0xB2, 0xE5, 0xF3, 0x8E, 0x05, 0xFC, 0x05,
    0xE5, 0xFB, 0x05, 0xFC, 0xC5, 0xF3, 0xA2, 0x69, 0x60, 0x10, 0x60, 0x18, 0x88, 0x40, 0x10, 0x8B,
    0x20, 0x08, 0xA1, 0x00, 0x00, 0xA0, 0x00, 0x00, 0x01, 0x20, 0x00, 0x20, 0x00, 0x88, 0x20, 0x08,
    0x82, 0x40, 0x08, 0x84, 0x40, 0x10, 0x83, 0x60, 0x10, 0x03, 0x80, 0x18, 0x60, 0x18, 0x21, 0x41,
    0xC4, 0xDB, 0x8C, 0x65, 0xFC, 0x85, 0x45, 0xFC, 0x06, 0x64, 0xCB, 0x63, 0x8A, 0x82, 0x59, 0x21,
    0x41, 0x21, 0x41, 0x41, 0x49, 0x41, 0x49, 0x82, 0x61, 0x51, 0x95, 0x41, 0x49, 0x82, 0x41, 0x51,
    0x06, 0x41, 0x49, 0x21, 0x49, 0x01, 0x41, 0x01, 0x41, 0x82, 0x59, 0x43, 0x92, 0x44, 0xD3, 0x90,
    0x05, 0xFC, 0x05, 0xE5, 0xFB, 0x05, 0xFC, 0x64, 0xDB, 0x01, 0x41, 0x40, 0x10, 0x60, 0x18, 0x89,
    0x40, 0x10, 0x8A, 0x20, 0x08, 0xA2, 0x00, 0x00, 0xA1, 0x00, 0x00, 0x01, 0x20, 0x00, 0x20, 0x00,
    0x88, 0x20, 0x08, 0x82, 0x40, 0x08, 0x84, 0x40, 0x10, 0x83, 0x60, 0x10, 0x03, 0x60, 0x18, 0x60,
    0x18, 0xA0, 0x28, 0xE3, 0xAA, 0x8A, 0x65, 0xFC, 0x88, 0x45, 0xFC, 0x08, 0x05, 0xF4, 0x44, 0xC3,
    0x63, 0x8A, 0xA2, 0x61, 0x41, 0x49, 0x01, 0x41, 0x21, 0x41, 0x21, 0x49, 0x41, 0x49, 0x85, 0x41,
    0x51, 0x87, 0x41, 0x49, 0x84, 0x41, 0x51, 0x09, 0x41, 0x49, 0x41, 0x49, 0x21, 0x49, 0x01, 0x41,
    0x01, 0x41, 0x21, 0x49, 0xA2, 0x61, 0x43, 0x92, 0x24, 0xC3, 0xE5, 0xF3, 0x90, 0x05, 0xFC, 0x06,
    0xE5, 0xFB, 0x05, 0xFC, 0x05, 0xFC, 0xA3, 0xAA, 0xA0, 0x20, 0x40, 0x10, 0x60, 0x18, 0x88, 0x40,
    0x10, 0x8B, 0x20, 0x08, 0xA3, 0x00, 0x00, 0xA2, 0x00, 0x00, 0x01, 0x20, 0x00, 0x20, 0x00, 0x88,
    0x20, 0x08, 0x82, 0x40, 0x08, 0x85, 0x40, 0x10, 0x82, 0x60, 0x10, 0x82, 0x60, 0x18, 0x04, 0xE2,
    0x69, 0x25, 0xEC, 0x65, 0xFC, 0x45, 0xFC, 0x45, 0xFC, 0x83, 0x65, 0xFC, 0x8D, 0x45, 0xFC, 0x07,
    0x25, 0xF4, 0xA4, 0xD3, 0xE3, 0xAA, 0x22, 0x82, 0xA2, 0x61, 0x41, 0x51, 0x21, 0x41, 0x01, 0x41,
    0x82, 0x21, 0x41, 0x01, 0x21, 0x49, 0x21, 0x49, 0x85, 0x41, 0x49, 0x02, 0x21, 0x49, 0x21, 0x49,
    0x21, 0x41, 0x82, 0x01, 0x41, 0x05, 0x21, 0x41, 0x41, 0x51, 0xA2, 0x69, 0x23, 0x8A, 0xC3, 0xB2,
    0x84, 0xDB, 0x92, 0x05, 0xFC, 0x07, 0xE5, 0xFB, 0xE5, 0xFB, 0x05, 0xFC, 0xC5, 0xEB, 0xA2, 0x69,
    0x40, 0x10, 0x40, 0x10, 0x60, 0x18, 0x88, 0x40, 0x10, 0x8B, 0x20, 0x08, 0xA4, 0x00, 0x00, 0xA3,
    0x00, 0x00, 0x00, 0x20, 0x00, 0x89, 0x20, 0x08, 0x82, 0x40, 0x08, 0x86, 0x40, 0x10, 0x01, 0x60,
    0x10, 0x60, 0x10, 0x82, 0x60, 0x18, 0x05, 0xE1, 0x38, 0x24, 0xBB, 0x65, 0xFC, 0x65, 0xFC, 0x45,
    0xFC, 0x65, 0xFC, 0x93, 0x45, 0xFC, 0x09, 0x25, 0xFC, 0xC5, 0xE3, 0x64, 0xCB, 0xE3, 0xB2, 0x83,
    0x9A, 0x22, 0x82, 0xE2, 0x71, 0xC2, 0x69, 0x82, 0x61, 0x82, 0x59, 0x83, 0x61, 0x51, 0x0B, 0x82,
    0x59, 0x82, 0x61, 0xA2, 0x69, 0xE2, 0x71, 0x22, 0x82, 0x83, 0x9A, 0xE3, 0xB2, 0x44, 0xCB, 0xC5,
    0xEB, 0x05, 0xFC, 0x25, 0xFC, 0x25, 0xFC, 0x92, 0x05, 0xFC, 0x06, 0xE5, 0xFB, 0x05, 0xFC, 0x05,
    0xFC, 0xE3, 0xBA, 0xE1, 0x38, 0x40, 0x10, 0x60, 0x18, 0x89, 0x40, 0x10, 0x8C, 0x20, 0x08, 0xA4,
    0x00, 0x00, 0xA3, 0x00, 0x00, 0x01, 0x20, 0x00, 0x20, 0x00, 0x89, 0x20, 0x08, 0x82, 0x40, 0x08,
    0x86, 0x40, 0x10, 0x82, 0x60, 0x10, 0x82, 0x60, 0x18, 0x02, 0xC2, 0x69, 0xE5, 0xE3, 0x65, 0xFC,
    0x91, 0x45, 0xFC, 0x82, 0x25, 0xFC, 0x01, 0x45, 0xFC, 0x45, 0xFC, 0x85, 0x25, 0xFC, 0x01, 0x05,
    0xF4, 0xE5, 0xF3, 0x83, 0xE5, 0xEB, 0x02, 0xE5, 0xF3, 0x05, 0xF4, 0x05, 0xFC, 0x86, 0x25, 0xFC,
    0x92, 0x05, 0xFC, 0x07, 0xE5, 0xFB, 0x05, 0xFC, 0x05, 0xFC, 0x84, 0xE3, 0xA2, 0x69, 0x40, 0x10,
    0x40, 0x10, 0x60, 0x18, 0x89, 0x40, 0x10, 0x8C, 0x20, 0x08, 0xA5, 0x00, 0x00, 0xA4, 0x00, 0x00,
    0x01, 0x20, 0x00, 0x20, 0x00, 0x89, 0x20, 0x08, 0x82, 0x40, 0x08, 0x87, 0x40, 0x10, 0x01, 0x60,
    0x10, 0x60, 0x10, 0x82, 0x60, 0x18, 0x02, 0xA0, 0x28, 0x83, 0x92, 0x25, 0xF4, 0x93, 0x45, 0xFC,
    0x91, 0x25, 0xFC, 0x83, 0x05, 0xFC, 0x00, 0x25, 0xFC, 0x91, 0x05, 0xFC, 0x08, 0xE5, 0xFB, 0x05,
    0xFC, 0x05, 0xFC, 0xC5, 0xF3, 0x43, 0x92, 0xA0, 0x28, 0x40, 0x10, 0x60, 0x18, 0x60, 0x18, 0x89,
    0x40, 0x10, 0x8C, 0x20, 0x08, 0xA6, 0x00, 0x00, 0xA5, 0x00, 0x00, 0x01, 0x20, 0x00, 0x20, 0x00,
    0x89, 0x20, 0x08, 0x82, 0x40, 0x08, 0x87, 0x40, 0x10, 0x82, 0x60, 0x10, 0x82, 0x60, 0x18, 0x01,
    0x01, 0x39, 0xE3, 0xAA, 0x90, 0x45, 0xFC, 0x96, 0x25, 0xFC, 0x91, 0x05, 0xFC, 0x08, 0xE5, 0xFB,
    0x05, 0xFC, 0x05, 0xFC, 0xE5, 0xFB, 0xA3, 0xAA, 0xE1, 0x38, 0x40, 0x10, 0x40, 0x10, 0x60, 0x18,
    0x8A, 0x40, 0x10, 0x8C, 0x20, 0x08, 0xA7, 0x00, 0x00, 0xA6, 0x00, 0x00, 0x01, 0x20, 0x00, 0x20,
    0x00, 0x89, 0x20, 0x08, 0x83, 0x40, 0x08, 0x89, 0x40, 0x10, 0x00, 0x60, 0x10, 0x82, 0x60, 0x18,
    0x01, 0x21, 0x41, 0xE3, 0xAA, 0x82, 0x45, 0xFC, 0x00, 0x25, 0xFC, 0x89, 0x45, 0xFC, 0x96, 0x25,
    0xFC, 0x90, 0x05, 0xFC, 0x08, 0xE5, 0xFB, 0x05, 0xFC, 0x05, 0xFC, 0xE5, 0xFB, 0xA3, 0xAA, 0x01,
    0x41, 0x40, 0x10, 0x40, 0x10, 0x60, 0x18, 0x8B, 0x40, 0x10, 0x8C, 0x20, 0x08, 0xA8, 0x00, 0x00,
    0xA7, 0x00, 0x00, 0x01, 0x20, 0x00, 0x20, 0x00, 0x8A, 0x20, 0x08, 0x82, 0x40, 0x08, 0x89, 0x40,
    0x10, 0x00, 0x60, 0x10, 0x83, 0x60, 0x18, 0x02, 0x01, 0x41, 0xA3, 0x9A, 0x05, 0xF4, 0x82, 0x45,
    0xFC, 0x01, 0x25, 0xFC, 0x25, 0xFC, 0x83, 0x45, 0xFC, 0x96, 0x25, 0xFC, 0x8F, 0x05, 0xFC, 0x00,
    0xE5, 0xFB, 0x82, 0x05, 0xFC, 0x06, 0xC5, 0xF3, 0x83, 0x9A, 0x01, 0x41, 0x40, 0x10, 0x40, 0x10,
    0x60, 0x18, 0x60, 0x18, 0x8A, 0x40, 0x10, 0x8D, 0x20, 0x08, 0xA9, 0x00, 0x00, 0xA8, 0x00, 0x00,
    0x01, 0x20, 0x00, 0x20, 0x00, 0x8A, 0x20, 0x08, 0x82, 0x40, 0x08, 0x8A, 0x40, 0x10, 0x07, 0x60,
    0x10, 0x60, 0x18, 0x60, 0x18, 0x60, 0x10, 0x60, 0x18, 0xC1, 0x30, 0x22, 0x7A, 0x84, 0xD3, 0x82,
    0x45, 0xFC, 0x98, 0x25, 0xFC, 0x8E, 0x05, 0xFC, 0x00, 0xE5, 0xFB, 0x83, 0x05, 0xFC, 0x06, 0x44,
    0xD3, 0xE2, 0x79, 0xC1, 0x30, 0x60, 0x10, 0x40, 0x10, 0x60, 0x18, 0x60, 0x18, 0x8B, 0x40, 0x10,
    0x8D, 0x20, 0x08, 0xAA, 0x00, 0x00, 0xAA, 0x00, 0x00, 0x01, 0x20, 0x00, 0x20, 0x00, 0x89, 0x20,
    0x08, 0x83, 0x40, 0x08, 0x8A, 0x40, 0x10, 0x09, 0x60, 0x10, 0x60, 0x18, 0x60, 0x18, 0x60, 0x10,
    0x60, 0x10, 0x60, 0x18, 0x61, 0x51, 0xA3, 0xA2, 0xC4, 0xE3, 0x45, 0xFC, 0x96, 0x25, 0xFC, 0x91,
    0x05, 0xFC, 0x07, 0x84, 0xE3, 0x83, 0xA2, 0x41, 0x51, 0x60, 0x18, 0x60, 0x10, 0x40, 0x10, 0x60,
    0x18, 0x60, 0x18, 0x8B, 0x40, 0x10, 0x8D, 0x20, 0x08, 0xAC, 0x00, 0x00, 0xAB, 0x00, 0x00, 0x01,
    0x20, 0x00, 0x20, 0x00, 0x8A, 0x20, 0x08, 0x82, 0x40, 0x08, 0x8B, 0x40, 0x10, 0x02, 0x60, 0x10,
    0x60, 0x18, 0x60, 0x18, 0x82, 0x60, 0x10, 0x03, 0x80, 0x20, 0x61, 0x59, 0x83, 0x9A, 0x84, 0xDB,
    0x92, 0x25, 0xFC, 0x90, 0x05, 0xFC, 0x08, 0x64, 0xDB, 0x63, 0x9A, 0x61, 0x59, 0x80, 0x20, 0x60,
    0x10, 0x60, 0x10, 0x40, 0x10, 0x60, 0x18, 0x60, 0x18, 0x8C, 0x40, 0x10, 0x8D, 0x20, 0x08, 0xAD,
    0x00, 0x00, 0xAC, 0x00, 0x00, 0x01, 0x20, 0x00, 0x20, 0x00, 0x8A, 0x20, 0x08, 0x83, 0x40, 0x08,
    0x8C, 0x40, 0x10, 0x02, 0x60, 0x10, 0x60, 0x18, 0x60, 0x18, 0x82, 0x60, 0x10, 0x05, 0x60, 0x18,
    0x01, 0x39, 0xE2, 0x71, 0xC3, 0xAA, 0x84, 0xDB, 0x05, 0xFC, 0x87, 0x25, 0xFC, 0x91, 0x05, 0xFC,
    0x05, 0xE5, 0xFB, 0x64, 0xDB, 0xA3, 0xAA, 0xC2, 0x71, 0x01, 0x39, 0x60, 0x18, 0x82, 0x60, 0x10,
    0x01, 0x60, 0x18, 0x60, 0x18, 0x8D, 0x40, 0x10, 0x8E, 0x20, 0x08, 0xAE, 0x00, 0x00, 0xAD, 0x00,
    0x00, 0x01, 0x20, 0x00, 0x20, 0x00, 0x8B, 0x20, 0x08, 0x83, 0x40, 0x08, 0x8C, 0x40, 0x10, 0x03,
    0x60, 0x10, 0x60, 0x10, 0x60, 0x18, 0x60, 0x18, 0x83, 0x60, 0x10, 0x07, 0x60, 0x18, 0xE1, 0x30,
    0x61, 0x59, 0x22, 0x82, 0xA3, 0xA2, 0x44, 0xCB, 0xA4, 0xDB, 0xE5, 0xF3, 0x84, 0x25, 0xFC, 0x88,
    0x05, 0xFC, 0x07, 0xC5, 0xF3, 0x84, 0xDB, 0x24, 0xCB, 0xA3, 0xA2, 0x02, 0x82, 0x61, 0x59, 0xC1,
    0x30, 0x60, 0x18, 0x83, 0x60, 0x10, 0x01, 0x60, 0x18, 0x60, 0x18, 0x8E, 0x40, 0x10, 0x8F, 0x20,
    0x08, 0xAF, 0x00, 0x00, 0xAE, 0x00, 0x00, 0x01, 0x20, 0x00, 0x20, 0x00, 0x8B, 0x20, 0x08, 0x83,
    0x40, 0x08, 0x8E, 0x40, 0x10, 0x01, 0x60, 0x10, 0x60, 0x10, 0x82, 0x60, 0x18, 0x84, 0x60, 0x10,
    0x07, 0x60, 0x18, 0x60, 0x18, 0xA1, 0x28, 0xE1, 0x38, 0x41, 0x49, 0x82, 0x59, 0xA2, 0x69, 0xC2,
    0x71, 0x83, 0xE2, 0x79, 0x07, 0xC2, 0x71, 0xA2, 0x69, 0x62, 0x59, 0x21, 0x49, 0xE1, 0x38, 0xA1,
    0x28, 0x60, 0x18, 0x60, 0x18, 0x84, 0x60, 0x10, 0x82, 0x60, 0x18, 0x90, 0x40, 0x10, 0x8F, 0x20,
    0x08, 0xB0, 0x00, 0x00, 0xB0, 0x00, 0x00, 0x01, 0x20, 0x00, 0x20, 0x00, 0x8B, 0x20, 0x08, 0x84,
    0x40, 0x08, 0x91, 0x40, 0x10, 0x84, 0x60, 0x18, 0x91, 0x60, 0x10, 0x84, 0x60, 0x18, 0x92, 0x40,
    0x10, 0x8F, 0x20, 0x08, 0xB2, 0x00, 0x00, 0xB1, 0x00, 0x00, 0x01, 0x20, 0x00, 0x20, 0x00, 0x8E,
    0x20, 0x08, 0x82, 0x40, 0x08, 0x96, 0x40, 0x10, 0x8D, 0x60, 0x18, 0x96, 0x40, 0x10, 0x91, 0x20,
    0x08, 0xB3, 0x00, 0x00, 0xB2, 0x00, 0x00, 0x82, 0x20, 0x00, 0x8E, 0x20, 0x08, 0x82, 0x40, 0x08,
    0xB7, 0x40, 0x10, 0x91, 0x20, 0x08, 0xB5, 0x00, 0x00, 0xB4, 0x00, 0x00, 0x01, 0x20, 0x00, 0x20,
    0x00, 0x90, 0x20, 0x08, 0x01, 0x40, 0x08, 0x40, 0x08, 0xB3, 0x40, 0x10, 0x92, 0x20, 0x08, 0xB6,
    0x00, 0x00, 0xB5, 0x00, 0x00, 0x82, 0x20, 0x00, 0x90, 0x20, 0x08, 0x82, 0x40, 0x08, 0xAD, 0x40,
    0x10, 0x93, 0x20, 0x08, 0xB8, 0x00, 0x00, 0xB7, 0x00, 0x00, 0x82, 0x20, 0x00, 0x91, 0x20, 0x08,
    0x83, 0x40, 0x08, 0xA5, 0x40, 0x10, 0x95, 0x20, 0x08, 0xBA, 0x00, 0x00, 0xB9, 0x00, 0x00, 0x01,
    0x20, 0x00, 0x20, 0x00, 0x94, 0x20, 0x08, 0x83, 0x40, 0x08, 0x9D, 0x40, 0x10, 0x98, 0x20, 0x08,
    0xBB, 0x00, 0x00, 0xBA, 0x00, 0x00, 0x82, 0x20, 0x00, 0x96, 0x20, 0x08, 0x84, 0x40, 0x08, 0x93,
    0x40, 0x10, 0x9B, 0x20, 0x08, 0xBD, 0x00, 0x00, 0xBC, 0x00, 0x00, 0x82, 0x20, 0x00, 0x9A, 0x20,
    0x08, 0x8D, 0x40, 0x08, 0x9E, 0x20, 0x08, 0xBF, 0x00, 0x00, 0xBE, 0x00, 0x00, 0x82, 0x20, 0x00,
    0xC3, 0x20, 0x08, 0xC1, 0x00, 0x00, 0xC0, 0x00, 0x00, 0x83, 0x20, 0x00, 0xBD, 0x20, 0x08, 0xC4,
    0x00, 0x00, 0xC3, 0x00, 0x00, 0x82, 0x20, 0x00, 0xB9, 0x20, 0x08, 0xC6, 0x00, 0x00, 0xC5, 0x00,
    0x00, 0x83, 0x20, 0x00, 0xB3, 0x20, 0x08, 0xC9, 0x00, 0x00, 0xC8, 0x00, 0x00, 0x84, 0x20, 0x00,
    0xAB, 0x20, 0x08, 0xCD, 0x00, 0x00, 0xCB, 0x00, 0x00, 0x84, 0x20, 0x00, 0xA5, 0x20, 0x08, 0xD0,
    0x00, 0x00, 0xCF, 0x00, 0x00, 0x85, 0x20, 0x00, 0x9B, 0x20, 0x08, 0xD5, 0x00, 0x00, 0xD4, 0x00,
    0x00, 0x86, 0x20, 0x00, 0x82, 0x00, 0x00, 0x89, 0x20, 0x08, 0xDE, 0x00, 0x00, 0xFF, 0x00, 0x00,
    0xC7, 0x00, 0x00, 0xFF, 0x00, 0x00, 0xC7, 0x00, 0x00, 0xFF, 0x00, 0x00, 0xC7, 0x00, 0x00, 0xFF,
    0x00, 0x00, 0xC7, 0x00, 0x00, 0xFF, 0x00, 0x00, 0xC7, 0x00, 0x00, 0xFF, 0x00, 0x00, 0xC7, 0x00,
    0x00, 0xFF, 0x00, 0x00, 0xC7, 0x00, 0x00, 0xFF, 0x00, 0x00, 0xC7, 0x00, 0x00, 0xFF, 0x00, 0x00,
    0xC7, 0x00, 0x00, 0xFF, 0x00, 0x00, 0xC7, 0x00, 0x00, 0xFF, 0x00, 0x00, 0xC7, 0x00, 0x00, 0xFF,
    0x00, 0x00, 0xC7, 0x00, 0x00, 0xFF, 0x00, 0x00, 0xC7, 0x00, 0x00, 0xFF, 0x00, 0x00, 0xC7, 0x00,
    0x00, 0xFF, 0x00, 0x00, 0xC7, 0x00, 0x00,
};

static const uint8_t kBotData[] WATCH_SETTINGS_ICON_FLASH = {
    0xFF, 0x00, 0x00, 0xC7, 0x00, 0x00, 0xFF, 0x00, 0x00, 0xC7, 0x00, 0x00, 0xFF, 0x00, 0x00, 0xC7,
    0x00, 0x00, 0xFF, 0x00, 0x00, 0xC7, 0x00, 0x00, 0xFF, 0x00, 0x00, 0xC7, 0x00, 0x00, 0xFF, 0x00,
    0x00, 0xC7, 0x00, 0x00, 0xFF, 0x00, 0x00, 0xC7, 0x00, 0x00, 0xFF, 0x00, 0x00, 0xC7, 0x00, 0x00,
    0xFF, 0x00, 0x00, 0xC7, 0x00, 0x00, 0xFF, 0x00, 0x00, 0xC7, 0x00, 0x00, 0xFF, 0x00, 0x00, 0xC7,
    0x00, 0x00, 0xDC, 0x00, 0x00, 0x8D, 0x20, 0x00, 0xDC, 0x00, 0x00, 0xD8, 0x00, 0x00, 0x95, 0x20,
    0x00, 0xD8, 0x00, 0x00, 0xD6, 0x00, 0x00, 0x99, 0x20, 0x00, 0xD6, 0x00, 0x00, 0xD4, 0x00, 0x00,
    0x9D, 0x20, 0x00, 0xD4, 0x00, 0x00, 0xD2, 0x00, 0x00, 0xA1, 0x20, 0x00, 0xD2, 0x00, 0x00, 0xD0,
    0x00, 0x00, 0x8B, 0x20, 0x00, 0x8D, 0x21, 0x00, 0x8B, 0x20, 0x00, 0xD0, 0x00, 0x00, 0xCE, 0x00,
    0x00, 0x87, 0x20, 0x00, 0x88, 0x21, 0x00, 0x87, 0x41, 0x00, 0x85, 0x21, 0x00, 0x8A, 0x20, 0x00,
    0xCE, 0x00, 0x00, 0xCD, 0x00, 0x00, 0x85, 0x20, 0x00, 0x86, 0x21, 0x00, 0x91, 0x41, 0x00, 0x83,
    0x21, 0x00, 0x88, 0x20, 0x00, 0xCD, 0x00, 0x00, 0xCB, 0x00, 0x00, 0x85, 0x20, 0x00, 0x85, 0x21,
    0x00, 0x97, 0x41, 0x00, 0x84, 0x21, 0x00, 0x86, 0x20, 0x00, 0xCB, 0x00, 0x00, 0xC7, 0x00, 0x00,
    0x87, 0x20, 0x00, 0x85, 0x21, 0x00, 0x8B, 0x41, 0x00, 0x00, 0x61, 0x00, 0x8E, 0x41, 0x00, 0x85,
    0x21, 0x00, 0x85, 0x20, 0x00, 0xC9, 0x00, 0x00, 0xC4, 0x00, 0x00, 0x88, 0x20, 0x00, 0x85, 0x21,
    0x00, 0x8B, 0x41, 0x00, 0x00, 0x62, 0x00, 0x85, 0x41, 0x00, 0x00, 0x62, 0x00, 0x8B, 0x41, 0x00,
    0x85, 0x21, 0x00, 0x86, 0x20, 0x00, 0xC6, 0x00, 0x00, 0xC1, 0x00, 0x00, 0x8A, 0x20, 0x00, 0x84,
    0x21, 0x00, 0x8C, 0x41, 0x00, 0x09, 0x42, 0x00, 0x41, 0x00, 0x88, 0x11, 0xD3, 0x33, 0xF9, 0x44,
    0xF9, 0x44, 0xD3, 0x33, 0x88, 0x11, 0x41, 0x00, 0x42, 0x00, 0x8C, 0x41, 0x00, 0x84, 0x21, 0x00,
    0x87, 0x20, 0x00, 0xC4, 0x00, 0x00, 0xBE, 0x00, 0x00, 0x8B, 0x20, 0x00, 0x84, 0x21, 0x00, 0x8D,
    0x41, 0x00, 0x03, 0x62, 0x00, 0x41, 0x00, 0x0F, 0x2B, 0x3F, 0x5E, 0x83, 0x5F, 0x5E, 0x03, 0x3F,
    0x5E, 0xEF, 0x2A, 0x41, 0x00, 0x62, 0x00, 0x8D, 0x41, 0x00, 0x84, 0x21, 0x00, 0x88, 0x20, 0x00,
    0xC1, 0x00, 0x00, 0xBC, 0x00, 0x00, 0x8A, 0x20, 0x00, 0x85, 0x21, 0x00, 0x8A, 0x41, 0x00, 0x85,
    0x62, 0x00, 0x01, 0x4B, 0x22, 0x5F, 0x5E, 0x86, 0x3F, 0x5E, 0x00, 0x2B, 0x22, 0x82, 0x62, 0x00,
    0x8D, 0x41, 0x00, 0x84, 0x21, 0x00, 0x88, 0x20, 0x00, 0xBF, 0x00, 0x00, 0xBA, 0x00, 0x00, 0x89,
    0x20, 0x00, 0x87, 0x21, 0x00, 0x88, 0x41, 0x00, 0x87, 0x62, 0x00, 0x04, 0x82, 0x00, 0x3A, 0x4D,
    0x5F, 0x5E, 0x3F, 0x5E, 0x5F, 0x5E, 0x84, 0x3F, 0x5E, 0x00, 0x3A, 0x4D, 0x87, 0x62, 0x00, 0x89,
    0x41, 0x00, 0x86, 0x21, 0x00, 0x89, 0x20, 0x00, 0xBB, 0x00, 0x00, 0xB7, 0x00, 0x00, 0x8A, 0x20,
    0x00, 0x86, 0x21, 0x00, 0x89, 0x41, 0x00, 0x89, 0x62, 0x00, 0x04, 0x47, 0x11, 0x3F, 0x5E, 0x5F,
    0x5E, 0x3F, 0x5E, 0x5F, 0x5E, 0x84, 0x3F, 0x5E, 0x01, 0x1F, 0x5E, 0x46, 0x11, 0x89, 0x62, 0x00,
    0x89, 0x41, 0x00, 0x86, 0x21, 0x00, 0x8A, 0x20, 0x00, 0xB7, 0x00, 0x00, 0xB1, 0x00, 0x00, 0x8D,
    0x20, 0x00, 0x87, 0x21, 0x00, 0x89, 0x41, 0x00, 0x89, 0x62, 0x00, 0x06, 0x83, 0x00, 0x82, 0x00,
    0xA8, 0x19, 0x5F, 0x5E, 0x3F, 0x5E, 0x5F, 0x5E, 0x5F, 0x5E, 0x85, 0x3F, 0x5E, 0x02, 0xA8, 0x11,
    0x82, 0x00, 0x83, 0x00, 0x89, 0x62, 0x00, 0x89, 0x41, 0x00, 0x87, 0x21, 0x00, 0x8D, 0x20, 0x00,
    0xB1, 0x00, 0x00, 0xAD, 0x00, 0x00, 0x8D, 0x20, 0x00, 0x88, 0x21, 0x00, 0x89, 0x41, 0x00, 0x89,
    0x62, 0x00, 0x82, 0x82, 0x00, 0x05, 0x83, 0x08, 0x82, 0x00, 0xA8, 0x19, 0x5F, 0x5E, 0x3F, 0x5E,
    0x5F, 0x5E, 0x86, 0x3F, 0x5E, 0x02, 0xA8, 0x19, 0x82, 0x00, 0x83, 0x08, 0x82, 0x82, 0x00, 0x88,
    0x62, 0x00, 0x8A, 0x41, 0x00, 0x88, 0x21, 0x00, 0x8D, 0x20, 0x00, 0xAD, 0x00, 0x00, 0xAA, 0x00,
    0x00, 0x8C, 0x20, 0x00, 0x8A, 0x21, 0x00, 0x87, 0x41, 0x00, 0x00, 0x61, 0x00, 0x8A, 0x62, 0x00,
    0x01, 0x82, 0x00, 0x82, 0x00, 0x82, 0x82, 0x08, 0x03, 0x83, 0x08, 0x83, 0x08, 0xC9, 0x19, 0x5F,
    0x66, 0x88, 0x3F, 0x5E, 0x02, 0xA9, 0x19, 0x83, 0x08, 0x83, 0x08, 0x84, 0x82, 0x00, 0x87, 0x62,
    0x00, 0x8B, 0x41, 0x00, 0x87, 0x21, 0x00, 0x8F, 0x20, 0x00, 0xAA, 0x00, 0x00, 0xA8, 0x00, 0x00,
    0x89, 0x20, 0x00, 0x8B, 0x21, 0x00, 0x88, 0x41, 0x00, 0x01, 0x61, 0x00, 0x61, 0x00, 0x8A, 0x62,
    0x00, 0x03, 0x82, 0x00, 0x82, 0x00, 0x82, 0x08, 0x82, 0x08, 0x82, 0x83, 0x08, 0x04, 0xA3, 0x08,
    0x83, 0x08, 0xC9, 0x19, 0x5F, 0x66, 0x3F, 0x66, 0x87, 0x3F, 0x5E, 0x02, 0xA9, 0x19, 0x83, 0x08,
    0xA3, 0x08, 0x82, 0x83, 0x08, 0x01, 0x82, 0x08, 0x82, 0x08, 0x87, 0x62, 0x00, 0x01, 0x42, 0x00,
    0x42, 0x00, 0x89, 0x41, 0x00, 0x89, 0x21, 0x00, 0x8D, 0x20, 0x00, 0xAA, 0x00, 0x00, 0xA5, 0x00,
    0x00, 0x8A, 0x20, 0x00, 0x89, 0x21, 0x00, 0x89, 0x41, 0x00, 0x01, 0x61, 0x00, 0x61, 0x00, 0x8B,
    0x62, 0x00, 0x01, 0x82, 0x00, 0x82, 0x00, 0x86, 0x83, 0x08, 0x03, 0xA3, 0x08, 0xA3, 0x08, 0xC9,
    0x19, 0x5F, 0x66, 0x82, 0x3F, 0x66, 0x85, 0x3F, 0x5E, 0x02, 0xC9, 0x19, 0x83, 0x08, 0xA3, 0x08,
    0x84, 0x83, 0x08, 0x01, 0x82, 0x08, 0x82, 0x08, 0x88, 0x62, 0x00, 0x01, 0x42, 0x00, 0x42, 0x00,
    0x89, 0x41, 0x00, 0x8A, 0x21, 0x00, 0x89, 0x20, 0x00, 0xAA, 0x00, 0x00, 0xA3, 0x00, 0x00, 0x8A,
    0x20, 0x00, 0x86, 0x21, 0x00, 0x8C, 0x41, 0x00, 0x01, 0x61, 0x00, 0x61, 0x00, 0x8A, 0x62, 0x00,
    0x82, 0x82, 0x00, 0x85, 0x83, 0x08, 0x84, 0xA3, 0x08, 0x00, 0xC9, 0x19, 0x85, 0x3F, 0x66, 0x83,
    0x3F, 0x5E, 0x02, 0xC9, 0x19, 0xA3, 0x08, 0xA3, 0x08, 0x86, 0x83, 0x08, 0x01, 0x82, 0x08, 0x82,
    0x08, 0x88, 0x62, 0x00, 0x82, 0x42, 0x00, 0x8A, 0x41, 0x00, 0x8A, 0x21, 0x00, 0x88, 0x20, 0x00,
    0xA7, 0x00, 0x00, 0xA1, 0x00, 0x00, 0x8B, 0x20, 0x00, 0x83, 0x21, 0x00, 0x8D, 0x41, 0x00, 0x00,
    0x61, 0x00, 0x8B, 0x62, 0x00, 0x83, 0x82, 0x00, 0x85, 0x83, 0x08, 0x84, 0xA3, 0x08, 0x03, 0xA4,
    0x08, 0xA3, 0x08, 0xC9, 0x19, 0x5F, 0x66, 0x87, 0x3F, 0x66, 0x03, 0x3F, 0x5E, 0xC9, 0x19, 0xA3,
    0x08, 0xA4, 0x08, 0x82, 0xA3, 0x08, 0x85, 0x83, 0x08, 0x01, 0x82, 0x08, 0x82, 0x08, 0x89, 0x62,
    0x00, 0x01, 0x42, 0x00, 0x42, 0x00, 0x8D, 0x41, 0x00, 0x88, 0x21, 0x00, 0x87, 0x20, 0x00, 0xA5,
    0x00, 0x00, 0xA0, 0x00, 0x00, 0x89, 0x20, 0x00, 0x82, 0x21, 0x00, 0x8F, 0x41, 0x00, 0x8C, 0x62,
    0x00, 0x82, 0x82, 0x00, 0x86, 0x83, 0x08, 0x86, 0xA3, 0x08, 0x02, 0xC4, 0x08, 0xA3, 0x08, 0xE9,
    0x19, 0x87, 0x3F, 0x66, 0x04, 0x1F, 0x66, 0x3F, 0x66, 0xC9, 0x19, 0xA3, 0x08, 0xC4, 0x08, 0x84,
    0xA3, 0x08, 0x86, 0x83, 0x08, 0x01, 0x82, 0x08, 0x82, 0x08, 0x88, 0x62, 0x00, 0x83, 0x42, 0x00,
    0x8D, 0x41, 0x00, 0x87, 0x21, 0x00, 0x86, 0x20, 0x00, 0xA3, 0x00, 0x00, 0x9E, 0x00, 0x00, 0x88,
    0x20, 0x00, 0x83, 0x21, 0x00, 0x90, 0x41, 0x00, 0x89, 0x62, 0x00, 0x84, 0x82, 0x00, 0x86, 0x83,
    0x08, 0x88, 0xA3, 0x08, 0x02, 0xC4, 0x08, 0xC4, 0x08, 0xEA, 0x19, 0x87, 0x3F, 0x66, 0x04, 0x1F,
    0x66, 0x3F, 0x66, 0xC9, 0x19, 0xA4, 0x08, 0xC4, 0x08, 0x86, 0xA3, 0x08, 0x86, 0x83, 0x08, 0x01,
    0x82, 0x08, 0x82, 0x08, 0x8A, 0x62, 0x00, 0x82, 0x42, 0x00, 0x8B, 0x41, 0x00, 0x89, 0x21, 0x00,
    0x85, 0x20, 0x00, 0xA1, 0x00, 0x00, 0x9D, 0x00, 0x00, 0x87, 0x20, 0x00, 0x83, 0x21, 0x00, 0x8B,
    0x41, 0x00, 0x02, 0x61, 0x00, 0x41, 0x00, 0x41, 0x00, 0x8A, 0x62, 0x00, 0x84, 0x82, 0x00, 0x00,
    0x83, 0x00, 0x84, 0x83, 0x08, 0x87, 0xA3, 0x08, 0x86, 0xC4, 0x08, 0x00, 0xEA, 0x19, 0x87, 0x3F,
    0x66, 0x04, 0x1F, 0x66, 0x1F, 0x66, 0xEA, 0x19, 0xC4, 0x08, 0xC4, 0x08, 0x82, 0xA4, 0x08, 0x85,
    0xA3, 0x08, 0x87, 0x83, 0x08, 0x00, 0x82, 0x08, 0x8C, 0x62, 0x00, 0x8C, 0x41, 0x00, 0x89, 0x21,
    0x00, 0x84, 0x20, 0x00, 0xA0, 0x00, 0x00, 0x9B, 0x00, 0x00, 0x88, 0x20, 0x00, 0x83, 0x21, 0x00,
    0x8A, 0x41, 0x00, 0x8D, 0x62, 0x00, 0x84, 0x82, 0x00, 0x84, 0x83, 0x08, 0x88, 0xA3, 0x08, 0x86,
    0xC4, 0x08, 0x02, 0xE4, 0x08, 0xC4, 0x08, 0xEA, 0x19, 0x87, 0x3F, 0x66, 0x02, 0x1F, 0x66, 0x1F,
    0x66, 0xEA, 0x19, 0x84, 0xC4, 0x08, 0x01, 0xA4, 0x08, 0xA4, 0x08, 0x85, 0xA3, 0x08, 0x87, 0x83,
    0x08, 0x01, 0x82, 0x08, 0x82, 0x08, 0x8B, 0x62, 0x00, 0x01, 0x42, 0x00, 0x42, 0x00, 0x8B, 0x41,
    0x00, 0x87, 0x21, 0x00, 0x85, 0x20, 0x00, 0x9E, 0x00, 0x00, 0x9A, 0x00, 0x00, 0x87, 0x20, 0x00,
    0x84, 0x21, 0x00, 0x8A, 0x41, 0x00, 0x8B, 0x62, 0x00, 0x83, 0x82, 0x00, 0x86, 0x83, 0x08, 0x88,
    0xA3, 0x08, 0x88, 0xC4, 0x08, 0x02, 0xE5, 0x08, 0xC4, 0x08, 0xEA, 0x19, 0x87, 0x3F, 0x66, 0x04,
    0x1F, 0x66, 0x1F, 0x66, 0xEA, 0x19, 0xC4, 0x08, 0xE5, 0x08, 0x86, 0xC4, 0x08, 0x86, 0xA3, 0x08,
    0x86, 0x83, 0x08, 0x83, 0x82, 0x08, 0x88, 0x62, 0x00, 0x84, 0x42, 0x00, 0x89, 0x41, 0x00, 0x87,
    0x21, 0x00, 0x84, 0x20, 0x00, 0x9D, 0x00, 0x00, 0x99, 0x00, 0x00, 0x86, 0x20, 0x00, 0x84, 0x21,
    0x00, 0x89, 0x41, 0x00, 0x8A, 0x62, 0x00, 0x83, 0x82, 0x00, 0x87, 0x83, 0x08, 0x88, 0xA3, 0x08,
    0x00, 0xA4, 0x08, 0x8A, 0xC4, 0x08, 0x02, 0xE5, 0x08, 0xE4, 0x08, 0x0A, 0x1A, 0x86, 0x3F, 0x66,
    0x82, 0x1F, 0x66, 0x02, 0xEA, 0x19, 0xC4, 0x08, 0xE5, 0x08, 0x88, 0xC4, 0x08, 0x00, 0xA4, 0x08,
    0x85, 0xA3, 0x08, 0x88, 0x83, 0x08, 0x01, 0x82, 0x08, 0x82, 0x08, 0x88, 0x62, 0x00, 0x83, 0x42,
    0x00, 0x8B, 0x41, 0x00, 0x86, 0x21, 0x00, 0x83, 0x20, 0x00, 0x9C, 0x00, 0x00, 0x98, 0x00, 0x00,
    0x86, 0x20, 0x00, 0x83, 0x21, 0x00, 0x89, 0x41, 0x00, 0x88, 0x62, 0x00, 0x83, 0x82, 0x00, 0x01,
    0x82, 0x08, 0x82, 0x08, 0x86, 0x83, 0x08, 0x88, 0xA3, 0x08, 0x00, 0xA4, 0x08, 0x8B, 0xC4, 0x08,
    0x00, 0xE4, 0x08, 0x82, 0xE5, 0x08, 0x00, 0x0B, 0x22, 0x85, 0x3F, 0x66, 0x83, 0x1F, 0x66, 0x02,
    0xEA, 0x19, 0xE5, 0x08, 0xE5, 0x08, 0x89, 0xC4, 0x08, 0x82, 0xA4, 0x08, 0x83, 0xA3, 0x08, 0x8A,
    0x83, 0x08, 0x00, 0x82, 0x00, 0x8A, 0x62, 0x00, 0x83, 0x42, 0x00, 0x86, 0x41, 0x00, 0x88, 0x21,
    0x00, 0x84, 0x20, 0x00, 0x9A, 0x00, 0x00, 0x97, 0x00, 0x00, 0x86, 0x20, 0x00, 0x83, 0x21, 0x00,
    0x87, 0x41, 0x00, 0x87, 0x62, 0x00, 0x83, 0x82, 0x00, 0x83, 0x82, 0x08, 0x86, 0x83, 0x08, 0x87,
    0xA3, 0x08, 0x01, 0xA4, 0x08, 0xA4, 0x08, 0x87, 0xC4, 0x08, 0x83, 0xE4, 0x08, 0x83, 0xE5, 0x08,
    0x02, 0x05, 0x09, 0xE5, 0x08, 0x0B, 0x22, 0x86, 0x3F, 0x66, 0x82, 0x1F, 0x66, 0x00, 0x0B, 0x22,
    0x83, 0xE5, 0x08, 0x88, 0xC4, 0x08, 0x83, 0xA4, 0x08, 0x83, 0xA3, 0x08, 0x8A, 0x83, 0x08, 0x82,
    0x82, 0x00, 0x89, 0x62, 0x00, 0x82, 0x42, 0x00, 0x86, 0x41, 0x00, 0x87, 0x21, 0x00, 0x84, 0x20,
    0x00, 0x99, 0x00, 0x00, 0x96, 0x00, 0x00, 0x86, 0x20, 0x00, 0x83, 0x21, 0x00, 0x87, 0x41, 0x00,
    0x87, 0x62, 0x00, 0x83, 0x82, 0x00, 0x88, 0x83, 0x08, 0x88, 0xA3, 0x08, 0x01, 0xA4, 0x08, 0xA4,
    0x08, 0x86, 0xC4, 0x08, 0x84, 0xE4, 0x08, 0x85, 0xE5, 0x08, 0x03, 0x05, 0x09, 0xE5, 0x08, 0x2B,
    0x22, 0x3F, 0x6E, 0x83, 0x3F, 0x66, 0x84, 0x1F, 0x66, 0x02, 0x0B, 0x22, 0xE5, 0x08, 0x05, 0x09,
    0x84, 0xE5, 0x08, 0x87, 0xC4, 0x08, 0x83, 0xA4, 0x08, 0x83, 0xA3, 0x08, 0x8C, 0x83, 0x08, 0x00,
    0x82, 0x00, 0x8A, 0x62, 0x00, 0x01, 0x42, 0x00, 0x42, 0x00, 0x86, 0x41, 0x00, 0x86, 0x21, 0x00,
    0x84, 0x20, 0x00, 0x98, 0x00, 0x00, 0x95, 0x00, 0x00, 0x86, 0x20, 0x00, 0x82, 0x21, 0x00, 0x87,
    0x41, 0x00, 0x87, 0x62, 0x00, 0x84, 0x82, 0x00, 0x84, 0x83, 0x08, 0x8A, 0xA3, 0x08, 0x01, 0xA4,
    0x08, 0xA4, 0x08, 0x87, 0xC4, 0x08, 0x82, 0xE4, 0x08, 0x88, 0xE5, 0x08, 0x03, 0x05, 0x09, 0x05,
    0x11, 0x05, 0x09, 0x2B, 0x22, 0x82, 0x3F, 0x6E, 0x01, 0x3F, 0x66, 0x3F, 0x66, 0x84, 0x1F, 0x66,
    0x02, 0x0B, 0x22, 0xE5, 0x08, 0x05, 0x09, 0x87, 0xE5, 0x08, 0x86, 0xC4, 0x08, 0x83, 0xA4, 0x08,
    0x85, 0xA3, 0x08, 0x8A, 0x83, 0x08, 0x01, 0x82, 0x08, 0x82, 0x08, 0x89, 0x62, 0x00, 0x01, 0x42,
    0x00, 0x42, 0x00, 0x85, 0x41, 0x00, 0x86, 0x21, 0x00, 0x84, 0x20, 0x00, 0x97, 0x00, 0x00, 0x94,
    0x00, 0x00, 0x86, 0x20, 0x00, 0x82, 0x21, 0x00, 0x86, 0x41, 0x00, 0x00, 0x61, 0x00, 0x86, 0x62,
    0x00, 0x84, 0x82, 0x00, 0x83, 0x83, 0x08, 0x8B, 0xA3, 0x08, 0x89, 0xC4, 0x08, 0x82, 0xE4, 0x08,
    0x88, 0xE5, 0x08, 0x82, 0x05, 0x09, 0x02, 0x05, 0x11, 0x05, 0x09, 0x2B, 0x22, 0x83, 0x3F, 0x6E,
    0x01, 0x3F, 0x66, 0x3F, 0x66, 0x83, 0x1F, 0x66, 0x02, 0x0B, 0x22, 0x05, 0x09, 0x05, 0x11, 0x89,
    0xE5, 0x08, 0x87, 0xC4, 0x08, 0x82, 0xA4, 0x08, 0x87, 0xA3, 0x08, 0x88, 0x83, 0x08, 0x02, 0x82,
    0x08, 0x82, 0x08, 0x62, 0x08, 0x88, 0x62, 0x00, 0x00, 0x42, 0x00, 0x85, 0x41, 0x00, 0x86, 0x21,
    0x00, 0x83, 0x20, 0x00, 0x97, 0x00, 0x00, 0x94, 0x00, 0x00, 0x85, 0x20, 0x00, 0x82, 0x21, 0x00,
    0x86, 0x41, 0x00, 0x00, 0x61, 0x00, 0x85, 0x62, 0x00, 0x83, 0x82, 0x00, 0x01, 0x83, 0x00, 0x83,
    0x00, 0x82, 0x83, 0x08, 0x89, 0xA3, 0x08, 0x8B, 0xC4, 0x08, 0x82, 0xE4, 0x08, 0x86, 0xE5, 0x08,
    0x86, 0x05, 0x09, 0x02, 0x06, 0x11, 0x06, 0x11, 0x2B, 0x22, 0x83, 0x3F, 0x6E, 0x85, 0x1F, 0x66,
    0x03, 0x2B, 0x22, 0x05, 0x11, 0x06, 0x11, 0x05, 0x09, 0x8A, 0xE5, 0x08, 0x88, 0xC4, 0x08, 0x82,
    0xA4, 0x08, 0x87, 0xA3, 0x08, 0x88, 0x83, 0x08, 0x82, 0x62, 0x08, 0x87, 0x62, 0x00, 0x85, 0x41,
    0x00, 0x86, 0x21, 0x00, 0x83, 0x20, 0x00, 0x96, 0x00, 0x00, 0x93, 0x00, 0x00, 0x85, 0x20, 0x00,
    0x82, 0x21, 0x00, 0x86, 0x41, 0x00, 0x00, 0x61, 0x00, 0x84, 0x62, 0x00, 0x83, 0x82, 0x00, 0x00,
    0x83, 0x00, 0x8D, 0xA3, 0x08, 0x8B, 0xC4, 0x08, 0x82, 0xE4, 0x08, 0x87, 0xE5, 0x08, 0x01, 0x05,
    0x09, 0x05, 0x09, 0x84, 0x05, 0x11, 0x03, 0x06, 0x11, 0x26, 0x11, 0x06, 0x11, 0x2B, 0x22, 0x83,
    0x3F, 0x6E, 0x01, 0x1F, 0x6E, 0x1F, 0x6E, 0x83, 0x1F, 0x66, 0x03, 0x0B, 0x22, 0x06, 0x11, 0x06,
    0x11, 0x05, 0x11, 0x83, 0x05, 0x09, 0x87, 0xE5, 0x08, 0x89, 0xC4, 0x08, 0x83, 0xA4, 0x08, 0x85,
    0xA3, 0x08, 0x8A, 0x83, 0x08, 0x01, 0x63, 0x08, 0x62, 0x08, 0x86, 0x62, 0x00, 0x86, 0x41, 0x00,
    0x85, 0x21, 0x00, 0x83, 0x20, 0x00, 0x95, 0x00, 0x00, 0x92, 0x00, 0x00, 0x85, 0x20, 0x00, 0x82,
    0x21, 0x00, 0x85, 0x41, 0x00, 0x01, 0x61, 0x00, 0x61, 0x00, 0x84, 0x62, 0x00, 0x82, 0x82, 0x00,
    0x03, 0x83, 0x00, 0xA3, 0x08, 0xA3, 0x08, 0x83, 0x08, 0x8A, 0xA3, 0x08, 0x89, 0xC4, 0x08, 0x83,
    0xE4, 0x08, 0x88, 0xE5, 0x08, 0x82, 0x05, 0x09, 0x82, 0x05, 0x11, 0x83, 0x06, 0x11, 0x04, 0x26,
    0x11, 0x06, 0x11, 0x2B, 0x22, 0x3F, 0x6E, 0x1F, 0x6E, 0x82, 0x3F, 0x6E, 0x01, 0x1F, 0x6E, 0x1F,
    0x6E, 0x82, 0x1F, 0x66, 0x00, 0x2B, 0x22, 0x83, 0x06, 0x11, 0x01, 0x05, 0x11, 0x05, 0x11, 0x82,
    0x05, 0x09, 0x87, 0xE5, 0x08, 0x89, 0xC4, 0x08, 0x82, 0xA4, 0x08, 0x85, 0xA3, 0x08, 0x89, 0x83,
    0x08, 0x03, 0x62, 0x08, 0x83, 0x08, 0x83, 0x08, 0x62, 0x08, 0x85, 0x62, 0x00, 0x86, 0x41, 0x00,
    0x85, 0x21, 0x00, 0x83, 0x20, 0x00, 0x94, 0x00, 0x00, 0x92, 0x00, 0x00, 0x84, 0x20, 0x00, 0x82,
    0x21, 0x00, 0x85, 0x41, 0x00, 0x01, 0x61, 0x00, 0x61, 0x00, 0x84, 0x62, 0x00, 0x82, 0x82, 0x00,
    0x09, 0xA3, 0x08, 0x83, 0x08, 0x83, 0x08, 0xA3, 0x08, 0x46, 0x11, 0x8D, 0x2A, 0xF3, 0x3B, 0xB7,
    0x4C, 0x5A, 0x55, 0x9B, 0x5D, 0x82, 0xBC, 0x5D, 0x83, 0xBC, 0x65, 0x88, 0xDC, 0x65, 0x00, 0xBC,
    0x65, 0x85, 0xDC, 0x65, 0x8A, 0xBC, 0x65, 0x86, 0x9C, 0x65, 0x00, 0xBD, 0x65, 0x82, 0x3F, 0x6E,
    0x84, 0x1F, 0x6E, 0x02, 0x1F, 0x66, 0x1F, 0x66, 0x7D, 0x5D, 0x83, 0x5C, 0x5D, 0x01, 0x5C, 0x55,
    0x5C, 0x55, 0x85, 0x3C, 0x55, 0x87, 0x1C, 0x55, 0x83, 0xFC, 0x54, 0x84, 0xFB, 0x4C, 0x8A, 0xDB,
    0x4C, 0x0A, 0xBB, 0x4C, 0x9B, 0x4C, 0x59, 0x44, 0xD6, 0x3B, 0x12, 0x33, 0x0C, 0x22, 0x06, 0x11,
    0x83, 0x08, 0x62, 0x08, 0x62, 0x08, 0x83, 0x08, 0x84, 0x62, 0x00, 0x01, 0x42, 0x00, 0x42, 0x00,
    0x85, 0x41, 0x00, 0x85, 0x21, 0x00, 0x82, 0x20, 0x00, 0x94, 0x00, 0x00, 0x91, 0x00, 0x00, 0x85,
    0x20, 0x00, 0x82, 0x21, 0x00, 0x84, 0x41, 0x00, 0x01, 0x61, 0x00, 0x61, 0x00, 0x84, 0x62, 0x00,
    0x08, 0x82, 0x00, 0x82, 0x00, 0x83, 0x08, 0x82, 0x00, 0x83, 0x08, 0xE4, 0x08, 0xEE, 0x2A, 0xF8,
    0x4C, 0x3E, 0x66, 0x89, 0x7F, 0x6E, 0x96, 0x7F, 0x76, 0x87, 0x5F, 0x76, 0x00, 0x3F, 0x76, 0x86,
    0x3F, 0x6E, 0x85, 0x1F, 0x6E, 0x83, 0x1F, 0x66, 0x87, 0xFF, 0x65, 0x84, 0xDF, 0x65, 0x01, 0xDF,
    0x5D, 0xDF, 0x5D, 0x88, 0xBF, 0x5D, 0x88, 0x9F, 0x5D, 0x84, 0x7F, 0x5D, 0x85, 0x7F, 0x55, 0x04,
    0x5F, 0x55, 0x1E, 0x55, 0xF7, 0x43, 0x4D, 0x22, 0xA4, 0x08, 0x82, 0x62, 0x08, 0x83, 0x62, 0x00,
    0x01, 0x42, 0x00, 0x42, 0x00, 0x84, 0x41, 0x00, 0x85, 0x21, 0x00, 0x83, 0x20, 0x00, 0x93, 0x00,
    0x00, 0x91, 0x00, 0x00, 0x84, 0x20, 0x00, 0x82, 0x21, 0x00, 0x85, 0x41, 0x00, 0x00, 0x61, 0x00,
    0x84, 0x62, 0x00, 0x0A, 0x82, 0x00, 0x82, 0x00, 0xA3, 0x08, 0x83, 0x08, 0xA3, 0x08, 0x2F, 0x33,
    0xBC, 0x5D, 0x7F, 0x66, 0x7F, 0x6E, 0x7F, 0x6E, 0x7F, 0x66, 0x89, 0x7F, 0x6E, 0x92, 0x7F, 0x76,
    0x88, 0x5F, 0x76, 0x01, 0x3F, 0x76, 0x3F, 0x76, 0x88, 0x3F, 0x6E, 0x85, 0x1F, 0x6E, 0x00, 0x1F,
    0x66, 0x85, 0xFF, 0x65, 0x86, 0xDF, 0x65, 0x01, 0xDF, 0x5D, 0xDF, 0x5D, 0x87, 0xBF, 0x5D, 0x8A,
    0x9F, 0x5D, 0x83, 0x7F, 0x5D, 0x84, 0x7F, 0x55, 0x83, 0x5F, 0x55, 0x07, 0x5F, 0x5D, 0x5F, 0x5D,
    0x5F, 0x55, 0x9B, 0x4C, 0x6E, 0x2A, 0x83, 0x08, 0x62, 0x08, 0x83, 0x08, 0x83, 0x62, 0x00, 0x01,
    0x42, 0x00, 0x42, 0x00, 0x84, 0x41, 0x00, 0x85, 0x21, 0x00, 0x83, 0x20, 0x00, 0x92, 0x00, 0x00,
    0x90, 0x00, 0x00, 0x84, 0x20, 0x00, 0x82, 0x21, 0x00, 0x85, 0x41, 0x00, 0x00, 0x61, 0x00, 0x84,
    0x62, 0x00, 0x05, 0x82, 0x00, 0x82, 0x00, 0xA3, 0x08, 0x83, 0x08, 0x0A, 0x1A, 0x5A, 0x55, 0x83,
    0x7F, 0x66, 0x89, 0x7F, 0x6E, 0x8E, 0x7F, 0x76, 0x84, 0x7F, 0x7E, 0x83, 0x7F, 0x76, 0x87, 0x5F,
    0x76, 0x01, 0x3F, 0x76, 0x3F, 0x76, 0x85, 0x3F, 0x6E, 0x86, 0x1F, 0x6E, 0x87, 0xFF, 0x65, 0x88,
    0xDF, 0x65, 0x88, 0xBF, 0x5D, 0x89, 0x9F, 0x5D, 0x85, 0x7F, 0x5D, 0x82, 0x7F, 0x55, 0x00, 0x5F,
    0x55, 0x82, 0x5F, 0x5D, 0x83, 0x5F, 0x55, 0x03, 0x59, 0x44, 0x89, 0x19, 0x62, 0x08, 0x83, 0x08,
    0x83, 0x62, 0x00, 0x01, 0x42, 0x00, 0x42, 0x00, 0x84, 0x41, 0x00, 0x85, 0x21, 0x00, 0x82, 0x20,
    0x00, 0x92, 0x00, 0x00, 0x90, 0x00, 0x00, 0x84, 0x20, 0x00, 0x82, 0x21, 0x00, 0x84, 0x41, 0x00,
    0x00, 0x61, 0x00, 0x84, 0x62, 0x00, 0x05, 0x82, 0x00, 0x83, 0x00, 0x83, 0x08, 0x83, 0x08, 0x50,
    0x33, 0x5F, 0x66, 0x82, 0x7F, 0x66, 0x8A, 0x7F, 0x6E, 0x8C, 0x7F, 0x76, 0x8A, 0x7F, 0x7E, 0x87,
    0x5F, 0x76, 0x84, 0x3F, 0x76, 0x82, 0x3F, 0x6E, 0x87, 0x1F, 0x6E, 0x00, 0xFF, 0x6D, 0x86, 0xFF,
    0x65, 0x88, 0xDF, 0x65, 0x86, 0xBF, 0x5D, 0x8A, 0x9F, 0x5D, 0x86, 0x7F, 0x5D, 0x03, 0x7F, 0x55,
    0x7F, 0x55, 0x7F, 0x5D, 0x7F, 0x5D, 0x83, 0x5F, 0x5D, 0x07, 0x5F, 0x55, 0x5F, 0x55, 0x3F, 0x55,
    0x5F, 0x55, 0x3F, 0x55, 0x8F, 0x2A, 0x62, 0x00, 0x62, 0x08, 0x82, 0x62, 0x00, 0x01, 0x42, 0x00,
    0x42, 0x00, 0x85, 0x41, 0x00, 0x84, 0x21, 0x00, 0x83, 0x20, 0x00, 0x91, 0x00, 0x00, 0x8F, 0x00,
    0x00, 0x84, 0x20, 0x00, 0x82, 0x21, 0x00, 0x84, 0x41, 0x00, 0x00, 0x61, 0x00, 0x84, 0x62, 0x00,
    0x04, 0x82, 0x00, 0x82, 0x00, 0x83, 0x08, 0x83, 0x08, 0x34, 0x3C, 0x84, 0x7F, 0x66, 0x89, 0x7F,
    0x6E, 0x8B, 0x7F, 0x76, 0x8B, 0x7F, 0x7E, 0x01, 0x5F, 0x7E, 0x5F, 0x7E, 0x87, 0x5F, 0x76, 0x84,
    0x3F, 0x76, 0x01, 0x3F, 0x6E, 0x3F, 0x6E, 0x87, 0x1F, 0x6E, 0x00, 0xFF, 0x6D, 0x86, 0xFF, 0x65,
    0x86, 0xDF, 0x65, 0x01, 0xBF, 0x65, 0xBF, 0x65, 0x85, 0xBF, 0x5D, 0x89, 0x9F, 0x5D, 0x88, 0x7F,
    0x5D, 0x01, 0x7F, 0x55, 0x7F, 0x5D, 0x85, 0x5F, 0x5D, 0x82, 0x5F, 0x55, 0x82, 0x3F, 0x55, 0x02,
    0x33, 0x33, 0x62, 0x00, 0x62, 0x08, 0x82, 0x62, 0x00, 0x01, 0x42, 0x00, 0x42, 0x00, 0x84, 0x41,
    0x00, 0x85, 0x21, 0x00, 0x82, 0x20, 0x00, 0x91, 0x00, 0x00, 0x8F, 0x00, 0x00, 0x84, 0x20, 0x00,
    0x01, 0x21, 0x00, 0x21, 0x00, 0x84, 0x41, 0x00, 0x01, 0x61, 0x00, 0x61, 0x00, 0x83, 0x62, 0x00,
    0x06, 0x82, 0x00, 0x82, 0x00, 0xA3, 0x08, 0x83, 0x08, 0x55, 0x44, 0x7F, 0x66, 0x5F, 0x66, 0x83,
    0x7F, 0x66, 0x89, 0x7F, 0x6E, 0x89, 0x7F, 0x76, 0x8F, 0x7F, 0x7E, 0x01, 0x5F, 0x7E, 0x5F, 0x7E,
    0x84, 0x5F, 0x76, 0x85, 0x3F, 0x76, 0x01, 0x3F, 0x6E, 0x3F, 0x6E, 0x86, 0x1F, 0x6E, 0x03, 0xFF,
    0x6D, 0xFF, 0x6D, 0xFF, 0x65, 0xFF, 0x6D, 0x82, 0xFF, 0x65, 0x87, 0xDF, 0x65, 0x83, 0xBF, 0x65,
    0x84, 0xBF, 0x5D, 0x88, 0x9F, 0x5D, 0x8A, 0x7F, 0x5D, 0x86, 0x5F, 0x5D, 0x83, 0x5F, 0x55, 0x82,
    0x3F, 0x55, 0x02, 0x74, 0x3B, 0x62, 0x00, 0x83, 0x08, 0x82, 0x62, 0x00, 0x01, 0x42, 0x00, 0x42,
    0x00, 0x84, 0x41, 0x00, 0x84, 0x21, 0x00, 0x83, 0x20, 0x00, 0x90, 0x00, 0x00, 0x8E, 0x00, 0x00,
    0x84, 0x20, 0x00, 0x82, 0x21, 0x00, 0x84, 0x41, 0x00, 0x00, 0x61, 0x00, 0x84, 0x62, 0x00, 0x05,
    0x82, 0x00, 0xA3, 0x08, 0x83, 0x08, 0xF3, 0x3B, 0x7F, 0x66, 0x5F, 0x66, 0x83, 0x7F, 0x66, 0x89,
    0x7F, 0x6E, 0x89, 0x7F, 0x76, 0x8F, 0x7F, 0x7E, 0x82, 0x5F, 0x7E, 0x84, 0x5F, 0x76, 0x85, 0x3F,
    0x76, 0x87, 0x1F, 0x6E, 0x85, 0xFF, 0x6D, 0x01, 0xFF, 0x65, 0xFF, 0x65, 0x87, 0xDF, 0x65, 0x83,
    0xBF, 0x65, 0x84, 0xBF, 0x5D, 0x87, 0x9F, 0x5D, 0x89, 0x7F, 0x5D, 0x88, 0x5F, 0x5D, 0x01, 0x5F,
    0x55, 0x5F, 0x55, 0x83, 0x3F, 0x55, 0x04, 0x1F, 0x55, 0x3F, 0x55, 0x12, 0x33, 0x62, 0x00, 0x83,
    0x08, 0x82, 0x62, 0x00, 0x01, 0x42, 0x00, 0x42, 0x00, 0x84, 0x41, 0x00, 0x84, 0x21, 0x00, 0x82,
    0x20, 0x00, 0x90, 0x00, 0x00, 0x8E, 0x00, 0x00, 0x84, 0x20, 0x00, 0x01, 0x21, 0x00, 0x21, 0x00,
    0x84, 0x41, 0x00, 0x00, 0x61, 0x00, 0x84, 0x62, 0x00, 0x05, 0x82, 0x00, 0xA3, 0x08, 0x83, 0x08,
    0xAD, 0x2A, 0x7F, 0x66, 0x5F, 0x66, 0x84, 0x7F, 0x66, 0x87, 0x7F, 0x6E, 0x82, 0x5F, 0x6E, 0x86,
    0x5F, 0x76, 0x02, 0x7F, 0x76, 0x5F, 0x76, 0x7F, 0x76, 0x8B, 0x7F, 0x7E, 0x84, 0x5F, 0x7E, 0x82,
    0x5F, 0x76, 0x86, 0x3F, 0x76, 0x00, 0x1F, 0x76, 0x85, 0x1F, 0x6E, 0x85, 0xFF, 0x6D, 0x00, 0xFF,
    0x65, 0x87, 0xDF, 0x65, 0x84, 0xBF, 0x65, 0x82, 0xBF, 0x5D, 0x86, 0x9F, 0x5D, 0x8A, 0x7F, 0x5D,
    0x85, 0x5F, 0x5D, 0x83, 0x5F, 0x55, 0x83, 0x5F, 0x5D, 0x00, 0x3F, 0x5D, 0x86, 0x3F, 0x55, 0x07,
    0x3F, 0x5D, 0x0C, 0x22, 0x62, 0x00, 0x83, 0x08, 0x62, 0x00, 0x62, 0x00, 0x42, 0x00, 0x42, 0x00,
    0x84, 0x41, 0x00, 0x84, 0x21, 0x00, 0x82, 0x20, 0x00, 0x90, 0x00, 0x00, 0x8D, 0x00, 0x00, 0x84,
    0x20, 0x00, 0x82, 0x21, 0x00, 0x84, 0x41, 0x00, 0x00, 0x61, 0x00, 0x83, 0x62, 0x00, 0x04, 0x82,
    0x00, 0x83, 0x08, 0x83, 0x08, 0x46, 0x11, 0x1E, 0x5E, 0x85, 0x7F, 0x66, 0x84, 0x7F, 0x6E, 0x00,
    0x5F, 0x6E, 0x84, 0x7F, 0x6E, 0x88, 0x7F, 0x76, 0x88, 0x7F, 0x7E, 0x82, 0x7F, 0x86, 0x84, 0x7F,
    0x7E, 0x85, 0x5F, 0x7E, 0x00, 0x5F, 0x76, 0x86, 0x3F, 0x76, 0x00, 0x1F, 0x76, 0x86, 0x1F, 0x6E,
    0x85, 0xFF, 0x6D, 0x00, 0xFF, 0x65, 0x86, 0xDF, 0x65, 0x86, 0xBF, 0x65, 0x00, 0xBF, 0x5D, 0x8A,
    0x9F, 0x5D, 0x86, 0x7F, 0x5D, 0x87, 0x5F, 0x5D, 0x04, 0x3F, 0x5D, 0x3F, 0x55, 0x5F, 0x5D, 0x3F,
    0x5D, 0x3F, 0x5D, 0x84, 0x3F, 0x55, 0x0A, 0x3F, 0x5D, 0x3F, 0x55, 0x3F, 0x5D, 0xDE, 0x54, 0xE6,
    0x10, 0x62, 0x00, 0x62, 0x08, 0x62, 0x00, 0x62, 0x00, 0x42, 0x00, 0x42, 0x00, 0x84, 0x41, 0x00,
    0x84, 0x21, 0x00, 0x82, 0x20, 0x00, 0x8F, 0x00, 0x00, 0x8D, 0x00, 0x00, 0x84, 0x20, 0x00, 0x01,
    0x21, 0x00, 0x21, 0x00, 0x84, 0x41, 0x00, 0x00, 0x61, 0x00, 0x83, 0x62, 0x00, 0x06, 0x82, 0x00,
    0x82, 0x00, 0xA3, 0x08, 0x83, 0x08, 0x76, 0x44, 0x7F, 0x66, 0x5F, 0x66, 0x84, 0x7F, 0x66, 0x82,
    0x7F, 0x6E, 0x06, 0x5F, 0x6E, 0x5F, 0x6E, 0x7F, 0x6E, 0x7F, 0x6E, 0xDD, 0x65, 0x19, 0x55, 0x97,
    0x4C, 0x84, 0x76, 0x4C, 0x02, 0x96, 0x4C, 0x96, 0x4C, 0x76, 0x4C, 0x84, 0x96, 0x54, 0x84, 0x97,
    0x54, 0x84, 0xB7, 0x5C, 0x88, 0x97, 0x54, 0x85, 0x77, 0x54, 0x83, 0x77, 0x4C, 0x84, 0x57, 0x4C,
    0x00, 0x56, 0x4C, 0x86, 0x36, 0x4C, 0x86, 0x16, 0x44, 0x86, 0xF6, 0x43, 0x00, 0xF5, 0x43, 0x82,
    0xD6, 0x43, 0x83, 0xD5, 0x3B, 0x89, 0xB5, 0x3B, 0x86, 0x95, 0x3B, 0x03, 0xB5, 0x3B, 0x18, 0x44,
    0xDC, 0x4C, 0x5F, 0x5D, 0x83, 0x3F, 0x5D, 0x82, 0x3F, 0x55, 0x83, 0x3F, 0x5D, 0x04, 0x1F, 0x55,
    0x3F, 0x5D, 0x95, 0x3B, 0x62, 0x00, 0x83, 0x08, 0x82, 0x62, 0x00, 0x01, 0x42, 0x00, 0x42, 0x00,
    0x83, 0x41, 0x00, 0x84, 0x21, 0x00, 0x82, 0x20, 0x00, 0x8F, 0x00, 0x00, 0x8D, 0x00, 0x00, 0x83,
    0x20, 0x00, 0x82, 0x21, 0x00, 0x84, 0x41, 0x00, 0x00, 0x61, 0x00, 0x83, 0x62, 0x00, 0x03, 0x82,
    0x00, 0x83, 0x08, 0x83, 0x08, 0xE9, 0x19, 0x82, 0x5F, 0x66, 0x84, 0x7F, 0x66, 0x08, 0x5F, 0x6E,
    0x7F, 0x6E, 0x5F, 0x6E, 0x7F, 0x6E, 0x7F, 0x6E, 0x39, 0x55, 0x50, 0x33, 0x2B, 0x22, 0xE9, 0x19,
    0x86, 0xC9, 0x19, 0x00, 0xE9, 0x19, 0x83, 0xEA, 0x19, 0x84, 0xEA, 0x21, 0x86, 0x0A, 0x22, 0x97,
    0x0B, 0x22, 0x88, 0xEB, 0x21, 0x84, 0xEA, 0x19, 0x87, 0xCA, 0x19, 0x01, 0xAA, 0x19, 0xAA, 0x19,
    0x86, 0xA9, 0x19, 0x88, 0x89, 0x19, 0x88, 0x68, 0x19, 0x06, 0xAA, 0x19, 0x8F, 0x2A, 0x18, 0x44,
    0x3F, 0x5D, 0x3F, 0x5D, 0x3F, 0x55, 0x3F, 0x55, 0x85, 0x3F, 0x5D, 0x06, 0x1F, 0x5D, 0x1F, 0x55,
    0x1F, 0x5D, 0x69, 0x19, 0x62, 0x00, 0x83, 0x08, 0x62, 0x00, 0x82, 0x42, 0x00, 0x84, 0x41, 0x00,
    0x84, 0x21, 0x00, 0x01, 0x20, 0x00, 0x20, 0x00, 0x8F, 0x00, 0x00, 0x8C, 0x00, 0x00, 0x84, 0x20,
    0x00, 0x82, 0x21, 0x00, 0x83, 0x41, 0x00, 0x00, 0x61, 0x00, 0x83, 0x62, 0x00, 0x0C, 0x82, 0x00,
    0x82, 0x00, 0x83, 0x08, 0x83, 0x08, 0x97, 0x44, 0x5F, 0x66, 0x5F, 0x66, 0x7F, 0x66, 0x5F, 0x66,
    0x5F, 0x66, 0x7F, 0x66, 0x7F, 0x66, 0x5F, 0x66, 0x82, 0x5F, 0x6E, 0x05, 0x1E, 0x66, 0x91, 0x3B,
    0xC9, 0x19, 0xE9, 0x19, 0x0B, 0x22, 0x2B, 0x22, 0x82, 0x4B, 0x22, 0x83, 0x4C, 0x22, 0x01, 0x6C,
    0x2A, 0x4C, 0x2A, 0x87, 0x6C, 0x2A, 0x00, 0x6D, 0x2A, 0x92, 0x8D, 0x2A, 0x8E, 0x6D, 0x2A, 0x87,
    0x4D, 0x22, 0x00, 0x4C, 0x22, 0x88, 0x2C, 0x22, 0x82, 0x0C, 0x22, 0x86, 0x0B, 0x22, 0x02, 0xEB,
    0x21, 0xEB, 0x21, 0xEB, 0x19, 0x85, 0xEB, 0x21, 0x00, 0xCB, 0x21, 0x82, 0xCB, 0x19, 0x01, 0xCA,
    0x19, 0xCA, 0x19, 0x82, 0xAA, 0x19, 0x05, 0x69, 0x19, 0x68, 0x19, 0xB0, 0x2A, 0xFE, 0x54, 0x3F,
    0x5D, 0x3F, 0x55, 0x86, 0x3F, 0x5D, 0x06, 0x1F, 0x55, 0x1F, 0x5D, 0x96, 0x3B, 0x62, 0x00, 0x83,
    0x08, 0x62, 0x00, 0x62, 0x00, 0x82, 0x42, 0x00, 0x83, 0x41, 0x00, 0x84, 0x21, 0x00, 0x82, 0x20,
    0x00, 0x8E, 0x00, 0x00, 0x8C, 0x00, 0x00, 0x84, 0x20, 0x00, 0x01, 0x21, 0x00, 0x21, 0x00, 0x84,
    0x41, 0x00, 0x00, 0x61, 0x00, 0x83, 0x62, 0x00, 0x04, 0x82, 0x00, 0x83, 0x08, 0x83, 0x08, 0x47,
    0x11, 0x3F, 0x5E, 0x87, 0x5F, 0x66, 0x04, 0x5F, 0x6E, 0x5F, 0x6E, 0xFD, 0x65, 0xCE, 0x2A, 0xC9,
    0x19, 0x86, 0x2B, 0x22, 0x82, 0x4B, 0x22, 0x84, 0x4C, 0x22, 0x01, 0x4C, 0x2A, 0x4C, 0x2A, 0x87,
    0x6C, 0x2A, 0x01, 0x6D, 0x2A, 0x6C, 0x2A, 0x95, 0x6D, 0x2A, 0x83, 0x4D, 0x2A, 0x84, 0x4D, 0x22,
    0x83, 0x4C, 0x22, 0x86, 0x2C, 0x22, 0x84, 0x0C, 0x22, 0x85, 0x0B, 0x22, 0x82, 0xEB, 0x21, 0x00,
    0xEB, 0x19, 0x82, 0xEB, 0x21, 0x00, 0xEB, 0x19, 0x83, 0xCB, 0x19, 0x82, 0xCA, 0x19, 0x88, 0xAA,
    0x19, 0x02, 0x68, 0x11, 0x2D, 0x22, 0xDD, 0x54, 0x85, 0x3F, 0x5D, 0x83, 0x1F, 0x5D, 0x04, 0xFF,
    0x54, 0x06, 0x11, 0x62, 0x00, 0x62, 0x08, 0x62, 0x00, 0x82, 0x42, 0x00, 0x82, 0x41, 0x00, 0x85,
    0x21, 0x00, 0x82, 0x20, 0x00, 0x8E, 0x00, 0x00, 0x8C, 0x00, 0x00, 0x83, 0x20, 0x00, 0x82, 0x21,
    0x00, 0x83, 0x41, 0x00, 0x01, 0x61, 0x00, 0x61, 0x00, 0x82, 0x62, 0x00, 0x04, 0x82, 0x00, 0x82,
    0x00, 0xA3, 0x08, 0x83, 0x08, 0x50, 0x33, 0x89, 0x5F, 0x66, 0x03, 0x3F, 0x66, 0x0F, 0x2B, 0xC9,
    0x19, 0x4B, 0x22, 0x85, 0x2B, 0x22, 0x83, 0x4B, 0x22, 0x83, 0x4C, 0x22, 0x83, 0x4C, 0x2A, 0x86,
    0x6C, 0x2A, 0x97, 0x6D, 0x2A, 0x83, 0x4D, 0x2A, 0x85, 0x4D, 0x22, 0x82, 0x4C, 0x22, 0x86, 0x2C,
    0x22, 0x85, 0x0C, 0x22, 0x85, 0x0B, 0x22, 0x85, 0xEB, 0x21, 0x01, 0xEB, 0x19, 0xEB, 0x19, 0x83,
    0xCB, 0x19, 0x83, 0xCA, 0x19, 0x87, 0xAA, 0x19, 0x05, 0x68, 0x11, 0x4E, 0x22, 0x1F, 0x55, 0x1F,
    0x55, 0x1F, 0x5D, 0x3F, 0x5D, 0x84, 0x1F, 0x5D, 0x08, 0x1F, 0x55, 0x1F, 0x5D, 0x8F, 0x2A, 0x62,
    0x00, 0x83, 0x08, 0x62, 0x00, 0x62, 0x00, 0x42, 0x00, 0x42, 0x00, 0x83, 0x41, 0x00, 0x85, 0x21,
    0x00, 0x82, 0x20, 0x00, 0x8D, 0x00, 0x00, 0x8C, 0x00, 0x00, 0x83, 0x20, 0x00, 0x82, 0x21, 0x00,
    0x83, 0x41, 0x00, 0x00, 0x61, 0x00, 0x83, 0x62, 0x00, 0x04, 0x82, 0x00, 0x82, 0x00, 0x83, 0x08,
    0x83, 0x08, 0xD8, 0x4C, 0x88, 0x5F, 0x66, 0x02, 0x5F, 0x6E, 0x15, 0x44, 0xA8, 0x19, 0x88, 0x2B,
    0x22, 0x82, 0x4B, 0x22, 0x83, 0x4C, 0x22, 0x83, 0x4C, 0x2A, 0x84, 0x6C, 0x2A, 0x99, 0x6D, 0x2A,
    0x86, 0x4D, 0x2A, 0x85, 0x4D, 0x22, 0x00, 0x4C, 0x22, 0x85, 0x2C, 0x22, 0x85, 0x0C, 0x22, 0x84,
    0x0B, 0x22, 0x87, 0xEB, 0x21, 0x01, 0xEB, 0x19, 0xEB, 0x19, 0x82, 0xCB, 0x19, 0x83, 0xCA, 0x19,
    0x88, 0xAA, 0x19, 0x03, 0x48, 0x11, 0x33, 0x33, 0x3F, 0x5D, 0x1F, 0x55, 0x85, 0x1F, 0x5D, 0x06,
    0x1F, 0x55, 0x1F, 0x5D, 0xD7, 0x43, 0x62, 0x08, 0x63, 0x08, 0x62, 0x00, 0x62, 0x00, 0x82, 0x42,
    0x00, 0x82, 0x41, 0x00, 0x85, 0x21, 0x00, 0x82, 0x20, 0x00, 0x8D, 0x00, 0x00, 0x8B, 0x00, 0x00,
    0x84, 0x20, 0x00, 0x01, 0x21, 0x00, 0x21, 0x00, 0x84, 0x41, 0x00, 0x00, 0x61, 0x00, 0x83, 0x62,
    0x00, 0x04, 0x82, 0x00, 0x83, 0x00, 0x83, 0x08, 0xE5, 0x08, 0xDD, 0x5D, 0x88, 0x5F, 0x66, 0x04,
    0xDD, 0x5D, 0x2B, 0x22, 0x0A, 0x22, 0x0B, 0x22, 0x0B, 0x22, 0x86, 0x2B, 0x22, 0x01, 0x4B, 0x22,
    0x4B, 0x22, 0x85, 0x4C, 0x22, 0x82, 0x4C, 0x2A, 0x84, 0x6C, 0x2A, 0x01, 0x6D, 0x2A, 0x6C, 0x2A,
    0x96, 0x6D, 0x2A, 0x84, 0x4D, 0x2A, 0x88, 0x4D, 0x22, 0x86, 0x2C, 0x22, 0x86, 0x0C, 0x22, 0x82,
    0x0B, 0x22, 0x89, 0xEB, 0x21, 0x00, 0xEB, 0x19, 0x82, 0xCB, 0x19, 0x83, 0xCA, 0x19, 0x88, 0xAA,
    0x19, 0x02, 0x8A, 0x19, 0xAA, 0x19, 0xBD, 0x54, 0x88, 0x1F, 0x5D, 0x01, 0xBD, 0x54, 0xC4, 0x08,
    0x83, 0x62, 0x00, 0x01, 0x42, 0x00, 0x42, 0x00, 0x82, 0x41, 0x00, 0x85, 0x21, 0x00, 0x82, 0x20,
    0x00, 0x8D, 0x00, 0x00, 0x8B, 0x00, 0x00, 0x84, 0x20, 0x00, 0x01, 0x21, 0x00, 0x21, 0x00, 0x83,
    0x41, 0x00, 0x00, 0x61, 0x00, 0x83, 0x62, 0x00, 0x04, 0x82, 0x00, 0x82, 0x00, 0x83, 0x08, 0x83,
    0x08, 0xC9, 0x19, 0x87, 0x5F, 0x66, 0x05, 0x3F, 0x66, 0x5F, 0x66, 0x55, 0x44, 0xC9, 0x19, 0x2B,
    0x22, 0x0B, 0x22, 0x87, 0x2B, 0x22, 0x01, 0x4B, 0x22, 0x4B, 0x22, 0x86, 0x4C, 0x22, 0x00, 0x4C,
    0x2A, 0x84, 0x6C, 0x2A, 0x9C, 0x6D, 0x2A, 0x82, 0x4D, 0x2A, 0x88, 0x4D, 0x22, 0x87, 0x2C, 0x22,
    0x85, 0x0C, 0x22, 0x83, 0x0B, 0x22, 0x86, 0xEB, 0x21, 0x01, 0xCB, 0x21, 0xCB, 0x21, 0x82, 0xCB,
    0x19, 0x84, 0xCA, 0x19, 0x88, 0xAA, 0x19, 0x03, 0x48, 0x11, 0x55, 0x3B, 0x1F, 0x5D, 0x1F, 0x55,
    0x87, 0x1F, 0x5D, 0x04, 0x48, 0x19, 0x62, 0x08, 0x63, 0x08, 0x62, 0x00, 0x62, 0x00, 0x82, 0x42,
    0x00, 0x82, 0x41, 0x00, 0x84, 0x21, 0x00, 0x82, 0x20, 0x00, 0x8D, 0x00, 0x00, 0x8B, 0x00, 0x00,
    0x83, 0x20, 0x00, 0x82, 0x21, 0x00, 0x83, 0x41, 0x00, 0x00, 0x61, 0x00, 0x83, 0x62, 0x00, 0x04,
    0x82, 0x00, 0x82, 0x00, 0xA3, 0x08, 0xA3, 0x08, 0x6C, 0x22, 0x89, 0x5F, 0x66, 0x01, 0x30, 0x33,
    0xC9, 0x19, 0x8A, 0x2B, 0x22, 0x86, 0x4C, 0x22, 0x01, 0x4C, 0x2A, 0x4C, 0x2A, 0x83, 0x6C, 0x2A,
    0x9A, 0x6D, 0x2A, 0x88, 0x4D, 0x2A, 0x83, 0x4D, 0x22, 0x01, 0x4C, 0x22, 0x4D, 0x22, 0x85, 0x2C,
    0x22, 0x88, 0x0C, 0x22, 0x01, 0x0B, 0x22, 0x0B, 0x22, 0x88, 0xEB, 0x21, 0x01, 0xCB, 0x21, 0xCB,
    0x21, 0x82, 0xCB, 0x19, 0x83, 0xCA, 0x19, 0x88, 0xAA, 0x19, 0x01, 0x69, 0x19, 0x6F, 0x2A, 0x87,
    0x1F, 0x5D, 0x04, 0xFF, 0x5C, 0x1F, 0x5D, 0xEC, 0x21, 0x62, 0x08, 0x83, 0x08, 0x82, 0x62, 0x00,
    0x01, 0x42, 0x00, 0x42, 0x00, 0x82, 0x41, 0x00, 0x85, 0x21, 0x00, 0x82, 0x20, 0x00, 0x8C, 0x00,
    0x00, 0x8B, 0x00, 0x00, 0x83, 0x20, 0x00, 0x01, 0x21, 0x00, 0x21, 0x00, 0x84, 0x41, 0x00, 0x00,
    0x61, 0x00, 0x83, 0x62, 0x00, 0x06, 0x82, 0x00, 0x82, 0x00, 0xA3, 0x08, 0xA3, 0x08, 0xEF, 0x2A,
    0x5F, 0x66, 0x3F, 0x66, 0x86, 0x5F, 0x66, 0x03, 0x1E, 0x66, 0x8D, 0x22, 0xEA, 0x19, 0x0B, 0x22,
    0x88, 0x2B, 0x22, 0x00, 0x4B, 0x22, 0x85, 0x4C, 0x22, 0x83, 0x4C, 0x2A, 0x01, 0x6C, 0x2A, 0x6C,
    0x2A, 0x9F, 0x6D, 0x2A, 0x84, 0x4D, 0x2A, 0x84, 0x4D, 0x22, 0x00, 0x4C, 0x22, 0x86, 0x2C, 0x22,
    0x88, 0x0C, 0x22, 0x01, 0x0B, 0x22, 0x0B, 0x22, 0x88, 0xEB, 0x21, 0x00, 0xCB, 0x21, 0x82, 0xCB,
    0x19, 0x83, 0xCA, 0x19, 0x88, 0xAA, 0x19, 0x02, 0x89, 0x19, 0xEC, 0x21, 0xFE, 0x54, 0x86, 0x1F,
    0x5D, 0x04, 0xFF, 0x5C, 0xFF, 0x5C, 0x2E, 0x2A, 0x62, 0x08, 0x83, 0x08, 0x82, 0x62, 0x00, 0x01,
    0x42, 0x00, 0x42, 0x00, 0x82, 0x41, 0x00, 0x85, 0x21, 0x00, 0x82, 0x20, 0x00, 0x8C, 0x00, 0x00,
    0x8A, 0x00, 0x00, 0x84, 0x20, 0x00, 0x01, 0x21, 0x00, 0x21, 0x00, 0x84, 0x41, 0x00, 0x00, 0x61,
    0x00, 0x82, 0x62, 0x00, 0x07, 0x82, 0x00, 0x82, 0x00, 0x83, 0x08, 0xA3, 0x08, 0xA3, 0x08, 0x30,
    0x33, 0x5F, 0x66, 0x3F, 0x66, 0x84, 0x5F, 0x66, 0x04, 0x3F, 0x66, 0x5F, 0x66, 0xFE, 0x65, 0x2B,
    0x22, 0x0A, 0x1A, 0x87, 0x2B, 0x22, 0x02, 0x4B, 0x22, 0x2B, 0x22, 0x4B, 0x22, 0x85, 0x4C, 0x22,
    0x84, 0x4C, 0x2A, 0xA0, 0x6D, 0x2A, 0x84, 0x4D, 0x2A, 0x84, 0x4D, 0x22, 0x00, 0x2D, 0x22, 0x88,
    0x2C, 0x22, 0x87, 0x0C, 0x22, 0x01, 0x0B, 0x22, 0x0B, 0x22, 0x87, 0xEB, 0x21, 0x01, 0xCB, 0x21,
    0xCB, 0x21, 0x82, 0xCB, 0x19, 0x83, 0xCA, 0x19, 0x87, 0xAA, 0x19, 0x02, 0x89, 0x19, 0xAA, 0x19,
    0xBD, 0x54, 0x85, 0x1F, 0x5D, 0x82, 0xFF, 0x5C, 0x02, 0x6F, 0x2A, 0x63, 0x08, 0x83, 0x08, 0x82,
    0x62, 0x00, 0x01, 0x42, 0x00, 0x42, 0x00, 0x82, 0x41, 0x00, 0x85, 0x21, 0x00, 0x82, 0x20, 0x00,
    0x8C, 0x00, 0x00, 0x8A, 0x00, 0x00, 0x84, 0x20, 0x00, 0x01, 0x21, 0x00, 0x21, 0x00, 0x83, 0x41,
    0x00, 0x00, 0x61, 0x00, 0x83, 0x62, 0x00, 0x07, 0x82, 0x00, 0x82, 0x00, 0x83, 0x08, 0xA3, 0x08,
    0xA3, 0x08, 0x30, 0x33, 0x5F, 0x66, 0x3F, 0x66, 0x82, 0x5F, 0x66, 0x82, 0x3F, 0x66, 0x03, 0x5F,
    0x66, 0xDD, 0x5D, 0x2B, 0x22, 0x0A, 0x1A, 0x87, 0x2B, 0x22, 0x00, 0x4B, 0x22, 0x88, 0x4C, 0x22,
    0x82, 0x4C, 0x2A, 0x03, 0x6C, 0x2A, 0x4C, 0x2A, 0x6C, 0x2A, 0x6C, 0x2A, 0x9C, 0x6D, 0x2A, 0x84,
    0x4D, 0x2A, 0x00, 0x4D, 0x22, 0x82, 0x4D, 0x2A, 0x01, 0x4D, 0x22, 0x4D, 0x22, 0x82, 0x2D, 0x22,
    0x84, 0x2C, 0x22, 0x88, 0x0C, 0x22, 0x82, 0x0B, 0x22, 0x88, 0xEB, 0x21, 0x00, 0xCB, 0x21, 0x83,
    0xCB, 0x19, 0x83, 0xCA, 0x19, 0x86, 0xAA, 0x19, 0x04, 0x8A, 0x19, 0xAA, 0x19, 0xBD, 0x54, 0x1F,
    0x5D, 0xFF, 0x5C, 0x82, 0x1F, 0x5D, 0x83, 0xFF, 0x5C, 0x02, 0x6F, 0x2A, 0x63, 0x08, 0x83, 0x08,
    0x83, 0x62, 0x00, 0x01, 0x42, 0x00, 0x42, 0x00, 0x82, 0x41, 0x00, 0x84, 0x21, 0x00, 0x82, 0x20,
    0x00, 0x8C, 0x00, 0x00, 0x8A, 0x00, 0x00, 0x84, 0x20, 0x00, 0x01, 0x21, 0x00, 0x21, 0x00, 0x83,
    0x41, 0x00, 0x00, 0x61, 0x00, 0x83, 0x62, 0x00, 0x08, 0x82, 0x00, 0x82, 0x00, 0x83, 0x08, 0xA3,
    0x08, 0xA3, 0x08, 0x30, 0x33, 0x3F, 0x66, 0x3F, 0x5E, 0x5F, 0x66, 0x85, 0x3F, 0x66, 0x02, 0xDD,
    0x5D, 0x2B, 0x22, 0x0A, 0x1A, 0x87, 0x2B, 0x22, 0x8A, 0x4C, 0x22, 0x05, 0x4C, 0x2A, 0x6C, 0x2A,
    0x4C, 0x2A, 0x4C, 0x2A, 0x6C, 0x2A, 0x6C, 0x2A, 0x9C, 0x6D, 0x2A, 0x84, 0x4D, 0x2A, 0x85, 0x4D,
    0x22, 0x83, 0x2D, 0x22, 0x83, 0x2C, 0x22, 0x8A, 0x0C, 0x22, 0x00, 0x0B, 0x22, 0x89, 0xEB, 0x21,
    0x85, 0xCB, 0x19, 0x00, 0xCA, 0x19, 0x87, 0xAA, 0x19, 0x05, 0x8A, 0x19, 0xAA, 0x19, 0xBD, 0x54,
    0x1F, 0x5D, 0xFF, 0x5C, 0x1F, 0x5D, 0x85, 0xFF, 0x5C, 0x02, 0x6F, 0x2A, 0x63, 0x08, 0x83, 0x08,
    0x83, 0x62, 0x00, 0x01, 0x42, 0x00, 0x42, 0x00, 0x82, 0x41, 0x00, 0x84, 0x21, 0x00, 0x82, 0x20,
    0x00, 0x8C, 0x00, 0x00, 0x8A, 0x00, 0x00, 0x83, 0x20, 0x00, 0x82, 0x21, 0x00, 0x83, 0x41, 0x00,
    0x00, 0x61, 0x00, 0x83, 0x62, 0x00, 0x07, 0x82, 0x00, 0x82, 0x00, 0x83, 0x08, 0xA3, 0x08, 0xA3,
    0x08, 0x30, 0x33, 0x3F, 0x66, 0x3F, 0x5E, 0x86, 0x3F, 0x66, 0x02, 0xDD, 0x5D, 0x2B, 0x22, 0x0A,
    0x1A, 0x87, 0x2B, 0x22, 0x00, 0x2C, 0x22, 0x88, 0x4C, 0x22, 0x83, 0x4C, 0x2A, 0x01, 0x6C, 0x2A,
    0x6C, 0x2A, 0x95, 0x6D, 0x2A, 0x01, 0x6E, 0x2A, 0x6E, 0x2A, 0x88, 0x6D, 0x2A, 0x84, 0x4D, 0x2A,
    0x83, 0x4D, 0x22, 0x82, 0x2D, 0x22, 0x84, 0x2C, 0x22, 0x89, 0x0C, 0x22, 0x00, 0x0B, 0x22, 0x89,
    0xEB, 0x21, 0x85, 0xCB, 0x19, 0x01, 0xCA, 0x19, 0xCA, 0x19, 0x86, 0xAA, 0x19, 0x03, 0x8A, 0x19,
    0xAA, 0x19, 0xBD, 0x54, 0x1F, 0x5D, 0x87, 0xFF, 0x5C, 0x02, 0x6F, 0x2A, 0x63, 0x08, 0x83, 0x08,
    0x83, 0x62, 0x00, 0x01, 0x42, 0x00, 0x42, 0x00, 0x82, 0x41, 0x00, 0x85, 0x21, 0x00, 0x01, 0x20,
    0x00, 0x20, 0x00, 0x8C, 0x00, 0x00, 0x8A, 0x00, 0x00, 0x83, 0x20, 0x00, 0x82, 0x21, 0x00, 0x83,
    0x41, 0x00, 0x00, 0x61, 0x00, 0x82, 0x62, 0x00, 0x02, 0x82, 0x00, 0x82, 0x00, 0x83, 0x08, 0x82,
    0xA3, 0x08, 0x02, 0x30, 0x33, 0x3F, 0x66, 0x1F, 0x5E, 0x86, 0x3F, 0x66, 0x02, 0xDD, 0x5D, 0x2B,
    0x22, 0x0A, 0x1A, 0x86, 0x2B, 0x22, 0x83, 0x2C, 0x22, 0x85, 0x4C, 0x22, 0x84, 0x4C, 0x2A, 0x00,
    0x6C, 0x2A, 0x93, 0x6D, 0x2A, 0x83, 0x6E, 0x2A, 0x00, 0x6D, 0x2A, 0x83, 0x6E, 0x2A, 0x85, 0x6D,
    0x2A, 0x84, 0x4D, 0x2A, 0x84, 0x4D, 0x22, 0x01, 0x2D, 0x22, 0x2D, 0x22, 0x84, 0x2C, 0x22, 0x88,
    0x0C, 0x22, 0x01, 0xEB, 0x21, 0xEC, 0x21, 0x87, 0xEB, 0x21, 0x00, 0xCB, 0x21, 0x86, 0xCB, 0x19,
    0x00, 0xCA, 0x19, 0x86, 0xAA, 0x19, 0x02, 0x8A, 0x19, 0xAA, 0x19, 0xBD, 0x54, 0x86, 0xFF, 0x5C,
    0x05, 0xDF, 0x5C, 0xFF, 0x5C, 0x6F, 0x2A, 0x83, 0x08, 0x83, 0x08, 0x62, 0x08, 0x83, 0x62, 0x00,
    0x00, 0x42, 0x00, 0x82, 0x41, 0x00, 0x85, 0x21, 0x00, 0x82, 0x20, 0x00, 0x8B, 0x00, 0x00, 0x8A,
    0x00, 0x00, 0x83, 0x20, 0x00, 0x01, 0x21, 0x00, 0x21, 0x00, 0x84, 0x41, 0x00, 0x00, 0x61, 0x00,
    0x82, 0x62, 0x00, 0x08, 0x82, 0x00, 0x82, 0x00, 0x83, 0x08, 0x83, 0x08, 0xA3, 0x08, 0xA3, 0x08,
    0x30, 0x33, 0x3F, 0x66, 0x1F, 0x5E, 0x86, 0x3F, 0x66, 0x02, 0xDD, 0x5D, 0x2B, 0x22, 0x0A, 0x1A,
    0x86, 0x2B, 0x22, 0x83, 0x2C, 0x22, 0x85, 0x4C, 0x22, 0x83, 0x4C, 0x2A, 0x01, 0x6C, 0x2A, 0x6C,
    0x2A, 0x91, 0x6D, 0x2A, 0x8E, 0x6E, 0x2A, 0x82, 0x6D, 0x2A, 0x83, 0x4D, 0x2A, 0x85, 0x4D, 0x22,
    0x01, 0x2D, 0x22, 0x2D, 0x22, 0x84, 0x2C, 0x22, 0x87, 0x0C, 0x22, 0x00, 0xEC, 0x21, 0x87, 0xEB,
    0x21, 0x00, 0xCB, 0x21, 0x87, 0xCB, 0x19, 0x01, 0xCA, 0x19, 0xCA, 0x19, 0x85, 0xAA, 0x19, 0x02,
    0x8A, 0x19, 0xAA, 0x19, 0xBD, 0x54, 0x86, 0xFF, 0x5C, 0x05, 0xDF, 0x5C, 0xFF, 0x5C, 0x6F, 0x2A,
    0x83, 0x08, 0x83, 0x08, 0x62, 0x08, 0x83, 0x62, 0x00, 0x00, 0x42, 0x00, 0x82, 0x41, 0x00, 0x85,
    0x21, 0x00, 0x82, 0x20, 0x00, 0x8B, 0x00, 0x00, 0x8A, 0x00, 0x00, 0x83, 0x20, 0x00, 0x01, 0x21,
    0x00, 0x21, 0x00, 0x83, 0x41, 0x00, 0x00, 0x61, 0x00, 0x83, 0x62, 0x00, 0x08, 0x82, 0x00, 0x82,
    0x00, 0x83, 0x08, 0x83, 0x08, 0xA3, 0x08, 0xA3, 0x08, 0x30, 0x33, 0x3F, 0x66, 0x1F, 0x5E, 0x86,
    0x3F, 0x66, 0x02, 0xDD, 0x5D, 0x2B, 0x22, 0x0A, 0x1A, 0x86, 0x2B, 0x22, 0x84, 0x2C, 0x22, 0x86,
    0x4C, 0x22, 0x02, 0x4C, 0x2A, 0x4C, 0x2A, 0x6C, 0x2A, 0x90, 0x6D, 0x2A, 0x83, 0x6E, 0x2A, 0x01,
    0x8E, 0x2A, 0x8E, 0x2A, 0x8B, 0x6E, 0x2A, 0x82, 0x6D, 0x2A, 0x01, 0x4D, 0x2A, 0x4D, 0x2A, 0x86,
    0x4D, 0x22, 0x82, 0x2D, 0x22, 0x83, 0x2C, 0x22, 0x87, 0x0C, 0x22, 0x82, 0xEC, 0x21, 0x85, 0xEB,
    0x21, 0x00, 0xCB, 0x21, 0x87, 0xCB, 0x19, 0x87, 0xAA, 0x19, 0x02, 0x8A, 0x19, 0xAA, 0x19, 0xBD,
    0x54, 0x86, 0xFF, 0x5C, 0x05, 0xDF, 0x5C, 0xFF, 0x5C, 0x6F, 0x2A, 0x83, 0x08, 0x83, 0x08, 0x63,
    0x08, 0x83, 0x62, 0x00, 0x01, 0x42, 0x00, 0x42, 0x00, 0x82, 0x41, 0x00, 0x84, 0x21, 0x00, 0x82,
    0x20, 0x00, 0x8B, 0x00, 0x00, 0x89, 0x00, 0x00, 0x84, 0x20, 0x00, 0x01, 0x21, 0x00, 0x21, 0x00,
    0x83, 0x41, 0x00, 0x00, 0x61, 0x00, 0x82, 0x62, 0x00, 0x82, 0x82, 0x00, 0x06, 0x83, 0x08, 0x83,
    0x08, 0xA3, 0x08, 0xA3, 0x08, 0x30, 0x33, 0x3F, 0x66, 0x1F, 0x66, 0x84, 0x3F, 0x66, 0x04, 0x1F,
    0x66, 0x3F, 0x66, 0xDD, 0x5D, 0x2B, 0x22, 0x0A, 0x1A, 0x86, 0x2B, 0x22, 0x84, 0x2C, 0x22, 0x86,
    0x4C, 0x22, 0x82, 0x4C, 0x2A, 0x8E, 0x6D, 0x2A, 0x83, 0x6E, 0x2A, 0x01, 0x8E, 0x2A, 0x8E, 0x2A,
    0x90, 0x6E, 0x2A, 0x01, 0x4D, 0x2A, 0x4D, 0x2A, 0x85, 0x4D, 0x22, 0x84, 0x2D, 0x22, 0x01, 0x2C,
    0x22, 0x2C, 0x22, 0x88, 0x0C, 0x22, 0x01, 0xEC, 0x21, 0xEC, 0x21, 0x86, 0xEB, 0x21, 0x01, 0xCB,
    0x21, 0xCB, 0x21, 0x84, 0xCB, 0x19, 0x82, 0xAB, 0x19, 0x86, 0xAA, 0x19, 0x02, 0x8A, 0x19, 0xAA,
    0x19, 0x9D, 0x54, 0x86, 0xFF, 0x5C, 0x05, 0xDF, 0x5C, 0xFF, 0x5C, 0x6F, 0x2A, 0x63, 0x08, 0x83,
    0x08, 0x63, 0x08, 0x83, 0x62, 0x00, 0x01, 0x42, 0x00, 0x42, 0x00, 0x82, 0x41, 0x00, 0x84, 0x21,
    0x00, 0x82, 0x20, 0x00, 0x8B, 0x00, 0x00, 0x89, 0x00, 0x00, 0x84, 0x20, 0x00, 0x01, 0x21, 0x00,
    0x21, 0x00, 0x83, 0x41, 0x00, 0x00, 0x61, 0x00, 0x82, 0x62, 0x00, 0x82, 0x82, 0x00, 0x06, 0x83,
    0x08, 0x83, 0x08, 0xA4, 0x08, 0xA3, 0x08, 0x30, 0x33, 0x3F, 0x66, 0x1F, 0x5E, 0x84, 0x3F, 0x66,
    0x04, 0x1F, 0x66, 0x1F, 0x66, 0xBD, 0x5D, 0x2B, 0x22, 0x0A, 0x1A, 0x86, 0x2B, 0x22, 0x84, 0x2C,
    0x22, 0x85, 0x4C, 0x22, 0x83, 0x4C, 0x2A, 0x82, 0x4D, 0x2A, 0x8A, 0x6D, 0x2A, 0x83, 0x6E, 0x2A,
    0x01, 0x8E, 0x2A, 0x8E, 0x2A, 0x92, 0x6E, 0x2A, 0x02, 0x4D, 0x2A, 0x4D, 0x2A, 0x4D, 0x22, 0x82,
    0x4D, 0x2A, 0x86, 0x2D, 0x22, 0x00, 0x2C, 0x22, 0x88, 0x0C, 0x22, 0x83, 0xEC, 0x21, 0x84, 0xEB,
    0x21, 0x01, 0xCB, 0x21, 0xCB, 0x21, 0x84, 0xCB, 0x19, 0x02, 0xAB, 0x19, 0xCB, 0x19, 0xAB, 0x19,
    0x86, 0xAA, 0x19, 0x02, 0x8A, 0x19, 0xAA, 0x19, 0x9D, 0x54, 0x86, 0xFF, 0x5C, 0x05, 0xDF, 0x5C,
    0xDF, 0x5C, 0x6F, 0x2A, 0x63, 0x08, 0x83, 0x08, 0x63, 0x08, 0x83, 0x62, 0x00, 0x01, 0x42, 0x00,
    0x42, 0x00, 0x82, 0x41, 0x00, 0x84, 0x21, 0x00, 0x82, 0x20, 0x00, 0x8B, 0x00, 0x00, 0x89, 0x00,
    0x00, 0x84, 0x20, 0x00, 0x01, 0x21, 0x00, 0x21, 0x00, 0x83, 0x41, 0x00, 0x84, 0x62, 0x00, 0x12,
    0x82, 0x00, 0x82, 0x00, 0x83, 0x08, 0x83, 0x08, 0xA4, 0x08, 0xA3, 0x08, 0x30, 0x33, 0x3F, 0x5E,
    0x1F, 0x5E, 0x3F, 0x66, 0x1F, 0x66, 0x1F, 0x66, 0x3F, 0x66, 0x3F, 0x66, 0x1F, 0x66, 0x1F, 0x66,
    0xBD, 0x5D, 0x2B, 0x22, 0x0A, 0x1A, 0x88, 0x2B, 0x22, 0x01, 0x2C, 0x22, 0x2C, 0x22, 0x86, 0x4C,
    0x22, 0x82, 0x4C, 0x2A, 0x01, 0x4D, 0x2A, 0x4D, 0x2A, 0x8B, 0x6D, 0x2A, 0x82, 0x6E, 0x2A, 0x01,
    0x8E, 0x2A, 0x8E, 0x2A, 0x84, 0x6E, 0x2A, 0x00, 0x8E, 0x2A, 0x8D, 0x6E, 0x2A, 0x00, 0x6D, 0x2A,
    0x86, 0x4D, 0x2A, 0x85, 0x2D, 0x22, 0x8B, 0x0C, 0x22, 0x01, 0xEC, 0x21, 0xEC, 0x21, 0x84, 0xEB,
    0x21, 0x01, 0xCB, 0x21, 0xCB, 0x21, 0x85, 0xCB, 0x19, 0x00, 0xAB, 0x19, 0x87, 0xAA, 0x19, 0x02,
    0x8A, 0x19, 0xAA, 0x19, 0x9D, 0x54, 0x85, 0xFF, 0x5C, 0x82, 0xDF, 0x5C, 0x04, 0x6F, 0x2A, 0x63,
    0x08, 0x83, 0x08, 0x63, 0x08, 0x62, 0x08, 0x82, 0x62, 0x00, 0x01, 0x42, 0x00, 0x42, 0x00, 0x82,
    0x41, 0x00, 0x84, 0x21, 0x00, 0x82, 0x20, 0x00, 0x8B, 0x00, 0x00, 0x89, 0x00, 0x00, 0x83, 0x20,
    0x00, 0x82, 0x21, 0x00, 0x83, 0x41, 0x00, 0x84, 0x62, 0x00, 0x08, 0x82, 0x00, 0x83, 0x00, 0x83,
    0x08, 0xA3, 0x08, 0xC4, 0x08, 0xA3, 0x08, 0x30, 0x33, 0x3F, 0x5E, 0x1F, 0x5E, 0x86, 0x1F, 0x66,
    0x02, 0xBD, 0x5D, 0x2B, 0x22, 0x0A, 0x1A, 0x88, 0x2B, 0x22, 0x82, 0x2C, 0x22, 0x87, 0x4C, 0x22,
    0x04, 0x4C, 0x2A, 0x6D, 0x2A, 0x6D, 0x2A, 0x2C, 0x22, 0x0B, 0x22, 0x83, 0x2C, 0x22, 0x00, 0x4C,
    0x2A, 0x82, 0x6D, 0x2A, 0x86, 0x6E, 0x2A, 0x02, 0x8E, 0x2A, 0x6E, 0x2A, 0x6E, 0x2A, 0x82, 0x8E,
    0x2A, 0x01, 0x6E, 0x2A, 0x6E, 0x2A, 0x83, 0x8E, 0x2A, 0x88, 0x6E, 0x2A, 0x01, 0x6D, 0x2A, 0x6D,
    0x2A, 0x85, 0x4D, 0x2A, 0x84, 0x2D, 0x22, 0x00, 0x2C, 0x22, 0x84, 0x0C, 0x22, 0x00, 0xEB, 0x21,
    0x83, 0xCB, 0x21, 0x03, 0xCA, 0x19, 0xCB, 0x21, 0x0C, 0x22, 0xEC, 0x21, 0x83, 0xEB, 0x21, 0x82,
    0xCB, 0x21, 0x84, 0xCB, 0x19, 0x00, 0xAB, 0x19, 0x87, 0xAA, 0x19, 0x04, 0x8A, 0x19, 0xAA, 0x19,
    0x9D, 0x54, 0xFF, 0x5C, 0xDF, 0x5C, 0x82, 0xFF, 0x5C, 0x83, 0xDF, 0x5C, 0x04, 0x6F, 0x2A, 0x63,
    0x08, 0x83, 0x08, 0x63, 0x08, 0x63, 0x08, 0x82, 0x62, 0x00, 0x01, 0x42, 0x00, 0x42, 0x00, 0x82,
    0x41, 0x00, 0x85, 0x21, 0x00, 0x01, 0x20, 0x00, 0x20, 0x00, 0x8B, 0x00, 0x00, 0x89, 0x00, 0x00,
    0x83, 0x20, 0x00, 0x82, 0x21, 0x00, 0x83, 0x41, 0x00, 0x83, 0x62, 0x00, 0x09, 0x82, 0x00, 0x82,
    0x00, 0x83, 0x08, 0x83, 0x08, 0xA3, 0x08, 0xC4, 0x08, 0xA3, 0x08, 0x30, 0x33, 0x1F, 0x5E, 0x1F,
    0x5E, 0x86, 0x1F, 0x66, 0x02, 0xBD, 0x5D, 0x2B, 0x22, 0x0B, 0x1A, 0x87, 0x2B, 0x22, 0x85, 0x2C,
    0x22, 0x85, 0x4C, 0x22, 0x0B, 0x6D, 0x2A, 0x4C, 0x22, 0x2C, 0x22, 0x10, 0x33, 0x36, 0x4C, 0xFA,
    0x5C, 0x3B, 0x5D, 0xFA, 0x5C, 0x36, 0x4C, 0x10, 0x33, 0x2C, 0x22, 0x4D, 0x2A, 0x85, 0x6E, 0x2A,
    0x02, 0x8E, 0x2A, 0x6E, 0x2A, 0x6E, 0x2A, 0x8B, 0x8E, 0x2A, 0x88, 0x6E, 0x2A, 0x00, 0x4E, 0x2A,
    0x86, 0x4D, 0x2A, 0x83, 0x2D, 0x22, 0x11, 0x2C, 0x22, 0x0C, 0x22, 0x0C, 0x22, 0x0D, 0x22, 0x0C,
    0x22, 0xEB, 0x21, 0x8F, 0x2A, 0x95, 0x43, 0x39, 0x4C, 0x7A, 0x4C, 0x39, 0x4C, 0x95, 0x3B, 0x8F,
    0x2A, 0xCB, 0x19, 0xEB, 0x21, 0xEC, 0x21, 0xEB, 0x21, 0xEB, 0x21, 0x83, 0xCB, 0x21, 0x84, 0xCB,
    0x19, 0x01, 0xAB, 0x19, 0xAB, 0x19, 0x86, 0xAA, 0x19, 0x05, 0x8A, 0x19, 0xAA, 0x19, 0x9D, 0x54,
    0xFF, 0x5C, 0xDF, 0x5C, 0xFF, 0x5C, 0x85, 0xDF, 0x5C, 0x04, 0x6F, 0x2A, 0x83, 0x08, 0x83, 0x08,
    0x63, 0x08, 0x63, 0x08, 0x83, 0x62, 0x00, 0x00, 0x42, 0x00, 0x82, 0x41, 0x00, 0x85, 0x21, 0x00,
    0x00, 0x20, 0x00, 0x8C, 0x00, 0x00, 0x89, 0x00, 0x00, 0x83, 0x20, 0x00, 0x82, 0x21, 0x00, 0x83,
    0x41, 0x00, 0x83, 0x62, 0x00, 0x07, 0x82, 0x00, 0x82, 0x00, 0x83, 0x08, 0x83, 0x08, 0xA3, 0x08,
    0xC4, 0x08, 0xA3, 0x08, 0x10, 0x33, 0x82, 0x1F, 0x5E, 0x85, 0x1F, 0x66, 0x02, 0xBD, 0x5D, 0x2B,
    0x22, 0x0B, 0x1A, 0x87, 0x2B, 0x22, 0x86, 0x2C, 0x22, 0x83, 0x4C, 0x22, 0x03, 0x4D, 0x2A, 0x2C,
    0x22, 0x8E, 0x2A, 0xD9, 0x54, 0x86, 0xFF, 0x6D, 0x03, 0x98, 0x54, 0x8E, 0x2A, 0x4D, 0x2A, 0x8E,
    0x2A, 0x83, 0x6E, 0x2A, 0x01, 0x8E, 0x2A, 0x6E, 0x2A, 0x8E, 0x8E, 0x2A, 0x01, 0x6E, 0x2A, 0x8E,
    0x2A, 0x85, 0x6E, 0x2A, 0x00, 0x4E, 0x2A, 0x85, 0x4D, 0x2A, 0x84, 0x2D, 0x22, 0x04, 0x2C, 0x22,
    0x2D, 0x22, 0x0C, 0x22, 0x2D, 0x22, 0x18, 0x44, 0x86, 0x3F, 0x5D, 0x04, 0xF8, 0x43, 0x2D, 0x22,
    0xCB, 0x19, 0xEC, 0x21, 0xEB, 0x21, 0x83, 0xCB, 0x21, 0x84, 0xCB, 0x19, 0x01, 0xAB, 0x19, 0xAB,
    0x19, 0x86, 0xAA, 0x19, 0x03, 0x8A, 0x19, 0xAA, 0x19, 0x9D, 0x54, 0xFF, 0x5C, 0x87, 0xDF, 0x5C,
    0x04, 0x6F, 0x2A, 0x83, 0x08, 0x83, 0x08, 0x63, 0x08, 0x63, 0x08, 0x83, 0x62, 0x00, 0x00, 0x42,
    0x00, 0x82, 0x41, 0x00, 0x85, 0x21, 0x00, 0x00, 0x20, 0x00, 0x8C, 0x00, 0x00, 0x89, 0x00, 0x00,
    0x83, 0x20, 0x00, 0x01, 0x21, 0x00, 0x21, 0x00, 0x84, 0x41, 0x00, 0x83, 0x62, 0x00, 0x0B, 0x82,
    0x00, 0x82, 0x00, 0x83, 0x08, 0x83, 0x08, 0xA3, 0x08, 0xC4, 0x08, 0xA3, 0x08, 0x10, 0x33, 0x1F,
    0x5E, 0xFF, 0x5D, 0x1F, 0x5E, 0x1F, 0x5E, 0x84, 0x1F, 0x66, 0x02, 0xBD, 0x5D, 0x2B, 0x22, 0x0A,
    0x1A, 0x82, 0x2B, 0x22, 0x00, 0x0B, 0x22, 0x83, 0x2B, 0x22, 0x85, 0x2C, 0x22, 0x83, 0x4C, 0x22,
    0x03, 0x4D, 0x2A, 0x2C, 0x22, 0xCF, 0x2A, 0x7D, 0x65, 0x85, 0xFF, 0x6D, 0x08, 0xDF, 0x6D, 0xFF,
    0x6D, 0xFF, 0x6D, 0x5C, 0x65, 0xAF, 0x32, 0x4D, 0x2A, 0x8E, 0x2A, 0x6E, 0x2A, 0x6E, 0x2A, 0x8B,
    0x8E, 0x2A, 0x84, 0x8F, 0x2A, 0x82, 0x8E, 0x2A, 0x86, 0x6E, 0x2A, 0x01, 0x4E, 0x2A, 0x4E, 0x2A,
    0x82, 0x4D, 0x2A, 0x01, 0x2D, 0x2A, 0x2D, 0x2A, 0x84, 0x2D, 0x22, 0x03, 0x0C, 0x22, 0x4E, 0x2A,
    0xBC, 0x54, 0x5F, 0x5D, 0x87, 0x3F, 0x5D, 0x03, 0xBC, 0x54, 0x4E, 0x22, 0xCB, 0x19, 0xEC, 0x21,
    0x84, 0xCB, 0x21, 0x84, 0xCB, 0x19, 0x00, 0xAB, 0x19, 0x86, 0xAA, 0x19, 0x02, 0x8A, 0x19, 0xAA,
    0x19, 0x9D, 0x54, 0x86, 0xDF, 0x5C, 0x06, 0xBF, 0x5C, 0xDF, 0x5C, 0x6F, 0x2A, 0x83, 0x08, 0x83,
    0x08, 0x63, 0x08, 0x63, 0x08, 0x83, 0x62, 0x00, 0x00, 0x42, 0x00, 0x82, 0x41, 0x00, 0x85, 0x21,
    0x00, 0x00, 0x20, 0x00, 0x8C, 0x00, 0x00, 0x89, 0x00, 0x00, 0x83, 0x20, 0x00, 0x01, 0x21, 0x00,
    0x21, 0x00, 0x84, 0x41, 0x00, 0x00, 0x42, 0x00, 0x82, 0x62, 0x00, 0x09, 0x82, 0x00, 0x82, 0x00,
    0x83, 0x08, 0x83, 0x08, 0xA3, 0x08, 0xC4, 0x08, 0xA3, 0x08, 0x10, 0x2B, 0x1F, 0x5E, 0xFF, 0x5D,
    0x82, 0x1F, 0x5E, 0x06, 0x1F, 0x66, 0x1F, 0x66, 0xFF, 0x65, 0x1F, 0x66, 0x9D, 0x5D, 0x2B, 0x22,
    0x0B, 0x1A, 0x83, 0x0B, 0x22, 0x83, 0x2B, 0x22, 0x85, 0x2C, 0x22, 0x84, 0x4C, 0x22, 0x01, 0x4D,
    0x2A, 0x5C, 0x5D, 0x88, 0xFF, 0x6D, 0x07, 0xDF, 0x6D, 0xFF, 0x6D, 0x1B, 0x5D, 0x6D, 0x2A, 0x6E,
    0x2A, 0x6E, 0x2A, 0x8E, 0x2A, 0x6E, 0x2A, 0x87, 0x8E, 0x2A, 0x01, 0x8F, 0x2A, 0x8E, 0x2A, 0x86,
    0x8F, 0x2A, 0x00, 0x8E, 0x2A, 0x87, 0x6E, 0x2A, 0x82, 0x4E, 0x2A, 0x82, 0x4D, 0x2A, 0x00, 0x2D,
    0x2A, 0x84, 0x2D, 0x22, 0x02, 0x0C, 0x22, 0x9B, 0x54, 0x5F, 0x5D, 0x87, 0x3F, 0x5D, 0x05, 0x1F,
    0x5D, 0x3F, 0x5D, 0x7C, 0x54, 0xEC, 0x21, 0xCB, 0x21, 0xEB, 0x21, 0x83, 0xCB, 0x21, 0x84, 0xCB,
    0x19, 0x00, 0xAB, 0x19, 0x86, 0xAA, 0x19, 0x02, 0x8A, 0x19, 0xAA, 0x19, 0x9D, 0x54, 0x86, 0xDF,
    0x5C, 0x06, 0xBF, 0x5C, 0xDF, 0x5C, 0x6F, 0x2A, 0x83, 0x08, 0x83, 0x08, 0x63, 0x08, 0x63, 0x08,
    0x83, 0x62, 0x00, 0x00, 0x42, 0x00, 0x82, 0x41, 0x00, 0x85, 0x21, 0x00, 0x00, 0x20, 0x00, 0x8C,
    0x00, 0x00, 0x89, 0x00, 0x00, 0x83, 0x20, 0x00, 0x01, 0x21, 0x00, 0x21, 0x00, 0x84, 0x41, 0x00,
    0x00, 0x42, 0x00, 0x82, 0x62, 0x00, 0x09, 0x82, 0x00, 0x82, 0x00, 0x83, 0x08, 0x83, 0x08, 0xA3,
    0x08, 0xC4, 0x08, 0xA3, 0x08, 0x10, 0x2B, 0x1F, 0x5E, 0xFF, 0x5D, 0x82, 0x1F, 0x5E, 0x06, 0x1F,
    0x66, 0x1F, 0x66, 0xFF, 0x65, 0xFF, 0x65, 0x9D, 0x5D, 0x0B, 0x22, 0x0B, 0x1A, 0x82, 0x0B, 0x22,
    0x84, 0x2B, 0x22, 0x87, 0x2C, 0x22, 0x05, 0x4C, 0x22, 0x4D, 0x22, 0xEB, 0x21, 0x16, 0x44, 0xFF,
    0x6D, 0xDF, 0x6D, 0x86, 0xFF, 0x6D, 0x83, 0xDF, 0x6D, 0x03, 0xD5, 0x43, 0x4D, 0x22, 0x8E, 0x2A,
    0x6E, 0x2A, 0x86, 0x8E, 0x2A, 0x8B, 0x8F, 0x2A, 0x00, 0x8E, 0x2A, 0x87, 0x6E, 0x2A, 0x01, 0x4E,
    0x2A, 0x4E, 0x2A, 0x82, 0x4D, 0x2A, 0x84, 0x2D, 0x22, 0x02, 0xEB, 0x21, 0x74, 0x3B, 0x5F, 0x5D,
    0x88, 0x3F, 0x5D, 0x82, 0x1F, 0x5D, 0x02, 0x55, 0x3B, 0xAA, 0x19, 0xEC, 0x21, 0x83, 0xCB, 0x21,
    0x84, 0xCB, 0x19, 0x00, 0xAB, 0x19, 0x86, 0xAA, 0x19, 0x02, 0x8A, 0x19, 0xAA, 0x19, 0x9D, 0x54,
    0x86, 0xDF, 0x5C, 0x07, 0xBF, 0x5C, 0xDF, 0x5C, 0x6F, 0x2A, 0x83, 0x08, 0x83, 0x08, 0x63, 0x08,
    0x63, 0x08, 0x62, 0x08, 0x82, 0x62, 0x00, 0x00, 0x42, 0x00, 0x82, 0x41, 0x00, 0x85, 0x21, 0x00,
    0x00, 0x20, 0x00, 0x8C, 0x00, 0x00, 0x88, 0x00, 0x00, 0x84, 0x20, 0x00, 0x01, 0x21, 0x00, 0x21,
    0x00, 0x84, 0x41, 0x00, 0x00, 0x42, 0x00, 0x82, 0x62, 0x00, 0x09, 0x82, 0x00, 0x83, 0x00, 0x83,
    0x08, 0x83, 0x08, 0xA3, 0x08, 0xC4, 0x08, 0xA3, 0x08, 0x10, 0x2B, 0x1F, 0x5E, 0xFF, 0x5D, 0x82,
    0x1F, 0x5E, 0x00, 0x1F, 0x66, 0x82, 0xFF, 0x65, 0x00, 0x9D, 0x5D, 0x85, 0x0B, 0x22, 0x83, 0x2B,
    0x22, 0x86, 0x2C, 0x22, 0x04, 0x4C, 0x22, 0x4C, 0x22, 0x2C, 0x22, 0x4D, 0x22, 0x7D, 0x65, 0x86,
    0xFF, 0x6D, 0x85, 0xDF, 0x6D, 0x00, 0x3C, 0x65, 0x82, 0x6E, 0x2A, 0x85, 0x8E, 0x2A, 0x8E, 0x8F,
    0x2A, 0x00, 0x8E, 0x2A, 0x84, 0x6E, 0x2A, 0x84, 0x4E, 0x2A, 0x00, 0x4D, 0x22, 0x84, 0x2D, 0x22,
    0x02, 0x0C, 0x22, 0xBC, 0x54, 0x5F, 0x5D, 0x87, 0x3F, 0x5D, 0x83, 0x1F, 0x5D, 0x01, 0x9D, 0x54,
    0xEC, 0x21, 0x84, 0xCB, 0x21, 0x82, 0xCB, 0x19, 0x83, 0xAB, 0x19, 0x85, 0xAA, 0x19, 0x02, 0x8A,
    0x19, 0xAA, 0x19, 0x7D, 0x54, 0x86, 0xDF, 0x5C, 0x0B, 0xBF, 0x5C, 0xDF, 0x5C, 0x4F, 0x2A, 0x83,
    0x08, 0x83, 0x08, 0x63, 0x08, 0x63, 0x08, 0x62, 0x08, 0x62, 0x00, 0x62, 0x00, 0x42, 0x00, 0x42,
    0x00, 0x82, 0x41, 0x00, 0x85, 0x21, 0x00, 0x00, 0x20, 0x00, 0x8C, 0x00, 0x00, 0x88, 0x00, 0x00,
    0x84, 0x20, 0x00, 0x01, 0x21, 0x00, 0x21, 0x00, 0x83, 0x41, 0x00, 0x00, 0x42, 0x00, 0x83, 0x62,
    0x00, 0x08, 0x82, 0x00, 0x83, 0x00, 0x83, 0x08, 0x83, 0x08, 0xA3, 0x08, 0xA4, 0x08, 0xA3, 0x08,
    0x10, 0x2B, 0x1F, 0x5E, 0x82, 0xFF, 0x5D, 0x01, 0x1F, 0x5E, 0xFF, 0x5D, 0x82, 0xFF, 0x65, 0x00,
    0x9D, 0x5D, 0x85, 0x0B, 0x22, 0x83, 0x2B, 0x22, 0x86, 0x2C, 0x22, 0x0A, 0x4C, 0x22, 0x4D, 0x22,
    0x2C, 0x22, 0x10, 0x33, 0xDF, 0x6D, 0xFF, 0x6D, 0xFF, 0x6D, 0xDF, 0x6D, 0xDF, 0x6D, 0xFF, 0x6D,
    0xFF, 0x6D, 0x86, 0xDF, 0x6D, 0x02, 0xBF, 0x6D, 0xF0, 0x32, 0x6D, 0x2A, 0x84, 0x8E, 0x2A, 0x86,
    0x8F, 0x2A, 0x01, 0xAF, 0x2A, 0xAF, 0x2A, 0x88, 0x8F, 0x2A, 0x00, 0x8E, 0x2A, 0x83, 0x6E, 0x2A,
    0x83, 0x4E, 0x2A, 0x07, 0x4D, 0x22, 0x4D, 0x2A, 0x4D, 0x2A, 0x2D, 0x22, 0x2D, 0x2A, 0x2D, 0x22,
    0x0C, 0x22, 0x8F, 0x2A, 0x87, 0x3F, 0x5D, 0x86, 0x1F, 0x5D, 0x01, 0x6F, 0x2A, 0xAB, 0x19, 0x83,
    0xCB, 0x21, 0x01, 0xCB, 0x19, 0xCB, 0x19, 0x84, 0xAB, 0x19, 0x85, 0xAA, 0x19, 0x02, 0x8A, 0x19,
    0xAA, 0x19, 0x7D, 0x54, 0x86, 0xDF, 0x5C, 0x09, 0xBF, 0x5C, 0xBF, 0x5C, 0x4F, 0x2A, 0x83, 0x08,
    0x83, 0x08, 0x63, 0x08, 0x63, 0x08, 0x62, 0x08, 0x62, 0x00, 0x62, 0x00, 0x82, 0x42, 0x00, 0x01,
    0x41, 0x00, 0x41, 0x00, 0x85, 0x21, 0x00, 0x00, 0x20, 0x00, 0x8C, 0x00, 0x00, 0x88, 0x00, 0x00,
    0x84, 0x20, 0x00, 0x01, 0x21, 0x00, 0x21, 0x00, 0x83, 0x41, 0x00, 0x00, 0x42, 0x00, 0x83, 0x62,
    0x00, 0x07, 0x82, 0x00, 0x83, 0x00, 0x83, 0x08, 0x83, 0x08, 0xA3, 0x08, 0xA4, 0x08, 0xA3, 0x08,
    0x10, 0x2B, 0x86, 0xFF, 0x5D, 0x04, 0xFF, 0x65, 0xFF, 0x65, 0x9D, 0x5D, 0x0B, 0x22, 0xEA, 0x19,
    0x83, 0x0B, 0x22, 0x03, 0x2B, 0x22, 0x2B, 0x22, 0x0B, 0x22, 0x2B, 0x22, 0x86, 0x2C, 0x22, 0x05,
    0x4C, 0x22, 0x4D, 0x22, 0x0B, 0x22, 0x72, 0x3B, 0xFF, 0x6D, 0xDF, 0x65, 0x8C, 0xDF, 0x6D, 0x01,
    0x52, 0x3B, 0x4D, 0x22, 0x83, 0x8E, 0x2A, 0x86, 0x8F, 0x2A, 0x82, 0xAF, 0x2A, 0x89, 0x8F, 0x2A,
    0x84, 0x6E, 0x2A, 0x83, 0x4E, 0x2A, 0x06, 0x4D, 0x2A, 0x4D, 0x2A, 0x2D, 0x2A, 0x2D, 0x2A, 0x2D,
    0x22, 0x0C, 0x22, 0xF1, 0x32, 0x86, 0x3F, 0x5D, 0x87, 0x1F, 0x5D, 0x02, 0xD1, 0x32, 0xAA, 0x19,
    0xEC, 0x21, 0x83, 0xCB, 0x21, 0x00, 0xCB, 0x19, 0x84, 0xAB, 0x19, 0x85, 0xAA, 0x19, 0x02, 0x8A,
    0x19, 0xAA, 0x19, 0x7D, 0x54, 0x85, 0xDF, 0x5C, 0x82, 0xBF, 0x5C, 0x07, 0x4F, 0x2A, 0x83, 0x08,
    0x83, 0x08, 0x63, 0x08, 0x63, 0x08, 0x62, 0x08, 0x62, 0x00, 0x62, 0x00, 0x82, 0x42, 0x00, 0x01,
    0x41, 0x00, 0x41, 0x00, 0x85, 0x21, 0x00, 0x00, 0x20, 0x00, 0x8C, 0x00, 0x00, 0x88, 0x00, 0x00,
    0x84, 0x20, 0x00, 0x01, 0x21, 0x00, 0x21, 0x00, 0x83, 0x41, 0x00, 0x00, 0x42, 0x00, 0x83, 0x62,
    0x00, 0x09, 0x82, 0x00, 0x83, 0x00, 0x83, 0x08, 0x83, 0x08, 0xA3, 0x08, 0xA4, 0x08, 0xA3, 0x08,
    0x10, 0x2B, 0xFF, 0x5D, 0xDF, 0x5D, 0x85, 0xFF, 0x5D, 0x03, 0xFF, 0x65, 0x9D, 0x5D, 0x0B, 0x22,
    0xEA, 0x19, 0x85, 0x0B, 0x22, 0x02, 0x2B, 0x22, 0x2B, 0x22, 0x0C, 0x22, 0x86, 0x2C, 0x22, 0x02,
    0x4D, 0x22, 0x0B, 0x22, 0x72, 0x3B, 0x8D, 0xDF, 0x6D, 0x02, 0xBF, 0x6D, 0x53, 0x3B, 0x4D, 0x22,
    0x82, 0x8E, 0x2A, 0x86, 0x8F, 0x2A, 0x88, 0xAF, 0x2A, 0x83, 0x8F, 0x2A, 0x01, 0x6F, 0x2A, 0x6F,
    0x2A, 0x83, 0x6E, 0x2A, 0x84, 0x4E, 0x2A, 0x82, 0x2D, 0x2A, 0x02, 0x2D, 0x22, 0x0C, 0x22, 0xF2,
    0x32, 0x86, 0x3F, 0x5D, 0x87, 0x1F, 0x5D, 0x02, 0xD1, 0x32, 0xAA, 0x19, 0xCC, 0x21, 0x83, 0xCB,
    0x21, 0x00, 0xCB, 0x19, 0x84, 0xAB, 0x19, 0x85, 0xAA, 0x19, 0x04, 0x8A, 0x19, 0xAA, 0x19, 0x7D,
    0x54, 0xDF, 0x5C, 0xBF, 0x5C, 0x82, 0xDF, 0x5C, 0x83, 0xBF, 0x5C, 0x07, 0x4F, 0x2A, 0x83, 0x08,
    0x83, 0x08, 0x63, 0x08, 0x63, 0x08, 0x62, 0x08, 0x62, 0x00, 0x62, 0x00, 0x82, 0x42, 0x00, 0x01,
    0x41, 0x00, 0x41, 0x00, 0x85, 0x21, 0x00, 0x00, 0x20, 0x00, 0x8C, 0x00, 0x00, 0x88, 0x00, 0x00,
    0x84, 0x20, 0x00, 0x01, 0x21, 0x00, 0x21, 0x00, 0x83, 0x41, 0x00, 0x00, 0x42, 0x00, 0x83, 0x62,
    0x00, 0x09, 0x82, 0x00, 0x83, 0x00, 0x83, 0x08, 0x83, 0x08, 0xA3, 0x08, 0xA4, 0x08, 0xA3, 0x08,
    0x10, 0x2B, 0xFF, 0x5D, 0xDF, 0x5D, 0x86, 0xFF, 0x5D, 0x02, 0x9D, 0x5D, 0x2B, 0x22, 0xEA, 0x19,
    0x87, 0x0B, 0x22, 0x00, 0x0C, 0x22, 0x86, 0x2C, 0x22, 0x04, 0x4C, 0x22, 0x0C, 0x22, 0x10, 0x33,
    0xDF, 0x65, 0xDF, 0x65, 0x8A, 0xDF, 0x6D, 0x03, 0xBF, 0x6D, 0xBF, 0x65, 0xF1, 0x32, 0x4D, 0x2A,
    0x82, 0x8E, 0x2A, 0x85, 0x8F, 0x2A, 0x83, 0xAF, 0x2A, 0x83, 0xB0, 0x2A, 0x82, 0xAF, 0x2A, 0x82,
    0x8F, 0x2A, 0x82, 0x6F, 0x2A, 0x82, 0x6E, 0x2A, 0x84, 0x4E, 0x2A, 0x83, 0x2D, 0x2A, 0x02, 0x0C,
    0x22, 0xB0, 0x2A, 0x1F, 0x5D, 0x84, 0x3F, 0x5D, 0x87, 0x1F, 0x5D, 0x02, 0xFF, 0x5C, 0x6F, 0x2A,
    0xAB, 0x19, 0x84, 0xCB, 0x21, 0x00, 0xCB, 0x19, 0x84, 0xAB, 0x19, 0x85, 0xAA, 0x19, 0x05, 0x8A,
    0x19, 0xAB, 0x19, 0x7D, 0x54, 0xDF, 0x5C, 0xBF, 0x5C, 0xDF, 0x5C, 0x85, 0xBF, 0x5C, 0x07, 0x4F,
    0x2A, 0x83, 0x08, 0x83, 0x08, 0x63, 0x08, 0x63, 0x08, 0x62, 0x08, 0x62, 0x00, 0x62, 0x00, 0x82,
    0x42, 0x00, 0x01, 0x41, 0x00, 0x41, 0x00, 0x85, 0x21, 0x00, 0x00, 0x20, 0x00, 0x8C, 0x00, 0x00,
    0x88, 0x00, 0x00, 0x84, 0x20, 0x00, 0x01, 0x21, 0x00, 0x21, 0x00, 0x83, 0x41, 0x00, 0x00, 0x42,
    0x00, 0x83, 0x62, 0x00, 0x09, 0x82, 0x00, 0x83, 0x00, 0x83, 0x08, 0x83, 0x08, 0xA3, 0x08, 0xA4,
    0x08, 0xA3, 0x08, 0x10, 0x2B, 0xFF, 0x5D, 0xDF, 0x5D, 0x86, 0xFF, 0x5D, 0x02, 0x7D, 0x5D, 0x0B,
    0x22, 0xEA, 0x19, 0x86, 0x0B, 0x22, 0x01, 0x0C, 0x22, 0x0C, 0x22, 0x86, 0x2C, 0x22, 0x03, 0x4C,
    0x22, 0x2C, 0x22, 0x4D, 0x22, 0x5D, 0x5D, 0x83, 0xDF, 0x65, 0x01, 0xDF, 0x6D, 0xDF, 0x6D, 0x86,
    0xBF, 0x6D, 0x04, 0x3C, 0x5D, 0x6E, 0x2A, 0x6E, 0x2A, 0x8E, 0x2A, 0x8E, 0x2A, 0x84, 0x8F, 0x2A,
    0x04, 0xAF, 0x2A, 0xAF, 0x2A, 0x8F, 0x2A, 0xAF, 0x2A, 0xAF, 0x2A, 0x86, 0xB0, 0x2A, 0x84, 0x8F,
    0x2A, 0x01, 0x6F, 0x2A, 0x6F, 0x2A, 0x83, 0x6E, 0x2A, 0x84, 0x4E, 0x2A, 0x82, 0x2D, 0x2A, 0x06,
    0x2D, 0x22, 0x2D, 0x22, 0xBC, 0x54, 0x3F, 0x5D, 0x1F, 0x5D, 0x3F, 0x5D, 0x3F, 0x5D, 0x87, 0x1F,
    0x5D, 0x02, 0xFF, 0x5C, 0x9D, 0x54, 0xEC, 0x21, 0x85, 0xCB, 0x21, 0x05, 0xCB, 0x19, 0xAB, 0x19,
    0xAB, 0x19, 0xAB, 0x21, 0xAB, 0x19, 0xAB, 0x19, 0x82, 0xAA, 0x19, 0x06, 0x8A, 0x19, 0x8A, 0x19,
    0xAA, 0x19, 0x8A, 0x19, 0xAB, 0x19, 0x7D, 0x54, 0xDF, 0x5C, 0x87, 0xBF, 0x5C, 0x07, 0x4F, 0x2A,
    0x83, 0x08, 0x83, 0x08, 0x63, 0x08, 0x63, 0x08, 0x62, 0x08, 0x62, 0x00, 0x62, 0x00, 0x82, 0x42,
    0x00, 0x01, 0x41, 0x00, 0x41, 0x00, 0x85, 0x21, 0x00, 0x00, 0x20, 0x00, 0x8C, 0x00, 0x00, 0x88,
    0x00, 0x00, 0x84, 0x20, 0x00, 0x01, 0x21, 0x00, 0x21, 0x00, 0x83, 0x41, 0x00, 0x00, 0x42, 0x00,
    0x83, 0x62, 0x00, 0x09, 0x82, 0x00, 0x83, 0x00, 0x83, 0x08, 0x83, 0x08, 0xA3, 0x08, 0xA4, 0x08,
    0xA3, 0x08, 0x10, 0x2B, 0xFF, 0x5D, 0xDF, 0x5D, 0x84, 0xFF, 0x5D, 0x04, 0xDF, 0x5D, 0xFF, 0x5D,
    0x7D, 0x5D, 0x0B, 0x22, 0xEA, 0x19, 0x86, 0x0B, 0x22, 0x89, 0x2C, 0x22, 0x04, 0x4D, 0x22, 0xEB,
    0x21, 0x16, 0x44, 0xDF, 0x65, 0xBF, 0x65, 0x82, 0xDF, 0x65, 0x87, 0xBF, 0x65, 0x01, 0xF6, 0x43,
    0x2D, 0x22, 0x82, 0x8E, 0x2A, 0x87, 0x8F, 0x2A, 0x00, 0xAF, 0x2A, 0x83, 0xB0, 0x2A, 0x00, 0xB0,
    0x32, 0x82, 0xB0, 0x2A, 0x85, 0x8F, 0x2A, 0x03, 0x6F, 0x2A, 0x6F, 0x2A, 0x6E, 0x2A, 0x6E, 0x2A,
    0x85, 0x4E, 0x2A, 0x08, 0x4D, 0x2A, 0x2D, 0x2A, 0x2D, 0x22, 0x2D, 0x2A, 0xEC, 0x21, 0x75, 0x3B,
    0x3F, 0x5D, 0x1F, 0x5D, 0x3F, 0x5D, 0x87, 0x1F, 0x5D, 0x04, 0xFF, 0x5C, 0xFF, 0x5C, 0x75, 0x3B,
    0xAA, 0x19, 0xEC, 0x21, 0x84, 0xCB, 0x21, 0x01, 0xCB, 0x19, 0xCB, 0x19, 0x82, 0xAB, 0x21, 0x00,
    0xAB, 0x19, 0x82, 0xAA, 0x19, 0x83, 0x8A, 0x19, 0x01, 0xAB, 0x19, 0x7D, 0x54, 0x86, 0xBF, 0x5C,
    0x09, 0x9F, 0x5C, 0xBF, 0x5C, 0x4F, 0x2A, 0x83, 0x08, 0x83, 0x08, 0x63, 0x08, 0x63, 0x08, 0x62,
    0x08, 0x62, 0x00, 0x62, 0x00, 0x82, 0x42, 0x00, 0x01, 0x41, 0x00, 0x41, 0x00, 0x85, 0x21, 0x00,
    0x00, 0x20, 0x00, 0x8C, 0x00, 0x00, 0x88, 0x00, 0x00, 0x84, 0x20, 0x00, 0x01, 0x21, 0x00, 0x21,
    0x00, 0x83, 0x41, 0x00, 0x00, 0x42, 0x00, 0x83, 0x62, 0x00, 0x0A, 0x82, 0x00, 0x83, 0x00, 0x83,
    0x08, 0x83, 0x08, 0xA3, 0x08, 0xA4, 0x08, 0xA3, 0x08, 0x10, 0x2B, 0xFF, 0x5D, 0xDF, 0x5D, 0xDF,
    0x5D, 0x82, 0xFF, 0x5D, 0x82, 0xDF, 0x5D, 0x02, 0x7D, 0x5D, 0x0B, 0x22, 0xEA, 0x19, 0x85, 0x0B,
    0x22, 0x8A, 0x2C, 0x22, 0x03, 0x4C, 0x22, 0x2C, 0x22, 0x4D, 0x22, 0x3D, 0x5D, 0x88, 0xBF, 0x65,
    0x04, 0x9F, 0x65, 0xBF, 0x65, 0x1C, 0x5D, 0x6E, 0x2A, 0x6E, 0x2A, 0x83, 0x8E, 0x2A, 0x84, 0x8F,
    0x2A, 0x82, 0xAF, 0x2A, 0x82, 0xB0, 0x2A, 0x00, 0xB0, 0x32, 0x84, 0xB0, 0x2A, 0x84, 0x8F, 0x2A,
    0x03, 0x6F, 0x2A, 0x6F, 0x2A, 0x6E, 0x2A, 0x6E, 0x2A, 0x86, 0x4E, 0x2A, 0x84, 0x2D, 0x22, 0x00,
    0x9C, 0x54, 0x88, 0x1F, 0x5D, 0x05, 0xFF, 0x5C, 0xFF, 0x5C, 0x7C, 0x54, 0xEC, 0x21, 0xCB, 0x21,
    0xCC, 0x21, 0x86, 0xCB, 0x21, 0x83, 0xAB, 0x21, 0x82, 0xAA, 0x19, 0x83, 0x8A, 0x19, 0x01, 0xAB,
    0x19, 0x7D, 0x54, 0x86, 0xBF, 0x5C, 0x09, 0x9F, 0x5C, 0xBF, 0x5C, 0x4F, 0x2A, 0x83, 0x08, 0x83,
    0x08, 0x63, 0x08, 0x63, 0x08, 0x62, 0x08, 0x62, 0x00, 0x62, 0x00, 0x82, 0x42, 0x00, 0x01, 0x41,
    0x00, 0x41, 0x00, 0x85, 0x21, 0x00, 0x00, 0x20, 0x00, 0x8C, 0x00, 0x00, 0x88, 0x00, 0x00, 0x84,
    0x20, 0x00, 0x01, 0x21, 0x00, 0x21, 0x00, 0x83, 0x41, 0x00, 0x00, 0x42, 0x00, 0x83, 0x62, 0x00,
    0x00, 0x82, 0x00, 0x82, 0x83, 0x08, 0x04, 0xA3, 0x08, 0xA4, 0x08, 0xA3, 0x08, 0x10, 0x2B, 0xFF,
    0x5D, 0x87, 0xDF, 0x5D, 0x02, 0x7D, 0x5D, 0x0B, 0x22, 0xEA, 0x19, 0x88, 0x0B, 0x22, 0x88, 0x2C,
    0x22, 0x03, 0x4D, 0x22, 0x2C, 0x22, 0xCF, 0x32, 0x5D, 0x5D, 0x88, 0xBF, 0x65, 0x06, 0x3D, 0x5D,
    0xD0, 0x32, 0x4D, 0x2A, 0x8E, 0x2A, 0x6E, 0x2A, 0x8E, 0x2A, 0x8E, 0x2A, 0x85, 0x8F, 0x2A, 0x82,
    0xAF, 0x2A, 0x88, 0xB0, 0x2A, 0x84, 0x8F, 0x2A, 0x03, 0x6F, 0x2A, 0x6F, 0x2A, 0x6E, 0x2A, 0x6E,
    0x2A, 0x85, 0x4E, 0x2A, 0x00, 0x4E, 0x22, 0x83, 0x2D, 0x22, 0x02, 0x0D, 0x22, 0x6F, 0x2A, 0xBD,
    0x54, 0x84, 0x1F, 0x5D, 0x83, 0xFF, 0x5C, 0x03, 0x9D, 0x54, 0x4E, 0x2A, 0xCB, 0x21, 0xCC, 0x21,
    0x87, 0xCB, 0x21, 0x83, 0xAB, 0x21, 0x02, 0xAB, 0x19, 0xAA, 0x19, 0xAA, 0x19, 0x83, 0x8A, 0x19,
    0x01, 0xAB, 0x19, 0x7D, 0x54, 0x86, 0xBF, 0x5C, 0x09, 0x9F, 0x5C, 0xBF, 0x5C, 0x4F, 0x2A, 0x83,
    0x08, 0x83, 0x08, 0x63, 0x08, 0x63, 0x08, 0x62, 0x08, 0x62, 0x00, 0x62, 0x00, 0x82, 0x42, 0x00,
    0x01, 0x41, 0x00, 0x41, 0x00, 0x85, 0x21, 0x00, 0x00, 0x20, 0x00, 0x8C, 0x00, 0x00, 0x88, 0x00,
    0x00, 0x84, 0x20, 0x00, 0x01, 0x21, 0x00, 0x21, 0x00, 0x83, 0x41, 0x00, 0x00, 0x42, 0x00, 0x83,
    0x62, 0x00, 0x00, 0x82, 0x00, 0x83, 0x83, 0x08, 0x02, 0xA4, 0x08, 0xA3, 0x08, 0x10, 0x2B, 0x88,
    0xDF, 0x5D, 0x02, 0x7D, 0x55, 0x0B, 0x22, 0xEA, 0x19, 0x88, 0x0B, 0x22, 0x01, 0x0C, 0x22, 0x0C,
    0x22, 0x87, 0x2C, 0x22, 0x03, 0x4D, 0x22, 0x0C, 0x22, 0xAF, 0x2A, 0xBA, 0x54, 0x86, 0xBF, 0x65,
    0x04, 0x99, 0x54, 0x8F, 0x2A, 0x4D, 0x22, 0x6E, 0x2A, 0x6E, 0x2A, 0x83, 0x8E, 0x2A, 0x83, 0x8F,
    0x2A, 0x03, 0xAF, 0x2A, 0x8F, 0x2A, 0xAF, 0x2A, 0xAF, 0x2A, 0x87, 0xB0, 0x2A, 0x00, 0x90, 0x2A,
    0x83, 0x8F, 0x2A, 0x82, 0x6F, 0x2A, 0x00, 0x6E, 0x2A, 0x85, 0x4E, 0x2A, 0x01, 0x4E, 0x22, 0x2E,
    0x22, 0x84, 0x2D, 0x22, 0x02, 0x0C, 0x22, 0x4E, 0x2A, 0x19, 0x4C, 0x85, 0x1F, 0x5D, 0x05, 0xFF,
    0x5C, 0x19, 0x4C, 0x2E, 0x22, 0xCB, 0x21, 0xEC, 0x21, 0xCC, 0x21, 0x87, 0xCB, 0x21, 0x83, 0xAB,
    0x21, 0x02, 0xAB, 0x19, 0xAA, 0x19, 0xAA, 0x19, 0x83, 0x8A, 0x19, 0x01, 0xAB, 0x19, 0x7D, 0x54,
    0x86, 0xBF, 0x5C, 0x09, 0x9F, 0x5C, 0xBF, 0x5C, 0x4F, 0x2A, 0x83, 0x08, 0x83, 0x08, 0x63, 0x08,
    0x63, 0x08, 0x62, 0x08, 0x62, 0x00, 0x62, 0x00, 0x82, 0x42, 0x00, 0x01, 0x41, 0x00, 0x41, 0x00,
    0x85, 0x21, 0x00, 0x00, 0x20, 0x00, 0x8C, 0x00, 0x00, 0x88, 0x00, 0x00, 0x84, 0x20, 0x00, 0x01,
    0x21, 0x00, 0x21, 0x00, 0x83, 0x41, 0x00, 0x00, 0x42, 0x00, 0x83, 0x62, 0x00, 0x00, 0x82, 0x00,
    0x83, 0x83, 0x08, 0x04, 0xA4, 0x08, 0xA3, 0x08, 0x10, 0x2B, 0xDF, 0x5D, 0xBF, 0x5D, 0x86, 0xDF,
    0x5D, 0x02, 0x7D, 0x55, 0x0B, 0x22, 0xEA, 0x19, 0x88, 0x0B, 0x22, 0x82, 0x0C, 0x22, 0x86, 0x2C,
    0x22, 0x0C, 0x4D, 0x22, 0x4D, 0x22, 0x2C, 0x22, 0x2C, 0x22, 0x32, 0x33, 0x37, 0x4C, 0xDB, 0x54,
    0xFC, 0x5C, 0xDB, 0x54, 0x37, 0x4C, 0x12, 0x33, 0x2D, 0x22, 0x4D, 0x2A, 0x82, 0x6E, 0x2A, 0x82,
    0x8E, 0x2A, 0x86, 0x8F, 0x2A, 0x00, 0xAF, 0x2A, 0x89, 0xB0, 0x2A, 0x82, 0x8F, 0x2A, 0x83, 0x6F,
    0x2A, 0x82, 0x6E, 0x2A, 0x84, 0x4E, 0x2A, 0x01, 0x4E, 0x22, 0x2E, 0x22, 0x84, 0x2D, 0x22, 0x0D,
    0x0C, 0x22, 0xEC, 0x21, 0xB1, 0x32, 0xB7, 0x43, 0x3A, 0x4C, 0x7C, 0x54, 0x3A, 0x4C, 0x97, 0x43,
    0xB1, 0x32, 0xCB, 0x21, 0xCB, 0x21, 0xEC, 0x21, 0xEC, 0x21, 0xCC, 0x21, 0x86, 0xCB, 0x21, 0x84,
    0xAB, 0x21, 0x02, 0xAB, 0x19, 0xAA, 0x19, 0xAA, 0x19, 0x83, 0x8A, 0x19, 0x01, 0xAB, 0x19, 0x7D,
    0x54, 0x86, 0xBF, 0x5C, 0x09, 0x9F, 0x5C, 0x9F, 0x5C, 0x4F, 0x2A, 0x83, 0x08, 0x83, 0x08, 0x63,
    0x08, 0x63, 0x08, 0x62, 0x08, 0x62, 0x00, 0x62, 0x00, 0x82, 0x42, 0x00, 0x01, 0x41, 0x00, 0x41,
    0x00, 0x85, 0x21, 0x00, 0x00, 0x20, 0x00, 0x8C, 0x00, 0x00, 0x88, 0x00, 0x00, 0x84, 0x20, 0x00,
    0x01, 0x21, 0x00, 0x21, 0x00, 0x83, 0x41, 0x00, 0x00, 0x42, 0x00, 0x83, 0x62, 0x00, 0x00, 0x82,
    0x00, 0x83, 0x83, 0x08, 0x04, 0xA4, 0x08, 0xA3, 0x08, 0xF0, 0x2A, 0xDF, 0x5D, 0xBF, 0x5D, 0x86,
    0xDF, 0x5D, 0x02, 0x7D, 0x55, 0x0B, 0x22, 0xEA, 0x19, 0x88, 0x0B, 0x22, 0x82, 0x0C, 0x22, 0x86,
    0x2C, 0x22, 0x00, 0x4C, 0x22, 0x82, 0x4D, 0x22, 0x06, 0x2C, 0x22, 0x0C, 0x22, 0x2C, 0x22, 0x2D,
    0x22, 0x2D, 0x22, 0x0C, 0x22, 0x2D, 0x22, 0x85, 0x6E, 0x2A, 0x01, 0x8E, 0x2A, 0x8E, 0x2A, 0x88,
    0x8F, 0x2A, 0x00, 0x90, 0x2A, 0x86, 0xB0, 0x2A, 0x83, 0x8F, 0x2A, 0x84, 0x6F, 0x2A, 0x00, 0x6E,
    0x2A, 0x85, 0x4E, 0x2A, 0x01, 0x2E, 0x22, 0x2E, 0x2A, 0x86, 0x2D, 0x22, 0x06, 0xEC, 0x21, 0xCB,
    0x21, 0xEC, 0x21, 0xEC, 0x21, 0xCB, 0x21, 0xCB, 0x19, 0xCB, 0x21, 0x83, 0xEC, 0x21, 0x01, 0xCC,
    0x21, 0xCC, 0x21, 0x83, 0xCB, 0x21, 0x86, 0xAB, 0x21, 0x02, 0xAB, 0x19, 0xAA, 0x19, 0xAA, 0x19,
    0x83, 0x8A, 0x19, 0x01, 0xAB, 0x19, 0x5D, 0x54, 0x85, 0xBF, 0x5C, 0x82, 0x9F, 0x5C, 0x07, 0x4F,
    0x2A, 0x83, 0x08, 0x83, 0x08, 0x63, 0x08, 0x63, 0x08, 0x62, 0x08, 0x62, 0x00, 0x62, 0x00, 0x82,
    0x42, 0x00, 0x01, 0x41, 0x00, 0x41, 0x00, 0x85, 0x21, 0x00, 0x00, 0x20, 0x00, 0x8C, 0x00, 0x00,
    0x88, 0x00, 0x00, 0x84, 0x20, 0x00, 0x01, 0x21, 0x00, 0x21, 0x00, 0x83, 0x41, 0x00, 0x00, 0x42,
    0x00, 0x83, 0x62, 0x00, 0x00, 0x82, 0x00, 0x83, 0x83, 0x08, 0x04, 0xA4, 0x08, 0xA3, 0x08, 0xF0,
    0x2A, 0xDF, 0x5D, 0xBF, 0x5D, 0x84, 0xDF, 0x5D, 0x04, 0xBF, 0x5D, 0xDF, 0x5D, 0x7D, 0x55, 0x0B,
    0x22, 0xEA, 0x19, 0x88, 0x0B, 0x22, 0x00, 0x0C, 0x22, 0x89, 0x2C, 0x22, 0x01, 0x2D, 0x22, 0x2D,
    0x22, 0x83, 0x4D, 0x22, 0x00, 0x4D, 0x2A, 0x8A, 0x6E, 0x2A, 0x89, 0x8F, 0x2A, 0x00, 0x90, 0x2A,
    0x83, 0xB0, 0x2A, 0x00, 0x90, 0x2A, 0x84, 0x8F, 0x2A, 0x83, 0x6F, 0x2A, 0x82, 0x6E, 0x2A, 0x84,
    0x4E, 0x2A, 0x01, 0x2E, 0x2A, 0x2E, 0x2A, 0x84, 0x2D, 0x22, 0x06, 0x0D, 0x22, 0x0D, 0x22, 0x2D,
    0x22, 0x0D, 0x22, 0x0D, 0x22, 0x0C, 0x22, 0x0C, 0x22, 0x85, 0xEC, 0x21, 0x01, 0xCC, 0x21, 0xCC,
    0x21, 0x85, 0xCB, 0x21, 0x84, 0xAB, 0x21, 0x02, 0xAB, 0x19, 0xAA, 0x19, 0xAA, 0x19, 0x83, 0x8A,
    0x19, 0x01, 0xAB, 0x19, 0x5D, 0x54, 0x83, 0xBF, 0x5C, 0x84, 0x9F, 0x5C, 0x07, 0x4F, 0x2A, 0x83,
    0x08, 0x83, 0x08, 0x63, 0x08, 0x63, 0x08, 0x62, 0x08, 0x62, 0x00, 0x62, 0x00, 0x82, 0x42, 0x00,
    0x01, 0x41, 0x00, 0x41, 0x00, 0x85, 0x21, 0x00, 0x00, 0x20, 0x00, 0x8C, 0x00, 0x00, 0x88, 0x00,
    0x00, 0x84, 0x20, 0x00, 0x01, 0x21, 0x00, 0x21, 0x00, 0x83, 0x41, 0x00, 0x00, 0x42, 0x00, 0x83,
    0x62, 0x00, 0x00, 0x82, 0x00, 0x83, 0x83, 0x08, 0x04, 0xA4, 0x08, 0xA3, 0x08, 0xF0, 0x2A, 0xDF,
    0x5D, 0xBF, 0x5D, 0x84, 0xDF, 0x5D, 0x04, 0xBF, 0x5D, 0xBF, 0x5D, 0x5D, 0x55, 0x0B, 0x22, 0xEA,
    0x19, 0x87, 0x0B, 0x22, 0x01, 0x0C, 0x22, 0x0C, 0x22, 0x88, 0x2C, 0x22, 0x01, 0x2D, 0x22, 0x2D,
    0x22, 0x87, 0x4D, 0x22, 0x00, 0x4E, 0x2A, 0x87, 0x6E, 0x2A, 0x00, 0x6F, 0x2A, 0x88, 0x8F, 0x2A,
    0x82, 0x90, 0x2A, 0x86, 0x8F, 0x2A, 0x85, 0x6F, 0x2A, 0x01, 0x6E, 0x2A, 0x6E, 0x2A, 0x84, 0x4E,
    0x2A, 0x82, 0x2E, 0x2A, 0x83, 0x2D, 0x22, 0x83, 0x0D, 0x22, 0x00, 0x0C, 0x22, 0x87, 0xEC, 0x21,
    0x01, 0xCC, 0x21, 0xCC, 0x21, 0x85, 0xCB, 0x21, 0x84, 0xAB, 0x21, 0x00, 0xAB, 0x19, 0x82, 0xAA,
    0x19, 0x83, 0x8A, 0x19, 0x00, 0x5D, 0x54, 0x82, 0xBF, 0x5C, 0x85, 0x9F, 0x5C, 0x07, 0x4F, 0x2A,
    0x83, 0x08, 0x83, 0x08, 0x63, 0x08, 0x63, 0x08, 0x62, 0x08, 0x62, 0x00, 0x62, 0x00, 0x82, 0x42,
    0x00, 0x01, 0x41, 0x00, 0x41, 0x00, 0x85, 0x21, 0x00, 0x00, 0x20, 0x00, 0x8C, 0x00, 0x00, 0x88,
    0x00, 0x00, 0x84, 0x20, 0x00, 0x01, 0x21, 0x00, 0x21, 0x00, 0x83, 0x41, 0x00, 0x00, 0x42, 0x00,
    0x83, 0x62, 0x00, 0x00, 0x82, 0x00, 0x83, 0x83, 0x08, 0x07, 0xA4, 0x08, 0xA3, 0x08, 0xF0, 0x2A,
    0xDF, 0x5D, 0xBF, 0x5D, 0xBF, 0x5D, 0xDF, 0x5D, 0xDF, 0x5D, 0x83, 0xBF, 0x5D, 0x02, 0x5D, 0x55,
    0x0B, 0x22, 0xEA, 0x19, 0x88, 0x0B, 0x22, 0x03, 0x0C, 0x22, 0x2C, 0x22, 0x2C, 0x22, 0x0C, 0x22,
    0x84, 0x2C, 0x22, 0x82, 0x2D, 0x22, 0x84, 0x4D, 0x22, 0x03, 0x4D, 0x2A, 0x4D, 0x2A, 0x4E, 0x2A,
    0x4E, 0x2A, 0x87, 0x6E, 0x2A, 0x94, 0x8F, 0x2A, 0x84, 0x6F, 0x2A, 0x00, 0x6E, 0x2A, 0x85, 0x4E,
    0x2A, 0x82, 0x2E, 0x2A, 0x83, 0x2D, 0x22, 0x84, 0x0D, 0x22, 0x87, 0xEC, 0x21, 0x82, 0xCC, 0x21,
    0x83, 0xCB, 0x21, 0x85, 0xAB, 0x21, 0x02, 0xAB, 0x19, 0xAA, 0x19, 0xAA, 0x19, 0x84, 0x8A, 0x19,
    0x01, 0x5D, 0x54, 0xBF, 0x5C, 0x87, 0x9F, 0x5C, 0x07, 0x4F, 0x2A, 0x83, 0x08, 0x83, 0x08, 0x63,
    0x08, 0x63, 0x08, 0x62, 0x08, 0x62, 0x00, 0x62, 0x00, 0x82, 0x42, 0x00, 0x01, 0x41, 0x00, 0x41,
    0x00, 0x85, 0x21, 0x00, 0x00, 0x20, 0x00, 0x8C, 0x00, 0x00, 0x88, 0x00, 0x00, 0x84, 0x20, 0x00,
    0x01, 0x21, 0x00, 0x21, 0x00, 0x83, 0x41, 0x00, 0x00, 0x42, 0x00, 0x83, 0x62, 0x00, 0x01, 0x82,
    0x00, 0x82, 0x08, 0x82, 0x83, 0x08, 0x02, 0xA4, 0x08, 0xA3, 0x08, 0xF0, 0x2A, 0x88, 0xBF, 0x5D,
    0x02, 0x5D, 0x55, 0x0B, 0x22, 0xEA, 0x19, 0x88, 0x0B, 0x22, 0x83, 0x0C, 0x22, 0x85, 0x2C, 0x22,
    0x01, 0x2D, 0x22, 0x2D, 0x22, 0x85, 0x4D, 0x22, 0x00, 0x4D, 0x2A, 0x82, 0x4E, 0x2A, 0x86, 0x6E,
    0x2A, 0x01, 0x8F, 0x2A, 0x6F, 0x2A, 0x90, 0x8F, 0x2A, 0x86, 0x6F, 0x2A, 0x00, 0x6E, 0x2A, 0x84,
    0x4E, 0x2A, 0x83, 0x2E, 0x2A, 0x82, 0x2D, 0x22, 0x85, 0x0D, 0x22, 0x86, 0xEC, 0x21, 0x83, 0xCC,
    0x21, 0x83, 0xCB, 0x21, 0x84, 0xAB, 0x21, 0x01, 0xAB, 0x19, 0xAB, 0x19, 0x86, 0x8A, 0x19, 0x00,
    0x5D, 0x54, 0x86, 0x9F, 0x5C, 0x09, 0x7F, 0x5C, 0x9F, 0x5C, 0x4F, 0x2A, 0x83, 0x08, 0x83, 0x08,
    0x63, 0x08, 0x63, 0x08, 0x62, 0x08, 0x62, 0x00, 0x62, 0x00, 0x82, 0x42, 0x00, 0x01, 0x41, 0x00,
    0x41, 0x00, 0x85, 0x21, 0x00, 0x00, 0x20, 0x00, 0x8C, 0x00, 0x00, 0x88, 0x00, 0x00, 0x84, 0x20,
    0x00, 0x01, 0x21, 0x00, 0x21, 0x00, 0x84, 0x41, 0x00, 0x84, 0x62, 0x00, 0x00, 0x82, 0x08, 0x82,
    0x83, 0x08, 0x02, 0xA4, 0x08, 0xA3, 0x08, 0xF0, 0x2A, 0x88, 0xBF, 0x5D, 0x02, 0x5D, 0x55, 0x0B,
    0x22, 0xEA, 0x19, 0x89, 0x0B, 0x22, 0x83, 0x0C, 0x22, 0x83, 0x2C, 0x22, 0x82, 0x2D, 0x22, 0x03,
    0x4D, 0x22, 0x4D, 0x22, 0x2D, 0x22, 0x4D, 0x22, 0x82, 0x4D, 0x2A, 0x82, 0x4E, 0x2A, 0x86, 0x6E,
    0x2A, 0x84, 0x6F, 0x2A, 0x8B, 0x8F, 0x2A, 0x88, 0x6F, 0x2A, 0x87, 0x4E, 0x2A, 0x03, 0x2E, 0x2A,
    0x2E, 0x22, 0x2D, 0x22, 0x2D, 0x22, 0x86, 0x0D, 0x22, 0x00, 0x0C, 0x22, 0x84, 0xEC, 0x21, 0x83,
    0xCC, 0x21, 0x84, 0xCB, 0x21, 0x84, 0xAB, 0x21, 0x01, 0xAB, 0x19, 0xAB, 0x19, 0x86, 0x8A, 0x19,
    0x00, 0x5D, 0x54, 0x86, 0x9F, 0x5C, 0x09, 0x7F, 0x5C, 0x9F, 0x5C, 0x4F, 0x2A, 0x83, 0x08, 0x83,
    0x08, 0x63, 0x08, 0x63, 0x08, 0x62, 0x08, 0x62, 0x00, 0x62, 0x00, 0x82, 0x42, 0x00, 0x01, 0x41,
    0x00, 0x41, 0x00, 0x85, 0x21, 0x00, 0x00, 0x20, 0x00, 0x8C, 0x00, 0x00, 0x88, 0x00, 0x00, 0x84,
    0x20, 0x00, 0x01, 0x21, 0x00, 0x21, 0x00, 0x84, 0x41, 0x00, 0x84, 0x62, 0x00, 0x00, 0x82, 0x08,
    0x82, 0x83, 0x08, 0x02, 0xA4, 0x08, 0xA3, 0x08, 0xF0, 0x2A, 0x88, 0xBF, 0x5D, 0x03, 0x5D, 0x55,
    0x0B, 0x22, 0xEA, 0x19, 0xEB, 0x21, 0x87, 0x0B, 0x22, 0x84, 0x0C, 0x22, 0x85, 0x2C, 0x22, 0x01,
    0x2D, 0x22, 0x2D, 0x22, 0x82, 0x4D, 0x22, 0x82, 0x4D, 0x2A, 0x82, 0x4E, 0x2A, 0x87, 0x6E, 0x2A,
    0x84, 0x6F, 0x2A, 0x82, 0x8F, 0x2A, 0x01, 0x6F, 0x2A, 0x6F, 0x2A, 0x84, 0x8F, 0x2A, 0x88, 0x6F,
    0x2A, 0x87, 0x4E, 0x2A, 0x83, 0x2E, 0x2A, 0x00, 0x2D, 0x22, 0x86, 0x0D, 0x22, 0x00, 0x0C, 0x22,
    0x84, 0xEC, 0x21, 0x84, 0xCC, 0x21, 0x83, 0xCB, 0x21, 0x84, 0xAB, 0x21, 0x82, 0xAB, 0x19, 0x84,
    0x8A, 0x19, 0x01, 0x8B, 0x21, 0x5D, 0x54, 0x86, 0x9F, 0x5C, 0x09, 0x7F, 0x5C, 0x9F, 0x5C, 0x4F,
    0x2A, 0x83, 0x08, 0x83, 0x08, 0x63, 0x08, 0x63, 0x08, 0x62, 0x08, 0x62, 0x00, 0x62, 0x00, 0x82,
    0x42, 0x00, 0x01, 0x41, 0x00, 0x41, 0x00, 0x85, 0x21, 0x00, 0x00, 0x20, 0x00, 0x8C, 0x00, 0x00,
    0x88, 0x00, 0x00, 0x84, 0x20, 0x00, 0x82, 0x21, 0x00, 0x83, 0x41, 0x00, 0x84, 0x62, 0x00, 0x00,
    0x82, 0x08, 0x82, 0x83, 0x08, 0x02, 0xA4, 0x08, 0xA3, 0x08, 0xF0, 0x2A, 0x86, 0xBF, 0x5D, 0x06,
    0x9F, 0x5D, 0xBF, 0x5D, 0x5D, 0x55, 0x0B, 0x22, 0xEA, 0x19, 0x0B, 0x22, 0xEB, 0x21, 0x86, 0x0B,
    0x22, 0x85, 0x0C, 0x22, 0x01, 0x2C, 0x22, 0x0C, 0x22, 0x82, 0x2C, 0x22, 0x84, 0x2D, 0x22, 0x83,
    0x4D, 0x22, 0x01, 0x4E, 0x22, 0x4E, 0x22, 0x83, 0x4E, 0x2A, 0x84, 0x6E, 0x2A, 0x87, 0x6F, 0x2A,
    0x84, 0x8F, 0x2A, 0x89, 0x6F, 0x2A, 0x86, 0x4E, 0x2A, 0x82, 0x2E, 0x2A, 0x82, 0x2D, 0x22, 0x86,
    0x0D, 0x22, 0x85, 0xEC, 0x21, 0x84, 0xCC, 0x21, 0x83, 0xCB, 0x21, 0x84, 0xAB, 0x21, 0x82, 0xAB,
    0x19, 0x84, 0x8A, 0x19, 0x01, 0x8B, 0x21, 0x5D, 0x54, 0x86, 0x9F, 0x5C, 0x09, 0x7F, 0x5C, 0x9F,
    0x5C, 0x2F, 0x2A, 0x83, 0x08, 0x83, 0x08, 0x63, 0x08, 0x63, 0x08, 0x62, 0x08, 0x62, 0x00, 0x62,
    0x00, 0x82, 0x42, 0x00, 0x01, 0x41, 0x00, 0x41, 0x00, 0x85, 0x21, 0x00, 0x00, 0x20, 0x00, 0x8C,
    0x00, 0x00, 0x88, 0x00, 0x00, 0x84, 0x20, 0x00, 0x82, 0x21, 0x00, 0x83, 0x41, 0x00, 0x84, 0x62,
    0x00, 0x00, 0x82, 0x08, 0x82, 0x83, 0x08, 0x04, 0xA4, 0x08, 0xA3, 0x08, 0xF0, 0x2A, 0xBF, 0x5D,
    0x9F, 0x5D, 0x84, 0xBF, 0x5D, 0x04, 0x9F, 0x5D, 0x9F, 0x5D, 0x3D, 0x55, 0x0B, 0x1A, 0xEA, 0x19,
    0x82, 0xEB, 0x19, 0x00, 0xEB, 0x21, 0x84, 0x0B, 0x22, 0x87, 0x0C, 0x22, 0x82, 0x2C, 0x22, 0x84,
    0x2D, 0x22, 0x01, 0x4D, 0x22, 0x4D, 0x2A, 0x84, 0x4E, 0x2A, 0x86, 0x6E, 0x2A, 0x85, 0x6F, 0x2A,
    0x01, 0x8F, 0x2A, 0x8F, 0x2A, 0x82, 0x6F, 0x2A, 0x00, 0x8F, 0x2A, 0x8C, 0x6F, 0x2A, 0x86, 0x4E,
    0x2A, 0x02, 0x2E, 0x2A, 0x2E, 0x22, 0x2E, 0x22, 0x82, 0x2D, 0x22, 0x85, 0x0D, 0x22, 0x00, 0xED,
    0x21, 0x84, 0xEC, 0x21, 0x84, 0xCC, 0x21, 0x83, 0xCB, 0x21, 0x84, 0xAB, 0x21, 0x82, 0xAB, 0x19,
    0x83, 0x8A, 0x19, 0x02, 0x6A, 0x19, 0x8B, 0x21, 0x5D, 0x54, 0x86, 0x9F, 0x5C, 0x08, 0x7F, 0x5C,
    0x7F, 0x5C, 0x2F, 0x2A, 0x83, 0x08, 0x83, 0x08, 0x63, 0x08, 0x63, 0x08, 0x62, 0x08, 0x62, 0x00,
    0x83, 0x42, 0x00, 0x01, 0x41, 0x00, 0x41, 0x00, 0x85, 0x21, 0x00, 0x00, 0x20, 0x00, 0x8C, 0x00,
    0x00, 0x88, 0x00, 0x00, 0x84, 0x20, 0x00, 0x82, 0x21, 0x00, 0x83, 0x41, 0x00, 0x84, 0x62, 0x00,
    0x00, 0x82, 0x08, 0x82, 0x83, 0x08, 0x04, 0xA4, 0x08, 0xA3, 0x08, 0xD0, 0x2A, 0xBF, 0x5D, 0x9F,
    0x55, 0x84, 0xBF, 0x5D, 0x04, 0x9F, 0x5D, 0x9F, 0x5D, 0x3D, 0x55, 0xEB, 0x19, 0xCA, 0x19, 0x82,
    0xEB, 0x19, 0x82, 0xEB, 0x21, 0x83, 0x0B, 0x22, 0x85, 0x0C, 0x22, 0x84, 0x2C, 0x22, 0x82, 0x2D,
    0x22, 0x09, 0x4D, 0x22, 0x4D, 0x22, 0x2D, 0x22, 0x0C, 0x22, 0x0C, 0x22, 0x2D, 0x22, 0x2D, 0x22,
    0x4D, 0x22, 0x4D, 0x2A, 0x4D, 0x2A, 0x89, 0x4E, 0x2A, 0x8C, 0x6E, 0x2A, 0x88, 0x4E, 0x2A, 0x03,
    0x2E, 0x2A, 0x2E, 0x2A, 0x2D, 0x22, 0x2D, 0x22, 0x86, 0x0D, 0x22, 0x00, 0x0C, 0x22, 0x82, 0xEC,
    0x21, 0x04, 0xCB, 0x21, 0xCB, 0x21, 0xEC, 0x21, 0xED, 0x21, 0xED, 0x21, 0x82, 0xEC, 0x21, 0x84,
    0xCC, 0x21, 0x82, 0xCB, 0x21, 0x86, 0xAB, 0x21, 0x00, 0xAB, 0x19, 0x84, 0x8A, 0x19, 0x02, 0x6A,
    0x19, 0x8B, 0x21, 0x3D, 0x54, 0x85, 0x9F, 0x5C, 0x82, 0x7F, 0x5C, 0x06, 0x2F, 0x2A, 0x63, 0x08,
    0x83, 0x08, 0x63, 0x08, 0x63, 0x08, 0x62, 0x08, 0x62, 0x00, 0x83, 0x42, 0x00, 0x01, 0x41, 0x00,
    0x41, 0x00, 0x85, 0x21, 0x00, 0x00, 0x20, 0x00, 0x8C, 0x00, 0x00, 0x88, 0x00, 0x00, 0x84, 0x20,
    0x00, 0x82, 0x21, 0x00, 0x83, 0x41, 0x00, 0x84, 0x62, 0x00, 0x00, 0x82, 0x08, 0x82, 0x83, 0x08,
    0x04, 0xA4, 0x08, 0xA3, 0x08, 0xD0, 0x2A, 0xBF, 0x5D, 0x9F, 0x55, 0x82, 0xBF, 0x5D, 0x83, 0x9F,
    0x5D, 0x02, 0x3D, 0x55, 0xEB, 0x21, 0xCA, 0x19, 0x83, 0xEB, 0x19, 0x00, 0xEB, 0x21, 0x83, 0x0B,
    0x22, 0x86, 0x0C, 0x22, 0x83, 0x2C, 0x22, 0x83, 0x2D, 0x22, 0x09, 0x0C, 0x22, 0x2C, 0x22, 0x8F,
    0x2A, 0x53, 0x3B, 0xF7, 0x43, 0x7A, 0x4C, 0xBB, 0x54, 0xDC, 0x54, 0xDC, 0x54, 0xBC, 0x54, 0x82,
    0xDC, 0x54, 0x8E, 0xBC, 0x54, 0x8A, 0x9C, 0x54, 0x89, 0x7C, 0x54, 0x85, 0x5C, 0x54, 0x08, 0x3B,
    0x4C, 0xF9, 0x4B, 0x97, 0x43, 0xF3, 0x32, 0x4F, 0x2A, 0xCC, 0x21, 0xCB, 0x21, 0xEC, 0x21, 0xEC,
    0x21, 0x85, 0xCC, 0x21, 0x00, 0xCB, 0x21, 0x89, 0xAB, 0x21, 0x84, 0x8A, 0x19, 0x02, 0x6A, 0x19,
    0x8B, 0x21, 0x3D, 0x54, 0x83, 0x9F, 0x5C, 0x84, 0x7F, 0x5C, 0x06, 0x2F, 0x2A, 0x63, 0x08, 0x83,
    0x08, 0x63, 0x08, 0x63, 0x08, 0x62, 0x08, 0x62, 0x00, 0x83, 0x42, 0x00, 0x01, 0x41, 0x00, 0x41,
    0x00, 0x85, 0x21, 0x00, 0x00, 0x20, 0x00, 0x8C, 0x00, 0x00, 0x88, 0x00, 0x00, 0x84, 0x20, 0x00,
    0x82, 0x21, 0x00, 0x83, 0x41, 0x00, 0x84, 0x62, 0x00, 0x00, 0x82, 0x08, 0x82, 0x83, 0x08, 0x05,
    0xA4, 0x08, 0xA3, 0x08, 0xD0, 0x2A, 0x9F, 0x5D, 0x9F, 0x55, 0xBF, 0x5D, 0x85, 0x9F, 0x5D, 0x02,
    0x3D, 0x55, 0xEB, 0x21, 0xEA, 0x19, 0x83, 0xEB, 0x19, 0x00, 0xEB, 0x21, 0x83, 0x0B, 0x22, 0x86,
    0x0C, 0x22, 0x0B, 0x2C, 0x22, 0x0C, 0x22, 0x2C, 0x22, 0x2C, 0x22, 0x2D, 0x22, 0x2D, 0x22, 0x0C,
    0x22, 0x2D, 0x22, 0x53, 0x3B, 0x9A, 0x4C, 0x3F, 0x5D, 0x7F, 0x5D, 0x8E, 0x5F, 0x5D, 0x8A, 0x3F,
    0x5D, 0x8A, 0x1F, 0x5D, 0x8A, 0xFF, 0x5C, 0x86, 0xDF, 0x5C, 0x06, 0xBF, 0x5C, 0xFA, 0x4B, 0xF3,
    0x32, 0xEC, 0x21, 0xAB, 0x21, 0xEC, 0x21, 0xEC, 0x21, 0x83, 0xCC, 0x21, 0x01, 0xCB, 0x21, 0xCB,
    0x21, 0x88, 0xAB, 0x21, 0x00, 0x8B, 0x21, 0x83, 0x8A, 0x19, 0x02, 0x6A, 0x19, 0x8A, 0x19, 0x3D,
    0x54, 0x82, 0x9F, 0x5C, 0x85, 0x7F, 0x5C, 0x06, 0x2F, 0x2A, 0x63, 0x08, 0x83, 0x08, 0x63, 0x08,
    0x62, 0x08, 0x62, 0x08, 0x62, 0x00, 0x83, 0x42, 0x00, 0x01, 0x41, 0x00, 0x41, 0x00, 0x85, 0x21,
    0x00, 0x00, 0x20, 0x00, 0x8C, 0x00, 0x00, 0x88, 0x00, 0x00, 0x84, 0x20, 0x00, 0x82, 0x21, 0x00,
    0x83, 0x41, 0x00, 0x84, 0x62, 0x00, 0x00, 0x82, 0x08, 0x82, 0x83, 0x08, 0x04, 0xA4, 0x08, 0xA3,
    0x08, 0xD0, 0x2A, 0x9F, 0x5D, 0x9F, 0x55, 0x86, 0x9F, 0x5D, 0x02, 0x3D, 0x55, 0xEB, 0x21, 0xEA,
    0x19, 0x83, 0xEB, 0x19, 0x01, 0xEB, 0x21, 0xEB, 0x21, 0x83, 0x0B, 0x22, 0x86, 0x0C, 0x22, 0x06,
    0x2C, 0x22, 0x2C, 0x22, 0x2D, 0x22, 0x0C, 0x22, 0x0C, 0x22, 0x53, 0x3B, 0xDC, 0x54, 0x8C, 0x5F,
    0x5D, 0x8A, 0x3F, 0x5D, 0x8A, 0x1F, 0x5D, 0x8A, 0xFF, 0x5C, 0x8A, 0xDF, 0x5C, 0x07, 0xBF, 0x5C,
    0xBF, 0x5C, 0xDF, 0x5C, 0xDF, 0x5C, 0xBF, 0x5C, 0x3C, 0x54, 0xD3, 0x32, 0xCB, 0x21, 0x84, 0xCC,
    0x21, 0x01, 0xCB, 0x21, 0xCB, 0x21, 0x87, 0xAB, 0x21, 0x01, 0x8B, 0x21, 0x8B, 0x21, 0x83, 0x8A,
    0x19, 0x03, 0x6A, 0x19, 0x8A, 0x19, 0x3D, 0x54, 0x9F, 0x5C, 0x87, 0x7F, 0x5C, 0x06, 0x2F, 0x2A,
    0x63, 0x08, 0x83, 0x08, 0x63, 0x08, 0x62, 0x08, 0x62, 0x08, 0x62, 0x00, 0x83, 0x42, 0x00, 0x01,
    0x41, 0x00, 0x41, 0x00, 0x85, 0x21, 0x00, 0x00, 0x20, 0x00, 0x8C, 0x00, 0x00, 0x88, 0x00, 0x00,
    0x84, 0x20, 0x00, 0x82, 0x21, 0x00, 0x83, 0x41, 0x00, 0x84, 0x62, 0x00, 0x00, 0x82, 0x08, 0x82,
    0x83, 0x08, 0x04, 0xA4, 0x08, 0xA3, 0x08, 0xD0, 0x2A, 0x9F, 0x55, 0x9F, 0x55, 0x86, 0x9F, 0x5D,
    0x02, 0x3D, 0x55, 0xEB, 0x21, 0xCA, 0x19, 0x82, 0xEB, 0x19, 0x84, 0xEB, 0x21, 0x01, 0x0B, 0x22,
    0x0B, 0x22, 0x86, 0x0C, 0x22, 0x04, 0x2C, 0x22, 0x2D, 0x22, 0xEC, 0x21, 0x6E, 0x2A, 0x59, 0x4C,
    0x8D, 0x5F, 0x5D, 0x8D, 0x3F, 0x5D, 0x8A, 0x1F, 0x5D, 0x8A, 0xFF, 0x5C, 0x8A, 0xDF, 0x5C, 0x84,
    0xBF, 0x5C, 0x02, 0xD9, 0x4B, 0x0D, 0x22, 0xAB, 0x21, 0x82, 0xCC, 0x21, 0x00, 0xCB, 0x21, 0x88,
    0xAB, 0x21, 0x02, 0x8B, 0x21, 0x8B, 0x21, 0x8B, 0x19, 0x82, 0x8A, 0x19, 0x02, 0x6A, 0x19, 0x8A,
    0x19, 0x3D, 0x54, 0x86, 0x7F, 0x5C, 0x08, 0x5F, 0x5C, 0x7F, 0x5C, 0x2F, 0x2A, 0x63, 0x08, 0x83,
    0x08, 0x63, 0x08, 0x62, 0x08, 0x62, 0x08, 0x62, 0x00, 0x83, 0x42, 0x00, 0x01, 0x41, 0x00, 0x41,
    0x00, 0x85, 0x21, 0x00, 0x00, 0x20, 0x00, 0x8C, 0x00, 0x00, 0x88, 0x00, 0x00, 0x84, 0x20, 0x00,
    0x82, 0x21, 0x00, 0x83, 0x41, 0x00, 0x84, 0x62, 0x00, 0x00, 0x82, 0x08, 0x82, 0x83, 0x08, 0x02,
    0xA4, 0x08, 0xA3, 0x08, 0xD0, 0x2A, 0x82, 0x9F, 0x55, 0x83, 0x9F, 0x5D, 0x04, 0x7F, 0x5D, 0x9F,
    0x5D, 0x1D, 0x55, 0xEB, 0x21, 0xCA, 0x19, 0x82, 0xEB, 0x19, 0x84, 0xEB, 0x21, 0x01, 0x0B, 0x22,
    0x0B, 0x22, 0x86, 0x0C, 0x22, 0x03, 0x2C, 0x22, 0xEB, 0x21, 0xB0, 0x2A, 0xFD, 0x54, 0x8C, 0x5F,
    0x5D, 0x8E, 0x3F, 0x5D, 0x8A, 0x1F, 0x5D, 0x8A, 0xFF, 0x5C, 0x8A, 0xDF, 0x5C, 0x86, 0xBF, 0x5C,
    0x05, 0x5D, 0x54, 0x4F, 0x2A, 0xAB, 0x21, 0xCC, 0x21, 0xCC, 0x21, 0xCB, 0x21, 0x88, 0xAB, 0x21,
    0x02, 0x8B, 0x21, 0x8B, 0x19, 0x8B, 0x19, 0x82, 0x8A, 0x19, 0x02, 0x6A, 0x19, 0x8A, 0x19, 0x3D,
    0x54, 0x86, 0x7F, 0x5C, 0x08, 0x5F, 0x5C, 0x7F, 0x5C, 0x2F, 0x2A, 0x63, 0x08, 0x83, 0x08, 0x63,
    0x08, 0x62, 0x08, 0x62, 0x08, 0x62, 0x00, 0x83, 0x42, 0x00, 0x01, 0x41, 0x00, 0x41, 0x00, 0x85,
    0x21, 0x00, 0x00, 0x20, 0x00, 0x8C, 0x00, 0x00, 0x88, 0x00, 0x00, 0x84, 0x20, 0x00, 0x82, 0x21,
    0x00, 0x83, 0x41, 0x00, 0x84, 0x62, 0x00, 0x00, 0x82, 0x08, 0x82, 0x83, 0x08, 0x04, 0xA4, 0x08,
    0xA3, 0x08, 0xD0, 0x2A, 0x9F, 0x55, 0x7F, 0x55, 0x84, 0x9F, 0x5D, 0x04, 0x7F, 0x5D, 0x7F, 0x5D,
    0x1D, 0x55, 0xEB, 0x21, 0xCA, 0x19, 0x82, 0xEB, 0x19, 0x85, 0xEB, 0x21, 0x00, 0x0B, 0x22, 0x85,
    0x0C, 0x22, 0x03, 0x2C, 0x22, 0xEB, 0x21, 0xD0, 0x32, 0x3E, 0x5D, 0x8B, 0x5F, 0x5D, 0x8E, 0x3F,
    0x5D, 0x8A, 0x1F, 0x5D, 0x8A, 0xFF, 0x5C, 0x8A, 0xDF, 0x5C, 0x89, 0xBF, 0x5C, 0x03, 0x7E, 0x54,
    0x70, 0x2A, 0x8A, 0x21, 0xCC, 0x21, 0x87, 0xAB, 0x21, 0x82, 0x8B, 0x21, 0x00, 0x8B, 0x19, 0x83,
    0x8A, 0x19, 0x02, 0x6A, 0x19, 0x8B, 0x19, 0x3D, 0x54, 0x86, 0x7F, 0x5C, 0x08, 0x5F, 0x5C, 0x7F,
    0x5C, 0x2F, 0x2A, 0x63, 0x08, 0x83, 0x08, 0x63, 0x08, 0x62, 0x08, 0x62, 0x08, 0x62, 0x00, 0x83,
    0x42, 0x00, 0x01, 0x41, 0x00, 0x41, 0x00, 0x85, 0x21, 0x00, 0x00, 0x20, 0x00, 0x8C, 0x00, 0x00,
    0x88, 0x00, 0x00, 0x84, 0x20, 0x00, 0x82, 0x21, 0x00, 0x83, 0x41, 0x00, 0x00, 0x42, 0x00, 0x83,
    0x62, 0x00, 0x00, 0x62, 0x08, 0x82, 0x83, 0x08, 0x04, 0xA4, 0x08, 0xA3, 0x08, 0xD0, 0x2A, 0x9F,
    0x55, 0x7F, 0x55, 0x83, 0x9F, 0x5D, 0x82, 0x7F, 0x5D, 0x02, 0x1D, 0x55, 0xEB, 0x19, 0xCA, 0x19,
    0x82, 0xEB, 0x19, 0x85, 0xEB, 0x21, 0x00, 0x0B, 0x22, 0x85, 0x0C, 0x22, 0x02, 0xEB, 0x21, 0x8F,
    0x2A, 0x1E, 0x55, 0x87, 0x5F, 0x5D, 0x8F, 0x3F, 0x5D, 0x8C, 0x1F, 0x5D, 0x8A, 0xFF, 0x5C, 0x8A,
    0xDF, 0x5C, 0x8A, 0xBF, 0x5C, 0x05, 0x9F, 0x5C, 0xBF, 0x5C, 0x7E, 0x54, 0x2F, 0x2A, 0xAB, 0x21,
    0xCC, 0x21, 0x86, 0xAB, 0x21, 0x03, 0x8B, 0x21, 0x8B, 0x21, 0x8B, 0x19, 0x8B, 0x19, 0x83, 0x8A,
    0x19, 0x02, 0x6A, 0x19, 0x8B, 0x19, 0x3D, 0x54, 0x86, 0x7F, 0x5C, 0x08, 0x5F, 0x5C, 0x7F, 0x5C,
    0x2F, 0x2A, 0x63, 0x08, 0x83, 0x08, 0x63, 0x08, 0x63, 0x08, 0x62, 0x08, 0x62, 0x00, 0x83, 0x42,
    0x00, 0x00, 0x41, 0x00, 0x86, 0x21, 0x00, 0x00, 0x20, 0x00, 0x8C, 0x00, 0x00, 0x88, 0x00, 0x00,
    0x84, 0x20, 0x00, 0x82, 0x21, 0x00, 0x83, 0x41, 0x00, 0x00, 0x42, 0x00, 0x83, 0x62, 0x00, 0x00,
    0x62, 0x08, 0x82, 0x83, 0x08, 0x06, 0xA4, 0x08, 0xA3, 0x08, 0xD0, 0x2A, 0x9F, 0x55, 0x7F, 0x55,
    0x9F, 0x55, 0x9F, 0x5D, 0x84, 0x7F, 0x5D, 0x06, 0x1D, 0x55, 0xEB, 0x19, 0xCA, 0x19, 0xCB, 0x19,
    0xCB, 0x19, 0xEB, 0x19, 0xEB, 0x19, 0x85, 0xEB, 0x21, 0x00, 0x0B, 0x22, 0x84, 0x0C, 0x22, 0x01,
    0x2D, 0x22, 0xDC, 0x54, 0x86, 0x5F, 0x5D, 0x8E, 0x3F, 0x5D, 0x8E, 0x1F, 0x5D, 0x8A, 0xFF, 0x5C,
    0x8A, 0xDF, 0x5C, 0x8C, 0xBF, 0x5C, 0x03, 0x9F, 0x5C, 0x9F, 0x5C, 0x3C, 0x54, 0xCC, 0x21, 0x87,
    0xAB, 0x21, 0x03, 0x8B, 0x21, 0x8B, 0x21, 0x8B, 0x19, 0x8B, 0x19, 0x83, 0x8A, 0x19, 0x02, 0x6A,
    0x19, 0x8A, 0x19, 0x3D, 0x54, 0x86, 0x7F, 0x5C, 0x08, 0x5F, 0x5C, 0x5F, 0x5C, 0x2F, 0x2A, 0x63,
    0x08, 0x83, 0x08, 0x63, 0x08, 0x63, 0x08, 0x62, 0x08, 0x62, 0x00, 0x83, 0x42, 0x00, 0x00, 0x41,
    0x00, 0x86, 0x21, 0x00, 0x00, 0x20, 0x00, 0x8C, 0x00, 0x00, 0x88, 0x00, 0x00, 0x84, 0x20, 0x00,
    0x82, 0x21, 0x00, 0x83, 0x41, 0x00, 0x00, 0x42, 0x00, 0x83, 0x62, 0x00, 0x00, 0x62, 0x08, 0x82,
    0x83, 0x08, 0x07, 0xA4, 0x08, 0xA3, 0x08, 0xD0, 0x2A, 0x9F, 0x55, 0x7F, 0x55, 0x9F, 0x55, 0x7F,
    0x55, 0x7F, 0x55, 0x83, 0x7F, 0x5D, 0x04, 0x1D, 0x55, 0xEB, 0x19, 0xCA, 0x19, 0xCB, 0x19, 0xCB,
    0x19, 0x84, 0xEB, 0x19, 0x82, 0xEB, 0x21, 0x84, 0x0C, 0x22, 0x01, 0xCB, 0x19, 0xF8, 0x43, 0x86,
    0x5F, 0x5D, 0x86, 0x3F, 0x5D, 0x85, 0x1F, 0x5D, 0x00, 0x3F, 0x5D, 0x89, 0x1F, 0x5D, 0x88, 0xFF,
    0x5C, 0x85, 0xDF, 0x5C, 0x00, 0xFF, 0x5C, 0x88, 0xDF, 0x5C, 0x90, 0xBF, 0x5C, 0x82, 0x9F, 0x5C,
    0x02, 0x77, 0x43, 0x8A, 0x19, 0xCC, 0x21, 0x85, 0xAB, 0x21, 0x00, 0x8B, 0x21, 0x82, 0x8B, 0x19,
    0x82, 0x8A, 0x19, 0x03, 0x6A, 0x19, 0x6A, 0x19, 0x8A, 0x19, 0x1D, 0x54, 0x85, 0x7F, 0x5C, 0x82,
    0x5F, 0x5C, 0x06, 0x2F, 0x2A, 0x63, 0x08, 0x83, 0x08, 0x63, 0x08, 0x63, 0x08, 0x62, 0x08, 0x62,
    0x00, 0x83, 0x42, 0x00, 0x00, 0x41, 0x00, 0x86, 0x21, 0x00, 0x00, 0x20, 0x00, 0x8C, 0x00, 0x00,
    0x88, 0x00, 0x00, 0x84, 0x20, 0x00, 0x82, 0x21, 0x00, 0x83, 0x41, 0x00, 0x00, 0x42, 0x00, 0x83,
    0x62, 0x00, 0x00, 0x62, 0x08, 0x82, 0x83, 0x08, 0x03, 0xA4, 0x08, 0xA3, 0x08, 0xD0, 0x2A, 0x9F,
    0x55, 0x86, 0x7F, 0x55, 0x05, 0x7F, 0x5D, 0x1D, 0x55, 0xEB, 0x19, 0xCA, 0x19, 0xCB, 0x19, 0xCB,
    0x19, 0x83, 0xEB, 0x19, 0x84, 0xEB, 0x21, 0x04, 0xEC, 0x21, 0xEC, 0x21, 0x0C, 0x22, 0xCB, 0x19,
    0xB0, 0x2A, 0x85, 0x5F, 0x5D, 0x8E, 0x3F, 0x5D, 0x8D, 0x1F, 0x5D, 0x8A, 0xFF, 0x5C, 0x8A, 0xDF,
    0x5C, 0x8E, 0xBF, 0x5C, 0x85, 0x9F, 0x5C, 0x01, 0x50, 0x2A, 0x8A, 0x19, 0x84, 0xAB, 0x21, 0x82,
    0x8B, 0x21, 0x01, 0x8B, 0x19, 0x8B, 0x19, 0x82, 0x8A, 0x19, 0x03, 0x6A, 0x19, 0x6A, 0x19, 0x8A,
    0x19, 0x1D, 0x54, 0x83, 0x7F, 0x5C, 0x84, 0x5F, 0x5C, 0x05, 0x2F, 0x2A, 0x63, 0x08, 0x83, 0x08,
    0x63, 0x08, 0x63, 0x08, 0x62, 0x08, 0x84, 0x42, 0x00, 0x00, 0x41, 0x00, 0x86, 0x21, 0x00, 0x00,
    0x20, 0x00, 0x8C, 0x00, 0x00, 0x88, 0x00, 0x00, 0x84, 0x20, 0x00, 0x82, 0x21, 0x00, 0x83, 0x41,
    0x00, 0x00, 0x42, 0x00, 0x83, 0x62, 0x00, 0x00, 0x62, 0x08, 0x82, 0x83, 0x08, 0x02, 0xA4, 0x08,
    0xA3, 0x08, 0xD0, 0x2A, 0x88, 0x7F, 0x55, 0x04, 0x1D, 0x55, 0xEB, 0x19, 0xCA, 0x19, 0xCB, 0x19,
    0xCB, 0x19, 0x83, 0xEB, 0x19, 0x85, 0xEB, 0x21, 0x05, 0xEC, 0x21, 0x0C, 0x22, 0xCB, 0x19, 0x5A,
    0x4C, 0x5F, 0x5D, 0x3F, 0x5D, 0x82, 0x5F, 0x5D, 0x87, 0x3F, 0x5D, 0x01, 0x9C, 0x54, 0xF8, 0x43,
    0x84, 0x96, 0x3B, 0x00, 0xD7, 0x43, 0x89, 0x1F, 0x5D, 0x00, 0xD8, 0x43, 0x85, 0x96, 0x43, 0x00,
    0x76, 0x43, 0x83, 0x76, 0x3B, 0x82, 0x76, 0x43, 0x00, 0xD8, 0x43, 0x88, 0xDF, 0x5C, 0x03, 0xBF,
    0x5C, 0x97, 0x43, 0x55, 0x3B, 0x56, 0x3B, 0x82, 0x35, 0x3B, 0x06, 0x77, 0x43, 0x3C, 0x54, 0xBF,
    0x5C, 0xBF, 0x5C, 0x9F, 0x5C, 0xBF, 0x5C, 0xBF, 0x5C, 0x87, 0x9F, 0x5C, 0x01, 0xBA, 0x4B, 0x8A,
    0x19, 0x84, 0xAB, 0x21, 0x82, 0x8B, 0x21, 0x03, 0x8B, 0x19, 0x8B, 0x19, 0x8A, 0x19, 0x8A, 0x19,
    0x82, 0x6A, 0x19, 0x01, 0x8A, 0x19, 0x1D, 0x54, 0x82, 0x7F, 0x5C, 0x85, 0x5F, 0x5C, 0x05, 0x2F,
    0x2A, 0x63, 0x08, 0x83, 0x08, 0x63, 0x08, 0x63, 0x08, 0x62, 0x08, 0x84, 0x42, 0x00, 0x00, 0x41,
    0x00, 0x86, 0x21, 0x00, 0x00, 0x20, 0x00, 0x8C, 0x00, 0x00, 0x88, 0x00, 0x00, 0x84, 0x20, 0x00,
    0x82, 0x21, 0x00, 0x83, 0x41, 0x00, 0x00, 0x42, 0x00, 0x83, 0x62, 0x00, 0x00, 0x62, 0x08, 0x82,
    0x83, 0x08, 0x02, 0xA4, 0x08, 0xA3, 0x08, 0xD0, 0x2A, 0x88, 0x7F, 0x55, 0x02, 0x1D, 0x55, 0xEB,
    0x19, 0xCA, 0x19, 0x82, 0xCB, 0x19, 0x02, 0xEB, 0x19, 0xCB, 0x19, 0xEB, 0x19, 0x85, 0xEB, 0x21,
    0x02, 0x0C, 0x22, 0xCB, 0x19, 0x8F, 0x2A, 0x8B, 0x3F, 0x5D, 0x03, 0x3A, 0x4C, 0x6F, 0x2A, 0x89,
    0x19, 0x68, 0x19, 0x84, 0x69, 0x19, 0x00, 0xEC, 0x21, 0x87, 0x1F, 0x5D, 0x02, 0xFF, 0x5C, 0x1F,
    0x5D, 0x2D, 0x22, 0x8A, 0x8A, 0x19, 0x82, 0x89, 0x19, 0x00, 0x0D, 0x22, 0x86, 0xDF, 0x5C, 0x82,
    0xBF, 0x5C, 0x01, 0xCB, 0x21, 0x69, 0x19, 0x85, 0x48, 0x19, 0x02, 0x2E, 0x2A, 0xDA, 0x4B, 0xBF,
    0x5C, 0x8A, 0x9F, 0x5C, 0x01, 0x2F, 0x2A, 0x8A, 0x19, 0x82, 0xAB, 0x21, 0x84, 0x8B, 0x21, 0x01,
    0x8A, 0x19, 0x8A, 0x19, 0x83, 0x6A, 0x19, 0x02, 0x8A, 0x19, 0x1D, 0x54, 0x7F, 0x5C, 0x87, 0x5F,
    0x5C, 0x05, 0x2F, 0x2A, 0x63, 0x08, 0x83, 0x08, 0x63, 0x08, 0x63, 0x08, 0x62, 0x08, 0x84, 0x42,
    0x00, 0x00, 0x41, 0x00, 0x86, 0x21, 0x00, 0x00, 0x20, 0x00, 0x8C, 0x00, 0x00, 0x88, 0x00, 0x00,
    0x84, 0x20, 0x00, 0x82, 0x21, 0x00, 0x83, 0x41, 0x00, 0x00, 0x42, 0x00, 0x83, 0x62, 0x00, 0x00,
    0x62, 0x08, 0x82, 0x83, 0x08, 0x04, 0xA4, 0x08, 0xA3, 0x08, 0xD0, 0x2A, 0x7F, 0x55, 0x5F, 0x55,
    0x84, 0x7F, 0x55, 0x04, 0x5F, 0x55, 0x7F, 0x55, 0x1D, 0x55, 0xEB, 0x19, 0xCA, 0x19, 0x84, 0xCB,
    0x19, 0x01, 0xEB, 0x19, 0xCB, 0x19, 0x84, 0xEB, 0x21, 0x02, 0x0C, 0x22, 0xCA, 0x19, 0xB6, 0x43,
    0x8A, 0x3F, 0x5D, 0x04, 0x75, 0x3B, 0x48, 0x11, 0x68, 0x19, 0x68, 0x19, 0x69, 0x19, 0x84, 0x89,
    0x19, 0x00, 0x2D, 0x22, 0x85, 0x1F, 0x5D, 0x83, 0xFF, 0x5C, 0x00, 0x6F, 0x2A, 0x88, 0xAA, 0x19,
    0x82, 0x8A, 0x19, 0x02, 0xAA, 0x19, 0x8A, 0x19, 0x4F, 0x2A, 0x85, 0xDF, 0x5C, 0x83, 0xBF, 0x5C,
    0x00, 0x0D, 0x22, 0x83, 0x69, 0x19, 0x05, 0x48, 0x19, 0x48, 0x19, 0x48, 0x11, 0x48, 0x11, 0x28,
    0x11, 0x14, 0x3B, 0x8A, 0x9F, 0x5C, 0x01, 0x36, 0x43, 0x6A, 0x19, 0x82, 0xAB, 0x21, 0x84, 0x8B,
    0x21, 0x01, 0x8A, 0x19, 0x8A, 0x19, 0x83, 0x6A, 0x19, 0x01, 0x8A, 0x19, 0x1D, 0x54, 0x86, 0x5F,
    0x5C, 0x08, 0x3F, 0x5C, 0x5F, 0x5C, 0x2F, 0x2A, 0x63, 0x08, 0x83, 0x08, 0x63, 0x08, 0x63, 0x08,
    0x62, 0x08, 0x42, 0x08, 0x83, 0x42, 0x00, 0x00, 0x41, 0x00, 0x86, 0x21, 0x00, 0x00, 0x20, 0x00,
    0x8C, 0x00, 0x00, 0x88, 0x00, 0x00, 0x84, 0x20, 0x00, 0x82, 0x21, 0x00, 0x83, 0x41, 0x00, 0x00,
    0x42, 0x00, 0x83, 0x62, 0x00, 0x00, 0x62, 0x08, 0x82, 0x83, 0x08, 0x04, 0xA4, 0x08, 0x83, 0x08,
    0xB0, 0x2A, 0x7F, 0x55, 0x5F, 0x55, 0x83, 0x7F, 0x55, 0x05, 0x5F, 0x55, 0x5F, 0x55, 0x5F, 0x5D,
    0xFD, 0x54, 0xCB, 0x19, 0xCA, 0x19, 0x83, 0xCB, 0x19, 0x03, 0xEB, 0x19, 0xCB, 0x19, 0xCB, 0x19,
    0xEB, 0x19, 0x85, 0xEB, 0x21, 0x00, 0xBC, 0x4C, 0x87, 0x3F, 0x5D, 0x03, 0x1F, 0x5D, 0x3F, 0x5D,
    0x96, 0x3B, 0x48, 0x11, 0x83, 0x68, 0x19, 0x82, 0x69, 0x19, 0x02, 0x89, 0x19, 0x69, 0x19, 0x0D,
    0x22, 0x83, 0x1F, 0x5D, 0x85, 0xFF, 0x5C, 0x00, 0x4F, 0x2A, 0x87, 0x8A, 0x19, 0x83, 0x89, 0x19,
    0x06, 0x8A, 0x19, 0x89, 0x19, 0x4E, 0x2A, 0xDF, 0x5C, 0xBF, 0x5C, 0xDF, 0x5C, 0xDF, 0x5C, 0x85,
    0xBF, 0x5C, 0x00, 0xED, 0x21, 0x85, 0x48, 0x19, 0x04, 0x48, 0x11, 0x48, 0x19, 0x48, 0x19, 0x27,
    0x11, 0x35, 0x3B, 0x87, 0x9F, 0x5C, 0x02, 0x7F, 0x5C, 0x9F, 0x5C, 0xFC, 0x53, 0x83, 0xAB, 0x21,
    0x85, 0x8B, 0x21, 0x82, 0x6A, 0x19, 0x03, 0x8A, 0x19, 0x6A, 0x19, 0x8A, 0x19, 0x1D, 0x54, 0x86,
    0x5F, 0x5C, 0x08, 0x3F, 0x5C, 0x5F, 0x5C, 0x2F, 0x2A, 0x63, 0x08, 0x83, 0x08, 0x63, 0x08, 0x63,
    0x08, 0x62, 0x08, 0x42, 0x08, 0x83, 0x42, 0x00, 0x00, 0x41, 0x00, 0x86, 0x21, 0x00, 0x00, 0x20,
    0x00, 0x8C, 0x00, 0x00, 0x88, 0x00, 0x00, 0x84, 0x20, 0x00, 0x82, 0x21, 0x00, 0x84, 0x41, 0x00,
    0x83, 0x62, 0x00, 0x00, 0x62, 0x08, 0x82, 0x83, 0x08, 0x08, 0xA4, 0x08, 0x83, 0x08, 0xB0, 0x2A,
    0x7F, 0x55, 0x5F, 0x55, 0x7F, 0x55, 0x7F, 0x55, 0x5F, 0x55, 0x5F, 0x55, 0x82, 0x5F, 0x5D, 0x02,
    0xFD, 0x54, 0xCB, 0x19, 0xCA, 0x19, 0x86, 0xCB, 0x19, 0x00, 0xEB, 0x19, 0x82, 0xEB, 0x21, 0x03,
    0xEC, 0x21, 0xCB, 0x19, 0x6E, 0x2A, 0x1F, 0x5D, 0x86, 0x3F, 0x5D, 0x03, 0x1F, 0x5D, 0x3F, 0x5D,
    0x9C, 0x54, 0x69, 0x19, 0x85, 0x68, 0x19, 0x83, 0x69, 0x19, 0x00, 0x0D, 0x22, 0x82, 0x1F, 0x5D,
    0x86, 0xFF, 0x5C, 0x02, 0x4E, 0x2A, 0x89, 0x19, 0x8A, 0x19, 0x88, 0x89, 0x19, 0x04, 0x69, 0x19,
    0x89, 0x19, 0x69, 0x19, 0x2E, 0x2A, 0xDF, 0x5C, 0x88, 0xBF, 0x5C, 0x00, 0xEC, 0x21, 0x85, 0x48,
    0x19, 0x00, 0x28, 0x19, 0x82, 0x28, 0x11, 0x01, 0x48, 0x19, 0x1C, 0x54, 0x88, 0x9F, 0x5C, 0x04,
    0x7F, 0x5C, 0x0E, 0x2A, 0x8B, 0x19, 0xAB, 0x21, 0xAB, 0x21, 0x85, 0x8B, 0x21, 0x84, 0x6A, 0x19,
    0x01, 0x8A, 0x19, 0x1D, 0x54, 0x86, 0x5F, 0x5C, 0x08, 0x3F, 0x5C, 0x5F, 0x5C, 0x2F, 0x2A, 0x63,
    0x08, 0x83, 0x08, 0x63, 0x08, 0x62, 0x08, 0x62, 0x08, 0x42, 0x08, 0x83, 0x42, 0x00, 0x00, 0x41,
    0x00, 0x86, 0x21, 0x00, 0x00, 0x20, 0x00, 0x8C, 0x00, 0x00, 0x88, 0x00, 0x00, 0x01, 0x20, 0x00,
    0x00, 0x00, 0x82, 0x20, 0x00, 0x82, 0x21, 0x00, 0x84, 0x41, 0x00, 0x84, 0x62, 0x00, 0x82, 0x83,
    0x08, 0x03, 0xA4, 0x08, 0x83, 0x08, 0xB0, 0x2A, 0x7F, 0x55, 0x82, 0x5F, 0x55, 0x84, 0x5F, 0x5D,
    0x04, 0xFD, 0x54, 0xCB, 0x19, 0xAA, 0x19, 0xCB, 0x19, 0xCA, 0x19, 0x83, 0xCB, 0x19, 0x82, 0xEB,
    0x19, 0x04, 0xEB, 0x21, 0xEB, 0x21, 0xEC, 0x21, 0xCA, 0x19, 0xF1, 0x32, 0x87, 0x3F, 0x5D, 0x06,
    0x1F, 0x5D, 0x1F, 0x5D, 0xF2, 0x32, 0x48, 0x11, 0x68, 0x19, 0x48, 0x19, 0x48, 0x19, 0x82, 0x68,
    0x19, 0x83, 0x69, 0x19, 0x01, 0x0D, 0x22, 0x1F, 0x5D, 0x88, 0xFF, 0x5C, 0x02, 0x4E, 0x2A, 0x89,
    0x19, 0x8A, 0x19, 0x88, 0x89, 0x19, 0x04, 0x69, 0x19, 0x89, 0x19, 0x69, 0x19, 0x2E, 0x2A, 0xDF,
    0x5C, 0x88, 0xBF, 0x5C, 0x00, 0xEC, 0x21, 0x84, 0x48, 0x19, 0x06, 0x28, 0x19, 0x28, 0x19, 0x28,
    0x11, 0x27, 0x11, 0x48, 0x11, 0x27, 0x11, 0x91, 0x32, 0x86, 0x9F, 0x5C, 0x82, 0x7F, 0x5C, 0x02,
    0x71, 0x32, 0x6A, 0x19, 0xAB, 0x21, 0x85, 0x8B, 0x21, 0x00, 0x8A, 0x19, 0x84, 0x6A, 0x19, 0x01,
    0x6A, 0x21, 0x1D, 0x54, 0x86, 0x5F, 0x5C, 0x07, 0x3F, 0x5C, 0x5F, 0x5C, 0x0F, 0x2A, 0x63, 0x08,
    0x83, 0x08, 0x63, 0x08, 0x62, 0x08, 0x62, 0x08, 0x84, 0x42, 0x00, 0x00, 0x41, 0x00, 0x86, 0x21,
    0x00, 0x00, 0x20, 0x00, 0x8C, 0x00, 0x00, 0x8A, 0x00, 0x00, 0x82, 0x20, 0x00, 0x82, 0x21, 0x00,
    0x84, 0x41, 0x00, 0x00, 0x42, 0x00, 0x83, 0x62, 0x00, 0x82, 0x83, 0x08, 0x03, 0xA3, 0x08, 0x83,
    0x08, 0xB0, 0x2A, 0x7F, 0x55, 0x85, 0x5F, 0x55, 0x06, 0x5F, 0x5D, 0x5F, 0x5D, 0xFD, 0x54, 0xCB,
    0x19, 0xAA, 0x19, 0xCA, 0x19, 0xCA, 0x19, 0x83, 0xCB, 0x19, 0x83, 0xEB, 0x19, 0x03, 0xEB, 0x21,
    0xEC, 0x21, 0xAA, 0x19, 0x54, 0x3B, 0x87, 0x3F, 0x5D, 0x07, 0x1F, 0x5D, 0x1F, 0x55, 0xCB, 0x19,
    0x48, 0x11, 0x48, 0x19, 0x48, 0x11, 0x48, 0x19, 0x48, 0x19, 0x83, 0x68, 0x19, 0x02, 0x69, 0x19,
    0x69, 0x19, 0x0D, 0x22, 0x89, 0xFF, 0x5C, 0x00, 0x4E, 0x2A, 0x82, 0x89, 0x19, 0x88, 0x69, 0x19,
    0x02, 0x89, 0x19, 0x69, 0x19, 0x2E, 0x2A, 0x89, 0xBF, 0x5C, 0x00, 0xEC, 0x21, 0x85, 0x48, 0x19,
    0x83, 0x28, 0x11, 0x02, 0x27, 0x11, 0x8B, 0x19, 0x7F, 0x5C, 0x83, 0x9F, 0x5C, 0x84, 0x7F, 0x5C,
    0x02, 0xD3, 0x3A, 0x6A, 0x19, 0xAB, 0x21, 0x84, 0x8B, 0x21, 0x01, 0x8A, 0x19, 0x8A, 0x19, 0x85,
    0x6A, 0x19, 0x00, 0x1D, 0x54, 0x86, 0x5F, 0x5C, 0x07, 0x3F, 0x5C, 0x3F, 0x5C, 0x0F, 0x2A, 0x63,
    0x08, 0x83, 0x08, 0x63, 0x08, 0x62, 0x08, 0x62, 0x08, 0x84, 0x42, 0x00, 0x00, 0x41, 0x00, 0x86,
    0x21, 0x00, 0x00, 0x20, 0x00, 0x8C, 0x00, 0x00, 0x8A, 0x00, 0x00, 0x82, 0x20, 0x00, 0x82, 0x21,
    0x00, 0x84, 0x41, 0x00, 0x00, 0x42, 0x00, 0x83, 0x62, 0x00, 0x05, 0x82, 0x00, 0x83, 0x08, 0x83,
    0x08, 0xA3, 0x08, 0x83, 0x08, 0xB0, 0x2A, 0x88, 0x5F, 0x55, 0x03, 0xFD, 0x54, 0xCB, 0x19, 0xAA,
    0x19, 0xCA, 0x19, 0x85, 0xCB, 0x19, 0x08, 0xEB, 0x19, 0xEB, 0x19, 0xCB, 0x21, 0xCB, 0x21, 0xEC,
    0x21, 0xAA, 0x19, 0x75, 0x3B, 0x3F, 0x5D, 0x1F, 0x5D, 0x83, 0x3F, 0x5D, 0x82, 0x1F, 0x5D, 0x01,
    0xBD, 0x54, 0x68, 0x19, 0x83, 0x48, 0x11, 0x07, 0x48, 0x19, 0x68, 0x19, 0x48, 0x19, 0x68, 0x19,
    0x68, 0x19, 0x69, 0x19, 0x69, 0x19, 0x0D, 0x22, 0x87, 0xFF, 0x5C, 0x04, 0xDF, 0x5C, 0xDF, 0x5C,
    0x4E, 0x2A, 0x89, 0x19, 0x89, 0x19, 0x8B, 0x69, 0x19, 0x00, 0x2E, 0x2A, 0x89, 0xBF, 0x5C, 0x00,
    0xEC, 0x21, 0x83, 0x48, 0x19, 0x83, 0x28, 0x11, 0x82, 0x27, 0x11, 0x04, 0x28, 0x19, 0x1C, 0x54,
    0x9F, 0x5C, 0x7F, 0x5C, 0x9F, 0x5C, 0x85, 0x7F, 0x5C, 0x02, 0xF5, 0x3A, 0x6A, 0x19, 0xAB, 0x21,
    0x84, 0x8B, 0x21, 0x02, 0x8B, 0x19, 0x8A, 0x19, 0x8A, 0x19, 0x84, 0x6A, 0x19, 0x00, 0xFD, 0x53,
    0x85, 0x5F, 0x5C, 0x82, 0x3F, 0x5C, 0x05, 0x0F, 0x2A, 0x63, 0x08, 0x83, 0x08, 0x63, 0x08, 0x62,
    0x08, 0x42, 0x08, 0x84, 0x42, 0x00, 0x00, 0x41, 0x00, 0x86, 0x21, 0x00, 0x00, 0x20, 0x00, 0x8C,
    0x00, 0x00, 0x8A, 0x00, 0x00, 0x82, 0x20, 0x00, 0x82, 0x21, 0x00, 0x84, 0x41, 0x00, 0x00, 0x42,
    0x00, 0x83, 0x62, 0x00, 0x05, 0x82, 0x00, 0x83, 0x08, 0x83, 0x08, 0xA3, 0x08, 0x83, 0x08, 0xB0,
    0x2A, 0x88, 0x5F, 0x55, 0x04, 0xFD, 0x54, 0xCB, 0x19, 0xAA, 0x19, 0xCA, 0x19, 0xCA, 0x19, 0x85,
    0xCB, 0x19, 0x06, 0xCB, 0x21, 0xCB, 0x21, 0xEB, 0x21, 0xEC, 0x21, 0xAA, 0x19, 0x95, 0x3B, 0x3F,
    0x5D, 0x87, 0x1F, 0x5D, 0x00, 0x7C, 0x4C, 0x84, 0x48, 0x11, 0x82, 0x48, 0x19, 0x04, 0x68, 0x19,
    0x68, 0x19, 0x69, 0x19, 0x69, 0x19, 0x0D, 0x22, 0x86, 0xFF, 0x5C, 0x82, 0xDF, 0x5C, 0x02, 0x4E,
    0x2A, 0x69, 0x19, 0x89, 0x19, 0x8B, 0x69, 0x19, 0x00, 0x2E, 0x2A, 0x89, 0xBF, 0x5C, 0x00, 0xCC,
    0x21, 0x82, 0x48, 0x19, 0x83, 0x28, 0x11, 0x84, 0x27, 0x11, 0x01, 0x1C, 0x54, 0x9F, 0x5C, 0x87,
    0x7F, 0x5C, 0x02, 0x15, 0x3B, 0x69, 0x19, 0xAB, 0x21, 0x83, 0x8B, 0x21, 0x02, 0x8B, 0x19, 0x8B,
    0x19, 0x8A, 0x19, 0x85, 0x6A, 0x19, 0x00, 0xFD, 0x53, 0x83, 0x5F, 0x5C, 0x84, 0x3F, 0x5C, 0x00,
    0x0F, 0x2A, 0x82, 0x63, 0x08, 0x01, 0x62, 0x08, 0x42, 0x08, 0x84, 0x42, 0x00, 0x00, 0x41, 0x00,
    0x86, 0x21, 0x00, 0x00, 0x20, 0x00, 0x8C, 0x00, 0x00, 0x8A, 0x00, 0x00, 0x82, 0x20, 0x00, 0x82,
    0x21, 0x00, 0x84, 0x41, 0x00, 0x00, 0x42, 0x00, 0x84, 0x62, 0x00, 0x04, 0x83, 0x08, 0x83, 0x08,
    0xA3, 0x08, 0x83, 0x08, 0xAF, 0x2A, 0x86, 0x5F, 0x55, 0x04, 0x3F, 0x55, 0x5F, 0x55, 0xFD, 0x54,
    0xCB, 0x19, 0xAA, 0x19, 0x82, 0xCA, 0x19, 0x83, 0xCB, 0x19, 0x82, 0xCB, 0x21, 0x03, 0xEB, 0x21,
    0xEC, 0x21, 0xAA, 0x19, 0x75, 0x3B, 0x88, 0x1F, 0x5D, 0x04, 0xBD, 0x54, 0x69, 0x19, 0x47, 0x11,
    0x48, 0x11, 0x48, 0x11, 0x85, 0x48, 0x19, 0x02, 0x69, 0x19, 0x68, 0x19, 0x0D, 0x22, 0x84, 0xFF,
    0x5C, 0x84, 0xDF, 0x5C, 0x02, 0x2E, 0x2A, 0x69, 0x19, 0x89, 0x19, 0x8B, 0x69, 0x19, 0x00, 0x2E,
    0x2A, 0x88, 0xBF, 0x5C, 0x03, 0x9F, 0x5C, 0xCC, 0x21, 0x48, 0x19, 0x48, 0x19, 0x85, 0x28, 0x11,
    0x82, 0x27, 0x11, 0x01, 0x48, 0x19, 0x3D, 0x54, 0x88, 0x7F, 0x5C, 0x02, 0xF5, 0x3A, 0x69, 0x19,
    0xAB, 0x21, 0x83, 0x8B, 0x21, 0x01, 0x8B, 0x19, 0x8A, 0x19, 0x86, 0x6A, 0x19, 0x00, 0xFD, 0x53,
    0x82, 0x5F, 0x5C, 0x85, 0x3F, 0x5C, 0x00, 0x0F, 0x2A, 0x82, 0x63, 0x08, 0x01, 0x62, 0x08, 0x42,
    0x08, 0x84, 0x42, 0x00, 0x00, 0x41, 0x00, 0x86, 0x21, 0x00, 0x00, 0x20, 0x00, 0x8C, 0x00, 0x00,
    0x8A, 0x00, 0x00, 0x82, 0x20, 0x00, 0x83, 0x21, 0x00, 0x84, 0x41, 0x00, 0x84, 0x62, 0x00, 0x04,
    0x83, 0x08, 0x83, 0x08, 0xA3, 0x08, 0x83, 0x08, 0xAF, 0x2A, 0x86, 0x5F, 0x55, 0x04, 0x3F, 0x55,
    0x5F, 0x55, 0xDD, 0x54, 0xCB, 0x19, 0xAA, 0x19, 0x82, 0xCA, 0x19, 0x84, 0xCB, 0x19, 0x05, 0xCB,
    0x21, 0xCB, 0x21, 0xEB, 0x21, 0xEB, 0x21, 0xAA, 0x19, 0x13, 0x33, 0x88, 0x1F, 0x5D, 0x01, 0xFF,
    0x5C, 0x0C, 0x22, 0x83, 0x48, 0x11, 0x84, 0x48, 0x19, 0x02, 0x68, 0x19, 0x48, 0x19, 0xEC, 0x21,
    0x83, 0xFF, 0x5C, 0x85, 0xDF, 0x5C, 0x00, 0x2E, 0x2A, 0x8D, 0x69, 0x19, 0x00, 0x2E, 0x2A, 0x86,
    0xBF, 0x5C, 0x82, 0x9F, 0x5C, 0x02, 0xCC, 0x21, 0x48, 0x19, 0x48, 0x19, 0x85, 0x28, 0x11, 0x03,
    0x27, 0x11, 0x28, 0x11, 0x07, 0x11, 0xCC, 0x21, 0x89, 0x7F, 0x5C, 0x02, 0xB3, 0x32, 0x6A, 0x19,
    0xAB, 0x21, 0x83, 0x8B, 0x21, 0x01, 0x8B, 0x19, 0x8A, 0x19, 0x86, 0x6A, 0x19, 0x01, 0xFD, 0x53,
    0x5F, 0x5C, 0x87, 0x3F, 0x5C, 0x00, 0x0F, 0x2A, 0x82, 0x63, 0x08, 0x01, 0x62, 0x08, 0x42, 0x08,
    0x83, 0x42, 0x00, 0x00, 0x41, 0x00, 0x87, 0x21, 0x00, 0x00, 0x20, 0x00, 0x8C, 0x00, 0x00, 0x8A,
    0x00, 0x00, 0x82, 0x20, 0x00, 0x84, 0x21, 0x00, 0x83, 0x41, 0x00, 0x00, 0x42, 0x00, 0x83, 0x62,
    0x00, 0x06, 0x82, 0x08, 0x83, 0x08, 0xA3, 0x08, 0x83, 0x08, 0xAF, 0x2A, 0x5F, 0x55, 0x3F, 0x55,
    0x84, 0x5F, 0x55, 0x04, 0x3F, 0x55, 0x3F, 0x55, 0xDD, 0x54, 0xCB, 0x19, 0xAA, 0x19, 0x82, 0xCA,
    0x19, 0x85, 0xCB, 0x19, 0x04, 0xCB, 0x21, 0xCB, 0x21, 0xEB, 0x21, 0xAA, 0x19, 0xB0, 0x2A, 0x87,
    0x1F, 0x5D, 0x03, 0xFF, 0x5C, 0x1F, 0x5D, 0x55, 0x3B, 0x47, 0x11, 0x84, 0x48, 0x11, 0x82, 0x48,
    0x19, 0x04, 0x68, 0x19, 0x48, 0x19, 0xEC, 0x21, 0xFF, 0x5C, 0xFF, 0x5C, 0x87, 0xDF, 0x5C, 0x00,
    0x2E, 0x2A, 0x8D, 0x69, 0x19, 0x00, 0x2E, 0x2A, 0x85, 0xBF, 0x5C, 0x83, 0x9F, 0x5C, 0x03, 0xCC,
    0x21, 0x48, 0x19, 0x48, 0x19, 0x28, 0x19, 0x82, 0x28, 0x11, 0x05, 0x27, 0x11, 0x27, 0x11, 0x07,
    0x11, 0x28, 0x11, 0x07, 0x11, 0xF5, 0x3A, 0x89, 0x7F, 0x5C, 0x01, 0x50, 0x2A, 0x6A, 0x19, 0x84,
    0x8B, 0x21, 0x01, 0x8A, 0x19, 0x8A, 0x19, 0x86, 0x6A, 0x19, 0x00, 0xFD, 0x53, 0x86, 0x3F, 0x5C,
    0x02, 0x1F, 0x5C, 0x3F, 0x5C, 0x0F, 0x2A, 0x82, 0x63, 0x08, 0x01, 0x42, 0x08, 0x42, 0x08, 0x83,
    0x42, 0x00, 0x00, 0x41, 0x00, 0x87, 0x21, 0x00, 0x00, 0x20, 0x00, 0x8C, 0x00, 0x00, 0x8B, 0x00,
    0x00, 0x01, 0x20, 0x00, 0x20, 0x00, 0x84, 0x21, 0x00, 0x83, 0x41, 0x00, 0x00, 0x42, 0x00, 0x83,
    0x62, 0x00, 0x06, 0x82, 0x08, 0x83, 0x08, 0xA3, 0x08, 0x83, 0x08, 0xAF, 0x2A, 0x5F, 0x55, 0x3F,
    0x55, 0x83, 0x5F, 0x55, 0x82, 0x3F, 0x55, 0x05, 0xDD, 0x54, 0xCB, 0x19, 0xAA, 0x19, 0xCA, 0x19,
    0xAA, 0x19, 0xAA, 0x19, 0x86, 0xCB, 0x19, 0x04, 0xCB, 0x21, 0xEB, 0x21, 0xCB, 0x19, 0x2D, 0x22,
    0xDE, 0x54, 0x87, 0x1F, 0x5D, 0x03, 0xFF, 0x5C, 0xDE, 0x54, 0xCB, 0x19, 0x47, 0x11, 0x85, 0x48,
    0x11, 0x82, 0x48, 0x19, 0x01, 0xEC, 0x21, 0xFF, 0x5C, 0x88, 0xDF, 0x5C, 0x00, 0x2E, 0x2A, 0x8C,
    0x69, 0x19, 0x05, 0x49, 0x19, 0x0E, 0x2A, 0xBF, 0x5C, 0x9F, 0x5C, 0xBF, 0x5C, 0xBF, 0x5C, 0x85,
    0x9F, 0x5C, 0x05, 0xCC, 0x21, 0x28, 0x19, 0x48, 0x19, 0x28, 0x19, 0x28, 0x11, 0x28, 0x11, 0x82,
    0x27, 0x11, 0x03, 0x28, 0x11, 0x07, 0x11, 0x8B, 0x19, 0x5E, 0x5C, 0x88, 0x7F, 0x5C, 0x01, 0x3E,
    0x5C, 0xCD, 0x21, 0x85, 0x8B, 0x21, 0x00, 0x8A, 0x19, 0x85, 0x6A, 0x19, 0x02, 0x4A, 0x19, 0x6A,
    0x19, 0xFD, 0x53, 0x86, 0x3F, 0x5C, 0x07, 0x1F, 0x5C, 0x3F, 0x5C, 0x0F, 0x2A, 0x63, 0x08, 0x63,
    0x08, 0x62, 0x08, 0x42, 0x08, 0x42, 0x08, 0x83, 0x42, 0x00, 0x00, 0x41, 0x00, 0x87, 0x21, 0x00,
    0x8D, 0x00, 0x00, 0x8B, 0x00, 0x00, 0x01, 0x20, 0x00, 0x20, 0x00, 0x84, 0x21, 0x00, 0x83, 0x41,
    0x00, 0x00, 0x42, 0x00, 0x83, 0x62, 0x00, 0x00, 0x82, 0x08, 0x82, 0x83, 0x08, 0x04, 0xAF, 0x2A,
    0x5F, 0x55, 0x3F, 0x55, 0x5F, 0x55, 0x5F, 0x55, 0x84, 0x3F, 0x55, 0x01, 0xDD, 0x54, 0xCA, 0x19,
    0x84, 0xAA, 0x19, 0x86, 0xCB, 0x19, 0x05, 0xCB, 0x21, 0xCB, 0x21, 0xCB, 0x19, 0x3A, 0x4C, 0x1F,
    0x5D, 0x1F, 0x55, 0x83, 0x1F, 0x5D, 0x83, 0xFF, 0x5C, 0x04, 0x3A, 0x4C, 0x69, 0x19, 0x27, 0x11,
    0x48, 0x19, 0x48, 0x19, 0x83, 0x48, 0x11, 0x02, 0x48, 0x19, 0x48, 0x11, 0xEC, 0x21, 0x89, 0xDF,
    0x5C, 0x02, 0x2E, 0x2A, 0x49, 0x19, 0x69, 0x19, 0x88, 0x49, 0x19, 0x04, 0x48, 0x19, 0x69, 0x19,
    0x48, 0x19, 0x0E, 0x2A, 0xBF, 0x5C, 0x88, 0x9F, 0x5C, 0x02, 0xCC, 0x21, 0x28, 0x19, 0x48, 0x19,
    0x82, 0x28, 0x11, 0x05, 0x27, 0x11, 0x28, 0x19, 0x28, 0x11, 0x07, 0x11, 0x48, 0x19, 0xBA, 0x4B,
    0x87, 0x7F, 0x5C, 0x03, 0x5F, 0x5C, 0x7F, 0x5C, 0xBA, 0x4B, 0x6A, 0x19, 0x84, 0x8B, 0x21, 0x00,
    0x6B, 0x21, 0x86, 0x6A, 0x19, 0x02, 0x4A, 0x19, 0x6A, 0x19, 0xFD, 0x53, 0x86, 0x3F, 0x5C, 0x07,
    0x1F, 0x5C, 0x3F, 0x5C, 0x0F, 0x2A, 0x63, 0x08, 0x63, 0x08, 0x62, 0x08, 0x42, 0x08, 0x42, 0x08,
    0x83, 0x42, 0x00, 0x00, 0x41, 0x00, 0x87, 0x21, 0x00, 0x8D, 0x00, 0x00, 0x8B, 0x00, 0x00, 0x01,
    0x20, 0x00, 0x20, 0x00, 0x84, 0x21, 0x00, 0x83, 0x41, 0x00, 0x00, 0x42, 0x00, 0x83, 0x62, 0x00,
    0x00, 0x62, 0x08, 0x82, 0x83, 0x08, 0x01, 0x8F, 0x2A, 0x5F, 0x55, 0x87, 0x3F, 0x55, 0x01, 0xDD,
    0x54, 0xCA, 0x19, 0x85, 0xAA, 0x19, 0x86, 0xCB, 0x19, 0x04, 0xEB, 0x21, 0xAA, 0x19, 0x34, 0x3B,
    0x1F, 0x5D, 0xFF, 0x54, 0x82, 0x1F, 0x5D, 0x85, 0xFF, 0x5C, 0x01, 0x3A, 0x4C, 0xCB, 0x21, 0x85,
    0x48, 0x11, 0x02, 0x48, 0x19, 0x48, 0x11, 0xEC, 0x21, 0x87, 0xDF, 0x5C, 0x04, 0xBF, 0x5C, 0xDF,
    0x5C, 0x2E, 0x2A, 0x48, 0x19, 0x69, 0x19, 0x89, 0x48, 0x19, 0x03, 0x49, 0x19, 0x48, 0x19, 0x0E,
    0x2A, 0xBF, 0x5C, 0x88, 0x9F, 0x5C, 0x04, 0xCC, 0x21, 0x28, 0x11, 0x28, 0x19, 0x28, 0x11, 0x28,
    0x11, 0x83, 0x27, 0x11, 0x01, 0xAB, 0x21, 0xBA, 0x4B, 0x88, 0x7F, 0x5C, 0x03, 0x5F, 0x5C, 0x5F,
    0x5C, 0xD4, 0x3A, 0x6A, 0x19, 0x83, 0x8B, 0x21, 0x01, 0x6B, 0x21, 0x6B, 0x21, 0x86, 0x6A, 0x19,
    0x02, 0x4A, 0x19, 0x6A, 0x19, 0xFD, 0x53, 0x86, 0x3F, 0x5C, 0x07, 0x1F, 0x5C, 0x3F, 0x5C, 0x0F,
    0x2A, 0x63, 0x08, 0x63, 0x08, 0x62, 0x08, 0x42, 0x08, 0x42, 0x08, 0x83, 0x42, 0x00, 0x00, 0x41,
    0x00, 0x87, 0x21, 0x00, 0x8D, 0x00, 0x00, 0x8B, 0x00, 0x00, 0x01, 0x20, 0x00, 0x20, 0x00, 0x84,
    0x21, 0x00, 0x83, 0x41, 0x00, 0x00, 0x42, 0x00, 0x83, 0x62, 0x00, 0x00, 0x62, 0x08, 0x82, 0x83,
    0x08, 0x01, 0x8F, 0x2A, 0x5F, 0x55, 0x86, 0x3F, 0x55, 0x02, 0x3F, 0x5D, 0xDD, 0x54, 0xCA, 0x19,
    0x85, 0xAA, 0x19, 0x88, 0xCB, 0x19, 0x03, 0x2D, 0x22, 0xDE, 0x54, 0x1F, 0x5D, 0x1F, 0x5D, 0x88,
    0xFF, 0x5C, 0x03, 0xDE, 0x54, 0x55, 0x3B, 0x0D, 0x22, 0x69, 0x19, 0x82, 0x48, 0x11, 0x02, 0x48,
    0x19, 0x48, 0x19, 0xEC, 0x21, 0x87, 0xDF, 0x5C, 0x02, 0xBF, 0x5C, 0xDF, 0x5C, 0x0D, 0x2A, 0x8D,
    0x48, 0x19, 0x00, 0x0D, 0x22, 0x89, 0x9F, 0x5C, 0x02, 0xCC, 0x21, 0x28, 0x11, 0x28, 0x11, 0x82,
    0x27, 0x11, 0x03, 0x49, 0x19, 0xCD, 0x21, 0xF5, 0x3A, 0x5E, 0x5C, 0x87, 0x7F, 0x5C, 0x82, 0x5F,
    0x5C, 0x02, 0x3E, 0x5C, 0xCD, 0x21, 0x6A, 0x21, 0x83, 0x8B, 0x21, 0x01, 0x6B, 0x21, 0x6A, 0x21,
    0x86, 0x6A, 0x19, 0x02, 0x4A, 0x19, 0x6A, 0x19, 0xFD, 0x53, 0x86, 0x3F, 0x5C, 0x07, 0x1F, 0x5C,
    0x1F, 0x5C, 0x0F, 0x2A, 0x63, 0x08, 0x63, 0x08, 0x62, 0x08, 0x42, 0x08, 0x42, 0x08, 0x83, 0x42,
    0x00, 0x00, 0x41, 0x00, 0x87, 0x21, 0x00, 0x8D, 0x00, 0x00, 0x8B, 0x00, 0x00, 0x01, 0x20, 0x00,
    0x20, 0x00, 0x84, 0x21, 0x00, 0x83, 0x41, 0x00, 0x00, 0x42, 0x00, 0x83, 0x62, 0x00, 0x00, 0x62,
    0x08, 0x82, 0x83, 0x08, 0x00, 0x8F, 0x2A, 0x85, 0x3F, 0x55, 0x82, 0x3F, 0x5D, 0x01, 0xDD, 0x54,
    0xCA, 0x19, 0x85, 0xAA, 0x19, 0x87, 0xCB, 0x19, 0x02, 0xCB, 0x21, 0x8A, 0x19, 0xB7, 0x43, 0x8D,
    0xFF, 0x5C, 0x02, 0x9D, 0x54, 0x5C, 0x4C, 0x5C, 0x4C, 0x82, 0x5C, 0x54, 0x00, 0x7C, 0x54, 0x88,
    0xDF, 0x5C, 0x01, 0xBF, 0x5C, 0x5D, 0x54, 0x8B, 0x3C, 0x54, 0x02, 0x1C, 0x54, 0x1C, 0x54, 0x3D,
    0x54, 0x89, 0x9F, 0x5C, 0x01, 0x1C, 0x54, 0x1C, 0x54, 0x83, 0xFC, 0x53, 0x00, 0x3D, 0x54, 0x89,
    0x7F, 0x5C, 0x83, 0x5F, 0x5C, 0x01, 0x37, 0x43, 0x4A, 0x19, 0x84, 0x8B, 0x21, 0x01, 0x6A, 0x21,
    0x6A, 0x21, 0x86, 0x6A, 0x19, 0x02, 0x4A, 0x19, 0x6A, 0x21, 0xFD, 0x53, 0x85, 0x3F, 0x5C, 0x82,
    0x1F, 0x5C, 0x05, 0x0F, 0x2A, 0x63, 0x08, 0x63, 0x08, 0x62, 0x08, 0x42, 0x08, 0x42, 0x08, 0x83,
    0x42, 0x00, 0x00, 0x41, 0x00, 0x87, 0x21, 0x00, 0x8D, 0x00, 0x00, 0x8B, 0x00, 0x00, 0x82, 0x20,
    0x00, 0x83, 0x21, 0x00, 0x83, 0x41, 0x00, 0x00, 0x42, 0x00, 0x83, 0x62, 0x00, 0x00, 0x62, 0x08,
    0x82, 0x83, 0x08, 0x00, 0x8F, 0x2A, 0x83, 0x3F, 0x55, 0x84, 0x3F, 0x5D, 0x01, 0xDD, 0x54, 0xCA,
    0x19, 0x85, 0xAA, 0x19, 0x02, 0xCA, 0x19, 0xCB, 0x19, 0xAB, 0x19, 0x83, 0xCB, 0x19, 0x04, 0xCB,
    0x21, 0xCB, 0x21, 0xCB, 0x19, 0x0D, 0x22, 0xDE, 0x54, 0x8A, 0xFF, 0x5C, 0x8F, 0xDF, 0x5C, 0x8E,
    0xBF, 0x5C, 0x8D, 0x9F, 0x5C, 0x87, 0x7F, 0x5C, 0x00, 0x5F, 0x5C, 0x85, 0x7F, 0x5C, 0x84, 0x5F,
    0x5C, 0x02, 0x3E, 0x5C, 0xCD, 0x21, 0x6A, 0x19, 0x83, 0x8B, 0x21, 0x02, 0x6B, 0x21, 0x6A, 0x21,
    0x6A, 0x21, 0x86, 0x6A, 0x19, 0x02, 0x4A, 0x19, 0x6A, 0x21, 0xFD, 0x53, 0x83, 0x3F, 0x5C, 0x84,
    0x1F, 0x5C, 0x05, 0x0F, 0x2A, 0x63, 0x08, 0x63, 0x08, 0x62, 0x08, 0x42, 0x08, 0x42, 0x08, 0x83,
    0x42, 0x00, 0x87, 0x21, 0x00, 0x8E, 0x00, 0x00, 0x8B, 0x00, 0x00, 0x82, 0x20, 0x00, 0x83, 0x21,
    0x00, 0x83, 0x41, 0x00, 0x00, 0x42, 0x00, 0x83, 0x62, 0x00, 0x04, 0x62, 0x08, 0x62, 0x08, 0x83,
    0x08, 0x83, 0x08, 0x8F, 0x2A, 0x82, 0x3F, 0x55, 0x83, 0x3F, 0x5D, 0x03, 0x1F, 0x5D, 0x3F, 0x5D,
    0xDD, 0x54, 0xCA, 0x19, 0x85, 0xAA, 0x19, 0x03, 0xCA, 0x19, 0xAA, 0x19, 0xAB, 0x19, 0xAB, 0x19,
    0x82, 0xCB, 0x19, 0x82, 0xCB, 0x21, 0x01, 0x8A, 0x19, 0x13, 0x33, 0x8A, 0xFF, 0x5C, 0x8D, 0xDF,
    0x5C, 0x8A, 0xBF, 0x5C, 0x92, 0x9F, 0x5C, 0x8D, 0x7F, 0x5C, 0x86, 0x5F, 0x5C, 0x01, 0xB3, 0x3A,
    0x4A, 0x19, 0x83, 0x8B, 0x21, 0x02, 0x6B, 0x21, 0x6A, 0x21, 0x6A, 0x21, 0x86, 0x6A, 0x19, 0x03,
    0x4A, 0x19, 0x4A, 0x19, 0x6A, 0x21, 0xDD, 0x53, 0x82, 0x3F, 0x5C, 0x85, 0x1F, 0x5C, 0x05, 0x0F,
    0x2A, 0x63, 0x08, 0x63, 0x08, 0x62, 0x08, 0x42, 0x08, 0x42, 0x08, 0x83, 0x42, 0x00, 0x87, 0x21,
    0x00, 0x8E, 0x00, 0x00, 0x8B, 0x00, 0x00, 0x82, 0x20, 0x00, 0x83, 0x21, 0x00, 0x83, 0x41, 0x00,
    0x01, 0x42, 0x00, 0x42, 0x00, 0x82, 0x62, 0x00, 0x06, 0x62, 0x08, 0x62, 0x08, 0x83, 0x08, 0x83,
    0x08, 0x8F, 0x2A, 0x3F, 0x55, 0x3F, 0x55, 0x84, 0x3F, 0x5D, 0x02, 0x1F, 0x5D, 0x3F, 0x5D, 0xDD,
    0x54, 0x88, 0xAA, 0x19, 0x82, 0xAB, 0x19, 0x82, 0xCB, 0x19, 0x82, 0xCB, 0x21, 0x03, 0xAA, 0x19,
    0xD8, 0x43, 0xFF, 0x5C, 0xDF, 0x5C, 0x85, 0xFF, 0x5C, 0x8E, 0xDF, 0x5C, 0x8D, 0xBF, 0x5C, 0x8E,
    0x9F, 0x5C, 0x8E, 0x7F, 0x5C, 0x86, 0x5F, 0x5C, 0x01, 0x58, 0x4B, 0x6A, 0x19, 0x83, 0x8B, 0x21,
    0x02, 0x6B, 0x21, 0x6B, 0x21, 0x6A, 0x21, 0x86, 0x6A, 0x19, 0x82, 0x4A, 0x19, 0x02, 0x6A, 0x21,
    0xDD, 0x53, 0x3F, 0x5C, 0x87, 0x1F, 0x5C, 0x05, 0xEF, 0x29, 0x63, 0x08, 0x63, 0x08, 0x62, 0x08,
    0x42, 0x08, 0x42, 0x08, 0x83, 0x42, 0x00, 0x87, 0x21, 0x00, 0x8E, 0x00, 0x00, 0x8B, 0x00, 0x00,
    0x82, 0x20, 0x00, 0x83, 0x21, 0x00, 0x83, 0x41, 0x00, 0x01, 0x42, 0x00, 0x42, 0x00, 0x82, 0x62,
    0x00, 0x06, 0x62, 0x08, 0x62, 0x08, 0x83, 0x08, 0x83, 0x08, 0x8F, 0x2A, 0x3F, 0x5D, 0x1F, 0x55,
    0x84, 0x3F, 0x5D, 0x04, 0x1F, 0x5D, 0x1F, 0x5D, 0xDD, 0x54, 0xAA, 0x19, 0x8A, 0x19, 0x86, 0xAA,
    0x19, 0x82, 0xAB, 0x19, 0x82, 0xCB, 0x19, 0x84, 0xCB, 0x21, 0x02, 0x3A, 0x4C, 0xFF, 0x5C, 0xDF,
    0x5C, 0x83, 0xFF, 0x5C, 0x8D, 0xDF, 0x5C, 0x8E, 0xBF, 0x5C, 0x8D, 0x9F, 0x5C, 0x8E, 0x7F, 0x5C,
    0x87, 0x5F, 0x5C, 0x00, 0x9A, 0x4B, 0x84, 0x8B, 0x21, 0x82, 0x6B, 0x21, 0x83, 0x6A, 0x19, 0x02,
    0x6A, 0x21, 0x6A, 0x19, 0x6A, 0x19, 0x83, 0x4A, 0x19, 0x01, 0x6A, 0x19, 0xDD, 0x53, 0x86, 0x1F,
    0x5C, 0x06, 0xFF, 0x5B, 0x1F, 0x5C, 0xEF, 0x29, 0x63, 0x08, 0x63, 0x08, 0x62, 0x08, 0x42, 0x08,
    0x84, 0x42, 0x00, 0x87, 0x21, 0x00, 0x8E, 0x00, 0x00, 0x8B, 0x00, 0x00, 0x82, 0x20, 0x00, 0x83,
    0x21, 0x00, 0x83, 0x41, 0x00, 0x01, 0x42, 0x00, 0x42, 0x00, 0x83, 0x62, 0x00, 0x05, 0x62, 0x08,
    0x83, 0x08, 0x83, 0x08, 0x8F, 0x2A, 0x3F, 0x5D, 0x1F, 0x55, 0x83, 0x3F, 0x5D, 0x82, 0x1F, 0x5D,
    0x02, 0xBD, 0x54, 0xAA, 0x19, 0x8A, 0x19, 0x87, 0xAA, 0x19, 0x04, 0xAB, 0x19, 0xAB, 0x19, 0xCB,
    0x19, 0xCB, 0x19, 0xAB, 0x19, 0x83, 0xCB, 0x21, 0x05, 0xAB, 0x19, 0xEC, 0x21, 0x1A, 0x4C, 0xFF,
    0x5C, 0xDF, 0x5C, 0xFF, 0x5C, 0x8E, 0xDF, 0x5C, 0x8D, 0xBF, 0x5C, 0x8E, 0x9F, 0x5C, 0x8E, 0x7F,
    0x5C, 0x87, 0x5F, 0x5C, 0x02, 0x9A, 0x4B, 0xAC, 0x21, 0x6A, 0x21, 0x82, 0x8B, 0x21, 0x82, 0x6B,
    0x21, 0x82, 0x6A, 0x19, 0x82, 0x6A, 0x21, 0x00, 0x6A, 0x19, 0x83, 0x4A, 0x19, 0x02, 0x49, 0x19,
    0x6A, 0x19, 0xDD, 0x53, 0x86, 0x1F, 0x5C, 0x06, 0xFF, 0x5B, 0x1F, 0x5C, 0xEF, 0x29, 0x63, 0x08,
    0x63, 0x08, 0x42, 0x08, 0x42, 0x08, 0x84, 0x42, 0x00, 0x87, 0x21, 0x00, 0x8E, 0x00, 0x00, 0x8B,
    0x00, 0x00, 0x82, 0x20, 0x00, 0x84, 0x21, 0x00, 0x83, 0x41, 0x00, 0x00, 0x42, 0x00, 0x83, 0x62,
    0x00, 0x07, 0x62, 0x08, 0x83, 0x08, 0x83, 0x08, 0x8F, 0x2A, 0x3F, 0x5D, 0x1F, 0x55, 0x3F, 0x5D,
    0x3F, 0x5D, 0x84, 0x1F, 0x5D, 0x02, 0xBD, 0x54, 0xAA, 0x19, 0x8A, 0x19, 0x87, 0xAA, 0x19, 0x84,
    0xAB, 0x19, 0x01, 0xCB, 0x19, 0xAB, 0x19, 0x82, 0xCB, 0x21, 0x02, 0xAB, 0x19, 0xCB, 0x21, 0xD8,
    0x43, 0x8E, 0xDF, 0x5C, 0x8E, 0xBF, 0x5C, 0x8D, 0x9F, 0x5C, 0x8E, 0x7F, 0x5C, 0x88, 0x5F, 0x5C,
    0x02, 0x58, 0x43, 0x8B, 0x21, 0x6B, 0x21, 0x82, 0x8B, 0x21, 0x82, 0x6B, 0x21, 0x01, 0x6A, 0x19,
    0x6A, 0x19, 0x83, 0x6A, 0x21, 0x00, 0x6A, 0x19, 0x84, 0x4A, 0x19, 0x02, 0x49, 0x19, 0x6A, 0x19,
    0xDD, 0x53, 0x86, 0x1F, 0x5C, 0x06, 0xFF, 0x5B, 0x1F, 0x5C, 0xEF, 0x29, 0x63, 0x08, 0x63, 0x08,
    0x42, 0x08, 0x42, 0x08, 0x83, 0x42, 0x00, 0x88, 0x21, 0x00, 0x8E, 0x00, 0x00, 0x8C, 0x00, 0x00,
    0x01, 0x20, 0x00, 0x20, 0x00, 0x84, 0x21, 0x00, 0x83, 0x41, 0x00, 0x00, 0x42, 0x00, 0x83, 0x62,
    0x00, 0x05, 0x62, 0x08, 0x83, 0x08, 0x83, 0x08, 0x8F, 0x2A, 0x3F, 0x5D, 0x1F, 0x55, 0x86, 0x1F,
    0x5D, 0x02, 0xBD, 0x54, 0xAA, 0x19, 0x8A, 0x19, 0x89, 0xAA, 0x19, 0x85, 0xAB, 0x19, 0x00, 0xAB,
    0x21, 0x82, 0xCB, 0x21, 0x02, 0xAA, 0x19, 0xF3, 0x32, 0x9E, 0x54, 0x8A, 0xDF, 0x5C, 0x8E, 0xBF,
    0x5C, 0x8E, 0x9F, 0x5C, 0x8D, 0x7F, 0x5C, 0x88, 0x5F, 0x5C, 0x02, 0x1E, 0x5C, 0x93, 0x3A, 0x6A,
    0x19, 0x82, 0x8B, 0x21, 0x83, 0x6B, 0x21, 0x01, 0x6A, 0x19, 0x6A, 0x19, 0x84, 0x6A, 0x21, 0x85,
    0x4A, 0x19, 0x02, 0x49, 0x19, 0x4A, 0x19, 0xDD, 0x53, 0x86, 0x1F, 0x5C, 0x06, 0xFF, 0x5B, 0x1F,
    0x5C, 0xEF, 0x29, 0x63, 0x08, 0x63, 0x08, 0x42, 0x08, 0x42, 0x08, 0x83, 0x42, 0x00, 0x88, 0x21,
    0x00, 0x8E, 0x00, 0x00, 0x8C, 0x00, 0x00, 0x82, 0x20, 0x00, 0x83, 0x21, 0x00, 0x83, 0x41, 0x00,
    0x01, 0x42, 0x00, 0x42, 0x00, 0x82, 0x62, 0x00, 0x05, 0x62, 0x08, 0x83, 0x08, 0x63, 0x08, 0x8F,
    0x2A, 0x3F, 0x5D, 0x1F, 0x55, 0x86, 0x1F, 0x5D, 0x02, 0xBD, 0x54, 0xAA, 0x19, 0x8A, 0x19, 0x8A,
    0xAA, 0x19, 0x86, 0xAB, 0x19, 0x82, 0xCB, 0x21, 0x03, 0x8A, 0x19, 0x0D, 0x22, 0x76, 0x43, 0x9E,
    0x54, 0x83, 0xDF, 0x5C, 0x8A, 0xBF, 0x5C, 0x8E, 0x9F, 0x5C, 0x8D, 0x7F, 0x5C, 0x8F, 0x5F, 0x5C,
    0x03, 0x1E, 0x5C, 0x16, 0x43, 0xCD, 0x21, 0x4A, 0x19, 0x83, 0x8B, 0x21, 0x82, 0x6B, 0x21, 0x00,
    0x6A, 0x19, 0x86, 0x6A, 0x21, 0x85, 0x4A, 0x19, 0x02, 0x49, 0x19, 0x4A, 0x19, 0xDD, 0x53, 0x86,
    0x1F, 0x5C, 0x06, 0xFF, 0x5B, 0xFF, 0x5B, 0xEF, 0x29, 0x63, 0x08, 0x63, 0x08, 0x42, 0x08, 0x42,
    0x08, 0x83, 0x42, 0x00, 0x87, 0x21, 0x00, 0x8F, 0x00, 0x00, 0x8C, 0x00, 0x00, 0x82, 0x20, 0x00,
    0x83, 0x21, 0x00, 0x83, 0x41, 0x00, 0x01, 0x42, 0x00, 0x42, 0x00, 0x82, 0x62, 0x00, 0x05, 0x62,
    0x08, 0x83, 0x08, 0x63, 0x08, 0x8F, 0x2A, 0x1F, 0x5D, 0x1F, 0x55, 0x86, 0x1F, 0x5D, 0x03, 0xBD,
    0x54, 0xAA, 0x19, 0x89, 0x19, 0x8A, 0x19, 0x8A, 0xAA, 0x19, 0x85, 0xAB, 0x19, 0x00, 0xAB, 0x21,
    0x82, 0xCB, 0x21, 0x05, 0xAB, 0x19, 0x8A, 0x19, 0x0D, 0x22, 0x14, 0x3B, 0xFA, 0x4B, 0x9E, 0x54,
    0x82, 0xDF, 0x5C, 0x8E, 0xBF, 0x5C, 0x8D, 0x9F, 0x5C, 0x8E, 0x7F, 0x5C, 0x86, 0x5F, 0x5C, 0x05,
    0x1E, 0x5C, 0x9A, 0x4B, 0xB4, 0x3A, 0xCD, 0x21, 0x4A, 0x19, 0x6A, 0x21, 0x83, 0x8B, 0x21, 0x82,
    0x6B, 0x21, 0x00, 0x6A, 0x19, 0x86, 0x6A, 0x21, 0x86, 0x4A, 0x19, 0x02, 0x49, 0x19, 0x4A, 0x19,
    0xDD, 0x53, 0x85, 0x1F, 0x5C, 0x82, 0xFF, 0x5B, 0x03, 0xEF, 0x29, 0x63, 0x08, 0x63, 0x08, 0x42,
    0x08, 0x84, 0x42, 0x00, 0x87, 0x21, 0x00, 0x8F, 0x00, 0x00, 0x8C, 0x00, 0x00, 0x82, 0x20, 0x00,
    0x83, 0x21, 0x00, 0x83, 0x41, 0x00, 0x01, 0x42, 0x00, 0x42, 0x00, 0x83, 0x62, 0x00, 0x04, 0x83,
    0x08, 0x62, 0x08, 0x6F, 0x2A, 0x1F, 0x5D, 0x1F, 0x55, 0x86, 0x1F, 0x5D, 0x04, 0xBD, 0x54, 0xAA,
    0x19, 0x89, 0x19, 0x8A, 0x19, 0x8A, 0x19, 0x8A, 0xAA, 0x19, 0x82, 0xAB, 0x19, 0x84, 0xAB, 0x21,
    0x82, 0xCB, 0x21, 0x09, 0xAB, 0x19, 0x8A, 0x19, 0xAB, 0x19, 0x0D, 0x22, 0x70, 0x2A, 0xF3, 0x32,
    0x35, 0x3B, 0x35, 0x3B, 0x55, 0x3B, 0x35, 0x3B, 0x82, 0x56, 0x3B, 0x91, 0x36, 0x3B, 0x83, 0x36,
    0x43, 0x89, 0x16, 0x43, 0x83, 0x16, 0x3B, 0x0C, 0x15, 0x3B, 0x15, 0x3B, 0x15, 0x43, 0x15, 0x43,
    0xF5, 0x42, 0xF5, 0x42, 0xD5, 0x3A, 0xB3, 0x3A, 0x30, 0x32, 0xCD, 0x21, 0x6A, 0x19, 0x6A, 0x19,
    0x6A, 0x21, 0x84, 0x8B, 0x21, 0x83, 0x6B, 0x21, 0x87, 0x6A, 0x21, 0x86, 0x4A, 0x19, 0x02, 0x49,
    0x19, 0x4A, 0x19, 0xDD, 0x53, 0x83, 0x1F, 0x5C, 0x84, 0xFF, 0x5B, 0x03, 0xEF, 0x29, 0x42, 0x08,
    0x63, 0x08, 0x42, 0x08, 0x84, 0x42, 0x00, 0x87, 0x21, 0x00, 0x8F, 0x00, 0x00, 0x8C, 0x00, 0x00,
    0x82, 0x20, 0x00, 0x84, 0x21, 0x00, 0x83, 0x41, 0x00, 0x00, 0x42, 0x00, 0x83, 0x62, 0x00, 0x04,
    0x83, 0x08, 0x62, 0x08, 0x6E, 0x2A, 0x1F, 0x5D, 0x1F, 0x55, 0x84, 0x1F, 0x5D, 0x04, 0xFF, 0x5C,
    0x1F, 0x5D, 0xBE, 0x54, 0xCB, 0x21, 0x89, 0x19, 0x82, 0x8A, 0x19, 0x89, 0xAA, 0x19, 0x82, 0xAB,
    0x19, 0x87, 0xAB, 0x21, 0x82, 0xCB, 0x21, 0x00, 0xAB, 0x21, 0xA5, 0x8A, 0x19, 0x8F, 0x6A, 0x19,
    0x88, 0x8B, 0x21, 0x82, 0x6B, 0x21, 0x86, 0x6A, 0x21, 0x00, 0x4A, 0x21, 0x87, 0x4A, 0x19, 0x02,
    0x29, 0x19, 0x6B, 0x21, 0xDE, 0x5B, 0x82, 0x1F, 0x5C, 0x85, 0xFF, 0x5B, 0x03, 0xCE, 0x29, 0x42,
    0x08, 0x63, 0x08, 0x42, 0x08, 0x83, 0x42, 0x00, 0x88, 0x21, 0x00, 0x8F, 0x00, 0x00, 0x8C, 0x00,
    0x00, 0x82, 0x20, 0x00, 0x84, 0x21, 0x00, 0x83, 0x41, 0x00, 0x00, 0x42, 0x00, 0x83, 0x62, 0x00,
    0x04, 0x83, 0x08, 0x62, 0x08, 0x0D, 0x22, 0x1F, 0x5D, 0x1F, 0x55, 0x86, 0x1F, 0x5D, 0x02, 0xFF,
    0x5C, 0x2D, 0x22, 0x69, 0x19, 0x85, 0x8A, 0x19, 0x87, 0xAA, 0x19, 0x82, 0xAB, 0x19, 0x8A, 0xAB,
    0x21, 0x00, 0xCB, 0x21, 0xA4, 0xCC, 0x21, 0x8C, 0xAC, 0x21, 0x8A, 0x8B, 0x21, 0x82, 0x6B, 0x21,
    0x85, 0x6A, 0x21, 0x01, 0x4A, 0x21, 0x4A, 0x21, 0x88, 0x4A, 0x19, 0x03, 0x28, 0x19, 0xAD, 0x29,
    0xFF, 0x5B, 0x1F, 0x5C, 0x87, 0xFF, 0x5B, 0x03, 0x8D, 0x21, 0x42, 0x08, 0x63, 0x08, 0x42, 0x08,
    0x83, 0x42, 0x00, 0x88, 0x21, 0x00, 0x8F, 0x00, 0x00, 0x8C, 0x00, 0x00, 0x82, 0x20, 0x00, 0x84,
    0x21, 0x00, 0x83, 0x41, 0x00, 0x01, 0x42, 0x00, 0x42, 0x00, 0x82, 0x62, 0x00, 0x02, 0x63, 0x08,
    0x62, 0x08, 0x89, 0x19, 0x86, 0x1F, 0x5D, 0x82, 0xFF, 0x5C, 0x02, 0xD2, 0x32, 0x48, 0x11, 0xAA,
    0x19, 0x85, 0x8A, 0x19, 0x87, 0xAA, 0x19, 0x83, 0xAB, 0x19, 0x93, 0xAB, 0x21, 0x00, 0xCB, 0x21,
    0x82, 0xCC, 0x21, 0x93, 0xAC, 0x21, 0x8B, 0xAB, 0x21, 0x8C, 0x8B, 0x21, 0x82, 0x6B, 0x21, 0x86,
    0x6A, 0x21, 0x01, 0x4A, 0x21, 0x4A, 0x21, 0x87, 0x4A, 0x19, 0x03, 0x49, 0x19, 0x4A, 0x19, 0x08,
    0x19, 0x52, 0x32, 0x89, 0xFF, 0x5B, 0x02, 0x29, 0x19, 0x42, 0x08, 0x43, 0x08, 0x84, 0x42, 0x00,
    0x88, 0x21, 0x00, 0x8F, 0x00, 0x00, 0x8D, 0x00, 0x00, 0x82, 0x20, 0x00, 0x83, 0x21, 0x00, 0x84,
    0x41, 0x00, 0x00, 0x42, 0x00, 0x82, 0x62, 0x00, 0x05, 0x62, 0x08, 0x62, 0x08, 0xE5, 0x10, 0xDE,
    0x54, 0x1F, 0x5D, 0xFF, 0x5C, 0x82, 0x1F, 0x5D, 0x83, 0xFF, 0x5C, 0x01, 0x1A, 0x4C, 0x69, 0x19,
    0x8A, 0x8A, 0x19, 0x85, 0xAA, 0x19, 0x82, 0xAB, 0x19, 0x9B, 0xAB, 0x21, 0x86, 0xAC, 0x21, 0x90,
    0xAB, 0x21, 0x8E, 0x8B, 0x21, 0x82, 0x6B, 0x21, 0x86, 0x6A, 0x21, 0x01, 0x4A, 0x21, 0x4A, 0x21,
    0x88, 0x4A, 0x19, 0x03, 0x49, 0x19, 0x4A, 0x19, 0x28, 0x19, 0x5A, 0x4B, 0x88, 0xFF, 0x5B, 0x03,
    0xDE, 0x5B, 0xA5, 0x10, 0x42, 0x08, 0x42, 0x08, 0x83, 0x42, 0x00, 0x88, 0x21, 0x00, 0x90, 0x00,
    0x00, 0x8D, 0x00, 0x00, 0x82, 0x20, 0x00, 0x84, 0x21, 0x00, 0x83, 0x41, 0x00, 0x82, 0x42, 0x00,
    0x07, 0x62, 0x00, 0x62, 0x00, 0x62, 0x08, 0x83, 0x08, 0x1A, 0x4C, 0x1F, 0x5D, 0xFF, 0x5C, 0x1F,
    0x5D, 0x86, 0xFF, 0x5C, 0x01, 0x4F, 0x2A, 0x48, 0x19, 0x8A, 0x8A, 0x19, 0x85, 0xAA, 0x19, 0x83,
    0xAB, 0x19, 0xAE, 0xAB, 0x21, 0x8F, 0x8B, 0x21, 0x82, 0x6B, 0x21, 0x86, 0x6A, 0x21, 0x82, 0x4A,
    0x21, 0x88, 0x4A, 0x19, 0x03, 0x49, 0x19, 0x4A, 0x19, 0x08, 0x19, 0xEF, 0x29, 0x89, 0xFF, 0x5B,
    0x01, 0x3A, 0x4B, 0x63, 0x08, 0x82, 0x42, 0x08, 0x82, 0x42, 0x00, 0x88, 0x21, 0x00, 0x90, 0x00,
    0x00, 0x8D, 0x00, 0x00, 0x82, 0x20, 0x00, 0x84, 0x21, 0x00, 0x83, 0x41, 0x00, 0x82, 0x42, 0x00,
    0x05, 0x62, 0x00, 0x62, 0x00, 0x63, 0x08, 0x62, 0x08, 0xF2, 0x32, 0x1F, 0x5D, 0x88, 0xFF, 0x5C,
    0x02, 0x5B, 0x4C, 0x89, 0x19, 0x89, 0x19, 0x8E, 0x8A, 0x19, 0x83, 0xAA, 0x19, 0x82, 0xAB, 0x19,
    0xA4, 0xAB, 0x21, 0x94, 0x8B, 0x21, 0x83, 0x6B, 0x21, 0x86, 0x6A, 0x21, 0x82, 0x4A, 0x21, 0x89,
    0x4A, 0x19, 0x04, 0x49, 0x19, 0x4A, 0x19, 0x29, 0x19, 0x29, 0x19, 0x7B, 0x53, 0x87, 0xFF, 0x5B,
    0x05, 0xDF, 0x5B, 0xFF, 0x5B, 0x52, 0x3A, 0x42, 0x08, 0x63, 0x08, 0x42, 0x08, 0x83, 0x42, 0x00,
    0x88, 0x21, 0x00, 0x90, 0x00, 0x00, 0x8E, 0x00, 0x00, 0x82, 0x20, 0x00, 0x83, 0x21, 0x00, 0x84,
    0x41, 0x00, 0x06, 0x42, 0x00, 0x42, 0x00, 0x62, 0x00, 0x62, 0x00, 0x63, 0x08, 0x62, 0x08, 0x89,
    0x19, 0x8A, 0xFF, 0x5C, 0x02, 0xB8, 0x43, 0x68, 0x19, 0x69, 0x19, 0x8F, 0x8A, 0x19, 0x83, 0xAA,
    0x19, 0x03, 0xAB, 0x19, 0xAB, 0x21, 0x8B, 0x21, 0x8B, 0x21, 0x9E, 0xAB, 0x21, 0x94, 0x8B, 0x21,
    0x83, 0x6B, 0x21, 0x87, 0x6A, 0x21, 0x83, 0x4A, 0x21, 0x89, 0x4A, 0x19, 0x04, 0x49, 0x19, 0x4A,
    0x19, 0x29, 0x19, 0x08, 0x19, 0x18, 0x4B, 0x8A, 0xFF, 0x5B, 0x03, 0x29, 0x19, 0x42, 0x08, 0x43,
    0x08, 0x42, 0x08, 0x82, 0x42, 0x00, 0x88, 0x21, 0x00, 0x91, 0x00, 0x00, 0x8E, 0x00, 0x00, 0x82,
    0x20, 0x00, 0x84, 0x21, 0x00, 0x83, 0x41, 0x00, 0x82, 0x42, 0x00, 0x82, 0x62, 0x00, 0x01, 0x83,
    0x08, 0x3A, 0x4C, 0x88, 0xFF, 0x5C, 0x04, 0xDF, 0x5C, 0xFF, 0x5C, 0xD8, 0x43, 0x8A, 0x19, 0x48,
    0x19, 0x8E, 0x8A, 0x19, 0x01, 0xAA, 0x19, 0xAA, 0x19, 0x83, 0xAB, 0x19, 0x9B, 0xAB, 0x21, 0x9C,
    0x8B, 0x21, 0x86, 0x6B, 0x21, 0x82, 0x6A, 0x21, 0x83, 0x6A, 0x19, 0x88, 0x4A, 0x19, 0x03, 0x29,
    0x19, 0x08, 0x19, 0x4A, 0x19, 0x18, 0x4B, 0x88, 0xFF, 0x5B, 0x05, 0xDF, 0x5B, 0xDF, 0x5B, 0x3A,
    0x53, 0x63, 0x08, 0x42, 0x08, 0x42, 0x08, 0x83, 0x42, 0x00, 0x88, 0x21, 0x00, 0x91, 0x00, 0x00,
    0x8E, 0x00, 0x00, 0x82, 0x20, 0x00, 0x84, 0x21, 0x00, 0x84, 0x41, 0x00, 0x06, 0x42, 0x00, 0x42,
    0x00, 0x62, 0x00, 0x62, 0x00, 0x63, 0x08, 0x62, 0x00, 0x2D, 0x22, 0x89, 0xFF, 0x5C, 0x06, 0xDF,
    0x5C, 0xDF, 0x5C, 0x5C, 0x54, 0x90, 0x2A, 0x89, 0x19, 0x48, 0x11, 0x48, 0x19, 0x8C, 0x69, 0x19,
    0x88, 0x6A, 0x19, 0x95, 0x8A, 0x19, 0x9D, 0x6A, 0x19, 0x85, 0x4A, 0x19, 0x85, 0x49, 0x19, 0x89,
    0x29, 0x19, 0x04, 0x08, 0x19, 0x08, 0x19, 0x29, 0x19, 0x10, 0x32, 0x9C, 0x53, 0x88, 0xFF, 0x5B,
    0x06, 0xDF, 0x5B, 0xDF, 0x5B, 0xDF, 0x63, 0xAD, 0x29, 0x42, 0x08, 0x63, 0x08, 0x42, 0x08, 0x82,
    0x42, 0x00, 0x89, 0x21, 0x00, 0x91, 0x00, 0x00, 0x8F, 0x00, 0x00, 0x82, 0x20, 0x00, 0x84, 0x21,
    0x00, 0x83, 0x41, 0x00, 0x82, 0x42, 0x00, 0x06, 0x62, 0x00, 0x62, 0x00, 0x62, 0x08, 0x83, 0x08,
    0x3B, 0x4C, 0xFF, 0x5C, 0xDF, 0x5C, 0x84, 0xFF, 0x5C, 0x85, 0xDF, 0x5C, 0x04, 0x5C, 0x4C, 0x35,
    0x3B, 0x70, 0x2A, 0x2E, 0x22, 0x0D, 0x22, 0x83, 0xED, 0x21, 0x83, 0x0D, 0x22, 0x00, 0xED, 0x21,
    0x8C, 0x0D, 0x22, 0x87, 0x0E, 0x2A, 0x00, 0xEE, 0x29, 0x89, 0x0E, 0x2A, 0x98, 0xEE, 0x29, 0x8E,
    0xCD, 0x29, 0x01, 0xAD, 0x29, 0xAD, 0x29, 0x89, 0xAD, 0x21, 0x03, 0xAE, 0x29, 0x10, 0x32, 0xB5,
    0x3A, 0x7C, 0x53, 0x89, 0xFF, 0x5B, 0x06, 0xDF, 0x63, 0xDF, 0x5B, 0xDF, 0x63, 0x5B, 0x53, 0x63,
    0x08, 0x42, 0x08, 0x42, 0x08, 0x83, 0x42, 0x00, 0x88, 0x21, 0x00, 0x92, 0x00, 0x00, 0x8F, 0x00,
    0x00, 0x82, 0x20, 0x00, 0x84, 0x21, 0x00, 0x84, 0x41, 0x00, 0x82, 0x42, 0x00, 0x05, 0x62, 0x00,
    0x62, 0x08, 0x62, 0x00, 0xAB, 0x19, 0xFF, 0x5C, 0xDF, 0x5C, 0x83, 0xFF, 0x5C, 0x8D, 0xDF, 0x5C,
    0x8E, 0xBF, 0x5C, 0x8E, 0x9F, 0x5C, 0x8D, 0x7F, 0x5C, 0x8E, 0x5F, 0x5C, 0x8E, 0x3F, 0x5C, 0x8D,
    0x1F, 0x5C, 0x8E, 0xFF, 0x5B, 0x07, 0xDF, 0x5B, 0xDF, 0x63, 0xDF, 0x63, 0xDF, 0x5B, 0xDF, 0x63,
    0x4B, 0x21, 0x42, 0x08, 0x42, 0x08, 0x83, 0x42, 0x00, 0x89, 0x21, 0x00, 0x92, 0x00, 0x00, 0x8F,
    0x00, 0x00, 0x82, 0x20, 0x00, 0x85, 0x21, 0x00, 0x83, 0x41, 0x00, 0x82, 0x42, 0x00, 0x07, 0x62,
    0x00, 0x62, 0x00, 0x62, 0x08, 0x62, 0x00, 0x34, 0x3B, 0xFF, 0x5C, 0xDF, 0x54, 0xFF, 0x5C, 0x89,
    0xDF, 0x5C, 0x01, 0xBF, 0x5C, 0xBF, 0x5C, 0x82, 0xDF, 0x5C, 0x8D, 0xBF, 0x5C, 0x8E, 0x9F, 0x5C,
    0x8E, 0x7F, 0x5C, 0x8D, 0x5F, 0x5C, 0x8E, 0x3F, 0x5C, 0x8E, 0x1F, 0x5C, 0x8D, 0xFF, 0x5B, 0x00,
    0xDF, 0x5B, 0x82, 0xDF, 0x63, 0x02, 0xDF, 0x5B, 0xDF, 0x63, 0x74, 0x3A, 0x82, 0x42, 0x08, 0x83,
    0x42, 0x00, 0x89, 0x21, 0x00, 0x92, 0x00, 0x00, 0x90, 0x00, 0x00, 0x82, 0x20, 0x00, 0x85, 0x21,
    0x00, 0x83, 0x41, 0x00, 0x82, 0x42, 0x00, 0x05, 0x62, 0x00, 0x62, 0x00, 0x62, 0x08, 0x83, 0x08,
    0xF9, 0x4B, 0xFF, 0x5C, 0x8D, 0xDF, 0x5C, 0x8E, 0xBF, 0x5C, 0x8D, 0x9F, 0x5C, 0x8E, 0x7F, 0x5C,
    0x8E, 0x5F, 0x5C, 0x8D, 0x3F, 0x5C, 0x8E, 0x1F, 0x5C, 0x8E, 0xFF, 0x5B, 0x00, 0xDF, 0x5B, 0x82,
    0xDF, 0x63, 0x05, 0xDF, 0x5B, 0xDF, 0x63, 0x19, 0x4B, 0x63, 0x08, 0x42, 0x08, 0x42, 0x08, 0x83,
    0x42, 0x00, 0x89, 0x21, 0x00, 0x93, 0x00, 0x00, 0x90, 0x00, 0x00, 0x82, 0x20, 0x00, 0x86, 0x21,
    0x00, 0x82, 0x41, 0x00, 0x83, 0x42, 0x00, 0x04, 0x62, 0x00, 0x62, 0x08, 0x62, 0x00, 0xE6, 0x10,
    0x5C, 0x4C, 0x8C, 0xDF, 0x5C, 0x8D, 0xBF, 0x5C, 0x8E, 0x9F, 0x5C, 0x8E, 0x7F, 0x5C, 0x8D, 0x5F,
    0x5C, 0x8E, 0x3F, 0x5C, 0x8D, 0x1F, 0x5C, 0x8E, 0xFF, 0x5B, 0x00, 0xDF, 0x5B, 0x83, 0xDF, 0x63,
    0x05, 0xDF, 0x5B, 0xDF, 0x63, 0x5C, 0x53, 0xA6, 0x10, 0x42, 0x08, 0x42, 0x08, 0x83, 0x42, 0x00,
    0x00, 0x22, 0x00, 0x89, 0x21, 0x00, 0x93, 0x00, 0x00, 0x91, 0x00, 0x00, 0x82, 0x20, 0x00, 0x86,
    0x21, 0x00, 0x82, 0x41, 0x00, 0x83, 0x42, 0x00, 0x06, 0x62, 0x00, 0x62, 0x08, 0x62, 0x00, 0x07,
    0x11, 0x3B, 0x4C, 0xDF, 0x5C, 0xBF, 0x5C, 0x87, 0xDF, 0x5C, 0x8E, 0xBF, 0x5C, 0x8D, 0x9F, 0x5C,
    0x8E, 0x7F, 0x5C, 0x8E, 0x5F, 0x5C, 0x8D, 0x3F, 0x5C, 0x8E, 0x1F, 0x5C, 0x8D, 0xFF, 0x5B, 0x00,
    0xDF, 0x5B, 0x84, 0xDF, 0x63, 0x05, 0xDF, 0x5B, 0xDF, 0x63, 0x5B, 0x53, 0xC7, 0x10, 0x42, 0x08,
    0x42, 0x08, 0x83, 0x42, 0x00, 0x00, 0x22, 0x00, 0x89, 0x21, 0x00, 0x94, 0x00, 0x00, 0x91, 0x00,
    0x00, 0x83, 0x20, 0x00, 0x85, 0x21, 0x00, 0x83, 0x41, 0x00, 0x82, 0x42, 0x00, 0x08, 0x62, 0x00,
    0x62, 0x00, 0x62, 0x08, 0x62, 0x00, 0xE5, 0x10, 0xD9, 0x43, 0xDF, 0x5C, 0xDF, 0x5C, 0xBF, 0x5C,
    0x83, 0xDF, 0x5C, 0x8E, 0xBF, 0x5C, 0x8E, 0x9F, 0x5C, 0x8D, 0x7F, 0x5C, 0x8E, 0x5F, 0x5C, 0x8E,
    0x3F, 0x5C, 0x8D, 0x1F, 0x5C, 0x8E, 0xFF, 0x5B, 0x00, 0xDF, 0x5B, 0x83, 0xDF, 0x63, 0x06, 0xDF,
    0x5B, 0xDF, 0x63, 0xDF, 0x63, 0xF9, 0x4A, 0xA5, 0x10, 0x42, 0x08, 0x42, 0x08, 0x83, 0x42, 0x00,
    0x00, 0x22, 0x00, 0x89, 0x21, 0x00, 0x95, 0x00, 0x00, 0x92, 0x00, 0x00, 0x82, 0x20, 0x00, 0x86,
    0x21, 0x00, 0x83, 0x41, 0x00, 0x84, 0x42, 0x00, 0x05, 0x62, 0x08, 0x62, 0x00, 0x83, 0x08, 0xD2,
    0x32, 0xDF, 0x5C, 0xDF, 0x5C, 0x90, 0xBF, 0x5C, 0x8E, 0x9F, 0x5C, 0x8E, 0x7F, 0x5C, 0x8D, 0x5F,
    0x5C, 0x8E, 0x3F, 0x5C, 0x8E, 0x1F, 0x5C, 0x8D, 0xFF, 0x5B, 0x00, 0xDF, 0x5B, 0x83, 0xDF, 0x63,
    0x07, 0xDF, 0x5B, 0xDF, 0x5B, 0xDF, 0x63, 0xDF, 0x63, 0x32, 0x3A, 0x63, 0x08, 0x42, 0x08, 0x42,
    0x08, 0x83, 0x42, 0x00, 0x00, 0x22, 0x00, 0x8A, 0x21, 0x00, 0x95, 0x00, 0x00, 0x92, 0x00, 0x00,
    0x83, 0x20, 0x00, 0x86, 0x21, 0x00, 0x83, 0x41, 0x00, 0x84, 0x42, 0x00, 0x05, 0x62, 0x08, 0x62,
    0x00, 0x62, 0x00, 0x69, 0x19, 0xB8, 0x43, 0xDF, 0x5C, 0x8E, 0xBF, 0x5C, 0x8D, 0x9F, 0x5C, 0x8E,
    0x7F, 0x5C, 0x8E, 0x5F, 0x5C, 0x8D, 0x3F, 0x5C, 0x8E, 0x1F, 0x5C, 0x8E, 0xFF, 0x5B, 0x01, 0xDF,
    0x63, 0xDF, 0x63, 0x82, 0xDF, 0x5B, 0x82, 0xDF, 0x63, 0x01, 0xF8, 0x4A, 0x29, 0x19, 0x82, 0x42,
    0x08, 0x83, 0x42, 0x00, 0x00, 0x22, 0x00, 0x8A, 0x21, 0x00, 0x96, 0x00, 0x00, 0x93, 0x00, 0x00,
    0x82, 0x20, 0x00, 0x87, 0x21, 0x00, 0x83, 0x41, 0x00, 0x84, 0x42, 0x00, 0x06, 0x62, 0x00, 0x63,
    0x08, 0x62, 0x00, 0x62, 0x08, 0xAB, 0x21, 0x77, 0x43, 0x9F, 0x5C, 0x85, 0xBF, 0x5C, 0x8B, 0x9F,
    0x5C, 0x00, 0x7F, 0x5C, 0x82, 0x9F, 0x5C, 0x8E, 0x7F, 0x5C, 0x8D, 0x5F, 0x5C, 0x8E, 0x3F, 0x5C,
    0x8E, 0x1F, 0x5C, 0x8D, 0xFF, 0x5B, 0x85, 0xDF, 0x5B, 0x84, 0xDF, 0x63, 0x06, 0xBF, 0x5B, 0xD7,
    0x42, 0x6B, 0x21, 0x42, 0x08, 0x42, 0x08, 0x43, 0x08, 0x42, 0x08, 0x83, 0x42, 0x00, 0x00, 0x22,
    0x00, 0x8B, 0x21, 0x00, 0x96, 0x00, 0x00, 0x93, 0x00, 0x00, 0x83, 0x20, 0x00, 0x86, 0x21, 0x00,
    0x84, 0x41, 0x00, 0x84, 0x42, 0x00, 0x09, 0x62, 0x00, 0x62, 0x08, 0x62, 0x00, 0x62, 0x00, 0x62,
    0x08, 0x07, 0x11, 0x4F, 0x2A, 0x56, 0x43, 0x1B, 0x4C, 0x7E, 0x54, 0x84, 0xBF, 0x5C, 0x8E, 0x9F,
    0x5C, 0x8E, 0x7F, 0x5C, 0x8D, 0x5F, 0x5C, 0x8E, 0x3F, 0x5C, 0x8E, 0x1F, 0x5C, 0x8D, 0xFF, 0x5B,
    0x00, 0xDF, 0x5B, 0x83, 0xDF, 0x63, 0x04, 0xBE, 0x5B, 0x5B, 0x53, 0xB6, 0x42, 0xCF, 0x29, 0xE7,
    0x10, 0x84, 0x42, 0x08, 0x83, 0x42, 0x00, 0x00, 0x22, 0x00, 0x8B, 0x21, 0x00, 0x97, 0x00, 0x00,
    0x94, 0x00, 0x00, 0x83, 0x20, 0x00, 0x86, 0x21, 0x00, 0x84, 0x41, 0x00, 0x85, 0x42, 0x00, 0x01,
    0x62, 0x00, 0x63, 0x08, 0x83, 0x62, 0x08, 0x03, 0x63, 0x08, 0xE6, 0x10, 0x48, 0x19, 0x69, 0x19,
    0x9E, 0x8A, 0x19, 0x8A, 0x8B, 0x21, 0x94, 0x6B, 0x21, 0x8B, 0x6A, 0x21, 0x8F, 0x4A, 0x21, 0x82,
    0x4A, 0x19, 0x03, 0x29, 0x19, 0x08, 0x19, 0xA6, 0x10, 0x63, 0x08, 0x83, 0x42, 0x08, 0x01, 0x43,
    0x08, 0x42, 0x08, 0x84, 0x42, 0x00, 0x00, 0x22, 0x00, 0x8B, 0x21, 0x00, 0x98, 0x00, 0x00, 0x95,
    0x00, 0x00, 0x82, 0x20, 0x00, 0x88, 0x21, 0x00, 0x83, 0x41, 0x00, 0x85, 0x42, 0x00, 0x04, 0x62,
    0x00, 0x62, 0x00, 0x62, 0x08, 0x63, 0x08, 0x63, 0x08, 0x83, 0x62, 0x08, 0x93, 0x63, 0x08, 0x02,
    0x83, 0x08, 0x83, 0x08, 0x63, 0x08, 0xA2, 0x83, 0x08, 0xA1, 0x63, 0x08, 0x01, 0x43, 0x08, 0x43,
    0x08, 0x83, 0x42, 0x08, 0x01, 0x43, 0x08, 0x63, 0x08, 0x82, 0x42, 0x08, 0x84, 0x42, 0x00, 0x00,
    0x22, 0x00, 0x8C, 0x21, 0x00, 0x98, 0x00, 0x00, 0x96, 0x00, 0x00, 0x82, 0x20, 0x00, 0x88, 0x21,
    0x00, 0x83, 0x41, 0x00, 0x86, 0x42, 0x00, 0x83, 0x62, 0x00, 0x85, 0x63, 0x08, 0x90, 0x83, 0x08,
    0x01, 0x63, 0x08, 0x63, 0x08, 0xA5, 0x83, 0x08, 0xA1, 0x63, 0x08, 0x82, 0x43, 0x08, 0x83, 0x42,
    0x08, 0x84, 0x42, 0x00, 0x01, 0x22, 0x00, 0x22, 0x00, 0x8C, 0x21, 0x00, 0x99, 0x00, 0x00, 0x96,
    0x00, 0x00, 0x83, 0x20, 0x00, 0x88, 0x21, 0x00, 0x84, 0x41, 0x00, 0x86, 0x42, 0x00, 0x84, 0x62,
    0x00, 0x87, 0x62, 0x08, 0xCD, 0x63, 0x08, 0x8C, 0x42, 0x08, 0x85, 0x42, 0x00, 0x00, 0x22, 0x00,
    0x8D, 0x21, 0x00, 0x9A, 0x00, 0x00, 0x97, 0x00, 0x00, 0x83, 0x20, 0x00, 0x88, 0x21, 0x00, 0x85,
    0x41, 0x00, 0x87, 0x42, 0x00, 0x02, 0x62, 0x00, 0x42, 0x00, 0x42, 0x00, 0x82, 0x62, 0x00, 0x8B,
    0x62, 0x08, 0xBD, 0x63, 0x08, 0x91, 0x42, 0x08, 0x86, 0x42, 0x00, 0x00, 0x22, 0x00, 0x8E, 0x21,
    0x00, 0x9B, 0x00, 0x00, 0x98, 0x00, 0x00, 0x83, 0x20, 0x00, 0x89, 0x21, 0x00, 0x85, 0x41, 0x00,
    0x8C, 0x42, 0x00, 0xBD, 0x62, 0x08, 0x99, 0x42, 0x08, 0x87, 0x42, 0x00, 0x00, 0x22, 0x00, 0x8F,
    0x21, 0x00, 0x9C, 0x00, 0x00, 0x99, 0x00, 0x00, 0x83, 0x20, 0x00, 0x89, 0x21, 0x00, 0x86, 0x41,
    0x00, 0x90, 0x42, 0x00, 0x89, 0x62, 0x08, 0x00, 0x42, 0x08, 0x94, 0x62, 0x08, 0xAD, 0x42, 0x08,
    0x88, 0x42, 0x00, 0x01, 0x22, 0x00, 0x22, 0x00, 0x90, 0x21, 0x00, 0x9D, 0x00, 0x00, 0x9A, 0x00,
    0x00, 0x83, 0x20, 0x00, 0x8A, 0x21, 0x00, 0x01, 0x41, 0x00, 0x21, 0x00, 0x84, 0x41, 0x00, 0xA1,
    0x42, 0x00, 0xA1, 0x42, 0x08, 0x8E, 0x42, 0x00, 0x01, 0x42, 0x08, 0x42, 0x08, 0x8E, 0x42, 0x00,
    0x01, 0x22, 0x00, 0x22, 0x00, 0x91, 0x21, 0x00, 0x9E, 0x00, 0x00, 0x9B, 0x00, 0x00, 0x84, 0x20,
    0x00, 0x8D, 0x21, 0x00, 0x85, 0x41, 0x00, 0xDB, 0x42, 0x00, 0x01, 0x22, 0x00, 0x22, 0x00, 0x93,
    0x21, 0x00, 0xA0, 0x00, 0x00, 0x9C, 0x00, 0x00, 0x84, 0x20, 0x00, 0x8F, 0x21, 0x00, 0x86, 0x41,
    0x00, 0xD5, 0x42, 0x00, 0x96, 0x21, 0x00, 0xA1, 0x00, 0x00, 0x9E, 0x00, 0x00, 0x84, 0x20, 0x00,
    0x90, 0x21, 0x00, 0x8B, 0x41, 0x00, 0xC5, 0x42, 0x00, 0x9C, 0x21, 0x00, 0xA3, 0x00, 0x00, 0x9F,
    0x00, 0x00, 0x04, 0x20, 0x00, 0x00, 0x00, 0x00, 0x00, 0x20, 0x00, 0x20, 0x00, 0x94, 0x21, 0x00,
    0xB3, 0x41, 0x00, 0xB4, 0x21, 0x00, 0xA4, 0x00, 0x00, 0xA3, 0x00, 0x00, 0x82, 0x20, 0x00, 0x9C,
    0x21, 0x00, 0x86, 0x41, 0x00, 0xD5, 0x21, 0x00, 0xA6, 0x00, 0x00, 0xA5, 0x00, 0x00, 0x83, 0x20,
    0x00, 0xF3, 0x21, 0x00, 0xA9, 0x00, 0x00, 0xA8, 0x00, 0x00, 0x82, 0x20, 0x00, 0xEF, 0x21, 0x00,
    0xAB, 0x00, 0x00, 0xAA, 0x00, 0x00, 0x83, 0x20, 0x00, 0xE9, 0x21, 0x00, 0xAE, 0x00, 0x00, 0xAD,
    0x00, 0x00, 0x84, 0x20, 0x00, 0xE1, 0x21, 0x00, 0xB2, 0x00, 0x00, 0xB0, 0x00, 0x00, 0x86, 0x20,
    0x00, 0xD7, 0x21, 0x00, 0xB7, 0x00, 0x00, 0xB5, 0x00, 0x00, 0x89, 0x20, 0x00, 0xC7, 0x21, 0x00,
    0xBF, 0x00, 0x00, 0xBC, 0x00, 0x00, 0xA3, 0x20, 0x00, 0xE6, 0x00, 0x00, 0xFF, 0x00, 0x00, 0xC7,
    0x00, 0x00, 0xFF, 0x00, 0x00, 0xC7, 0x00, 0x00, 0xFF, 0x00, 0x00, 0xC7, 0x00, 0x00, 0xFF, 0x00,
    0x00, 0xC7, 0x00, 0x00, 0xFF, 0x00, 0x00, 0xC7, 0x00, 0x00, 0xFF, 0x00, 0x00, 0xC7, 0x00, 0x00,
    0xFF, 0x00, 0x00, 0xC7, 0x00, 0x00, 0xFF, 0x00, 0x00, 0xC7, 0x00, 0x00, 0xFF, 0x00, 0x00, 0xC7,
    0x00, 0x00, 0xFF, 0x00, 0x00, 0xC7, 0x00, 0x00, 0xFF, 0x00, 0x00, 0xC7, 0x00, 0x00, 0xFF, 0x00,
    0x00, 0xC7, 0x00, 0x00, 0xFF, 0x00, 0x00, 0xC7, 0x00, 0x00, 0xFF, 0x00, 0x00, 0xC7, 0x00, 0x00,
    0xFF, 0x00, 0x00, 0xC7, 0x00, 0x00, 0xFF, 0x00, 0x00, 0xC7, 0x00, 0x00, 0xFF, 0x00, 0x00, 0xC7,
    0x00, 0x00, 0xFF, 0x00, 0x00, 0xC7, 0x00, 0x00,
};

static const uint8_t kDisplayData[] WATCH_SETTINGS_ICON_FLASH = {
    0xFF, 0x00, 0x00, 0xC7, 0x00, 0x00, 0xFF, 0x00, 0x00, 0xC7, 0x00, 0x00, 0xFF, 0x00, 0x00, 0xC7,
    0x00, 0x00, 0xFF, 0x00, 0x00, 0xC7, 0x00, 0x00, 0xFF, 0x00, 0x00, 0xC7, 0x00, 0x00, 0xFF, 0x00,
    0x00, 0xC7, 0x00, 0x00, 0xFF, 0x00, 0x00, 0xC7, 0x00, 0x00, 0xFF, 0x00, 0x00, 0xC7, 0x00, 0x00,
    0xFF, 0x00, 0x00, 0xC7, 0x00, 0x00, 0xFF, 0x00, 0x00, 0xC7, 0x00, 0x00, 0xFF, 0x00, 0x00, 0xC7,
    0x00, 0x00, 0xE1, 0x00, 0x00, 0x83, 0x20, 0x00, 0xE1, 0x00, 0x00, 0xDC, 0x00, 0x00, 0x8D, 0x20,
    0x00, 0xDC, 0x00, 0x00, 0xD9, 0x00, 0x00, 0x93, 0x20, 0x00, 0xD9, 0x00, 0x00, 0xD7, 0x00, 0x00,
    0x97, 0x20, 0x00, 0xD7, 0x00, 0x00, 0xD6, 0x00, 0x00, 0x99, 0x20, 0x00, 0xD6, 0x00, 0x00, 0xD5,
    0x00, 0x00, 0x9B, 0x20, 0x00, 0xD5, 0x00, 0x00, 0xD3, 0x00, 0x00, 0x88, 0x20, 0x00, 0x8C, 0x21,
    0x00, 0x89, 0x20, 0x00, 0xD3, 0x00, 0x00, 0xCF, 0x00, 0x00, 0x8A, 0x20, 0x00, 0x91, 0x21, 0x00,
    0x87, 0x20, 0x00, 0xD2, 0x00, 0x00, 0xCE, 0x00, 0x00, 0x89, 0x20, 0x00, 0x95, 0x21, 0x00, 0x86,
    0x20, 0x00, 0xD1, 0x00, 0x00, 0xCD, 0x00, 0x00, 0x89, 0x20, 0x00, 0x88, 0x21, 0x00, 0x85, 0x41,
    0x00, 0x88, 0x21, 0x00, 0x88, 0x20, 0x00, 0xCE, 0x00, 0x00, 0xCC, 0x00, 0x00, 0x88, 0x20, 0x00,
    0x88, 0x21, 0x00, 0x89, 0x41, 0x00, 0x87, 0x21, 0x00, 0x89, 0x20, 0x00, 0xCC, 0x00, 0x00, 0xCB,
    0x00, 0x00, 0x86, 0x20, 0x00, 0x89, 0x21, 0x00, 0x83, 0x41, 0x00, 0x05, 0x87, 0x11, 0xF3, 0x33,
    0x39, 0x45, 0x19, 0x45, 0xF3, 0x33, 0x87, 0x11, 0x83, 0x41, 0x00, 0x86, 0x21, 0x00, 0x89, 0x20,
    0x00, 0xCB, 0x00, 0x00, 0xCA, 0x00, 0x00, 0x86, 0x20, 0x00, 0x88, 0x21, 0x00, 0x84, 0x41, 0x00,
    0x03, 0x0F, 0x2B, 0x7F, 0x56, 0x9F, 0x56, 0x9F, 0x56, 0x82, 0x7F, 0x56, 0x00, 0x0F, 0x2B, 0x84,
    0x41, 0x00, 0x87, 0x21, 0x00, 0x87, 0x20, 0x00, 0xCA, 0x00, 0x00, 0xC8, 0x00, 0x00, 0x87, 0x20,
    0x00, 0x84, 0x21, 0x00, 0x86, 0x41, 0x00, 0x03, 0x62, 0x00, 0x41, 0x00, 0x4B, 0x1A, 0x9F, 0x56,
    0x86, 0x7F, 0x56, 0x02, 0x2B, 0x1A, 0x41, 0x00, 0x62, 0x00, 0x83, 0x41, 0x00, 0x87, 0x21, 0x00,
    0x87, 0x20, 0x00, 0xC8, 0x00, 0x00, 0xC7, 0x00, 0x00, 0x87, 0x20, 0x00, 0x82, 0x21, 0x00, 0x8A,
    0x41, 0x00, 0x01, 0x62, 0x00, 0x7A, 0x4D, 0x87, 0x7F, 0x56, 0x01, 0x5A, 0x45, 0x62, 0x00, 0x86,
    0x41, 0x00, 0x86, 0x21, 0x00, 0x87, 0x20, 0x00, 0xC7, 0x00, 0x00, 0xB8, 0x00, 0x00, 0x00, 0x20,
    0x00, 0x8B, 0x00, 0x00, 0x85, 0x20, 0x00, 0x85, 0x21, 0x00, 0x89, 0x41, 0x00, 0x04, 0x61, 0x00,
    0x41, 0x00, 0x46, 0x11, 0x7F, 0x56, 0x7F, 0x5E, 0x86, 0x7F, 0x56, 0x03, 0x5F, 0x56, 0x46, 0x09,
    0x41, 0x00, 0x61, 0x00, 0x87, 0x41, 0x00, 0x84, 0x21, 0x00, 0x88, 0x20, 0x00, 0xC5, 0x00, 0x00,
    0xB6, 0x00, 0x00, 0x00, 0x20, 0x00, 0x8A, 0x00, 0x00, 0x86, 0x20, 0x00, 0x86, 0x21, 0x00, 0x8A,
    0x41, 0x00, 0x04, 0x62, 0x00, 0x61, 0x00, 0xA8, 0x11, 0x9F, 0x5E, 0x7F, 0x5E, 0x87, 0x7F, 0x56,
    0x02, 0xA8, 0x11, 0x61, 0x00, 0x62, 0x00, 0x88, 0x41, 0x00, 0x84, 0x21, 0x00, 0x8A, 0x20, 0x00,
    0xC2, 0x00, 0x00, 0xB4, 0x00, 0x00, 0x82, 0x20, 0x00, 0x03, 0x00, 0x00, 0x20, 0x00, 0x20, 0x00,
    0x00, 0x00, 0x8C, 0x20, 0x00, 0x85, 0x21, 0x00, 0x8A, 0x41, 0x00, 0x07, 0x61, 0x00, 0x61, 0x00,
    0x62, 0x00, 0x61, 0x00, 0xA8, 0x11, 0x9F, 0x5E, 0x7F, 0x5E, 0x7F, 0x5E, 0x86, 0x7F, 0x56, 0x03,
    0xA8, 0x11, 0x61, 0x00, 0x62, 0x00, 0x61, 0x00, 0x88, 0x41, 0x00, 0x84, 0x21, 0x00, 0x90, 0x20,
    0x00, 0xBB, 0x00, 0x00, 0xB3, 0x00, 0x00, 0x91, 0x20, 0x00, 0x84, 0x21, 0x00, 0x8D, 0x41, 0x00,
    0x84, 0x62, 0x00, 0x00, 0xA8, 0x11, 0x84, 0x7F, 0x5E, 0x82, 0x7F, 0x56, 0x04, 0x5F, 0x56, 0x7F,
    0x56, 0xA8, 0x11, 0x62, 0x00, 0x62, 0x00, 0x89, 0x41, 0x00, 0x87, 0x21, 0x00, 0x8E, 0x20, 0x00,
    0xBA, 0x00, 0x00, 0xB1, 0x00, 0x00, 0x8F, 0x20, 0x00, 0x87, 0x21, 0x00, 0x8D, 0x41, 0x00, 0x85,
    0x62, 0x00, 0x00, 0xA8, 0x11, 0x86, 0x7F, 0x5E, 0x82, 0x7F, 0x56, 0x00, 0xA8, 0x11, 0x82, 0x62,
    0x00, 0x82, 0x42, 0x00, 0x88, 0x41, 0x00, 0x86, 0x21, 0x00, 0x8E, 0x20, 0x00, 0xB8, 0x00, 0x00,
    0xAD, 0x00, 0x00, 0x90, 0x20, 0x00, 0x88, 0x21, 0x00, 0x8C, 0x41, 0x00, 0x88, 0x62, 0x00, 0x00,
    0xA8, 0x19, 0x85, 0x7F, 0x5E, 0x83, 0x7F, 0x56, 0x00, 0xA8, 0x11, 0x84, 0x62, 0x00, 0x01, 0x42,
    0x00, 0x42, 0x00, 0x8A, 0x41, 0x00, 0x85, 0x21, 0x00, 0x97, 0x20, 0x00, 0xAD, 0x00, 0x00, 0xAA,
    0x00, 0x00, 0x91, 0x20, 0x00, 0x87, 0x21, 0x00, 0x8D, 0x41, 0x00, 0x88, 0x62, 0x00, 0x02, 0x82,
    0x00, 0x62, 0x00, 0xA8, 0x19, 0x85, 0x7F, 0x5E, 0x06, 0x7F, 0x56, 0x7F, 0x56, 0x5F, 0x56, 0x7F,
    0x56, 0xA8, 0x11, 0x62, 0x00, 0x82, 0x00, 0x84, 0x62, 0x00, 0x00, 0x42, 0x00, 0x8B, 0x41, 0x00,
    0x85, 0x21, 0x00, 0x98, 0x20, 0x00, 0xAA, 0x00, 0x00, 0xA8, 0x00, 0x00, 0x8B, 0x20, 0x00, 0x8A,
    0x21, 0x00, 0x91, 0x41, 0x00, 0x89, 0x62, 0x00, 0x02, 0x82, 0x00, 0x82, 0x00, 0xC8, 0x19, 0x86,
    0x7F, 0x5E, 0x05, 0x7F, 0x56, 0x5F, 0x56, 0x7F, 0x56, 0xA8, 0x11, 0x82, 0x00, 0x82, 0x00, 0x87,
    0x62, 0x00, 0x8A, 0x41, 0x00, 0x8C, 0x21, 0x00, 0x92, 0x20, 0x00, 0xA8, 0x00, 0x00, 0xA6, 0x00,
    0x00, 0x8B, 0x20, 0x00, 0x8A, 0x21, 0x00, 0x91, 0x41, 0x00, 0x8A, 0x62, 0x00, 0x03, 0x82, 0x00,
    0x83, 0x00, 0x82, 0x00, 0xC9, 0x19, 0x87, 0x7F, 0x5E, 0x05, 0x5F, 0x56, 0x5F, 0x56, 0xA8, 0x11,
    0x82, 0x00, 0x83, 0x00, 0x82, 0x00, 0x89, 0x62, 0x00, 0x8A, 0x41, 0x00, 0x8B, 0x21, 0x00, 0x92,
    0x20, 0x00, 0xA6, 0x00, 0x00, 0xA5, 0x00, 0x00, 0x8A, 0x20, 0x00, 0x85, 0x21, 0x00, 0x96, 0x41,
    0x00, 0x8B, 0x62, 0x00, 0x04, 0x82, 0x00, 0x82, 0x00, 0x83, 0x00, 0x82, 0x00, 0xC9, 0x19, 0x87,
    0x7F, 0x5E, 0x06, 0x5F, 0x5E, 0x5F, 0x5E, 0xA8, 0x11, 0x82, 0x00, 0x83, 0x00, 0x82, 0x00, 0x82,
    0x00, 0x87, 0x62, 0x00, 0x01, 0x42, 0x00, 0x42, 0x00, 0x8B, 0x41, 0x00, 0x91, 0x21, 0x00, 0x8B,
    0x20, 0x00, 0xA5, 0x00, 0x00, 0xA4, 0x00, 0x00, 0x88, 0x20, 0x00, 0x87, 0x21, 0x00, 0x95, 0x41,
    0x00, 0x8A, 0x62, 0x00, 0x84, 0x82, 0x00, 0x02, 0x83, 0x00, 0x82, 0x00, 0xC9, 0x19, 0x87, 0x7F,
    0x5E, 0x04, 0x5F, 0x5E, 0x5F, 0x56, 0xC9, 0x11, 0x82, 0x00, 0x83, 0x00, 0x83, 0x82, 0x00, 0x87,
    0x62, 0x00, 0x00, 0x42, 0x00, 0x8C, 0x41, 0x00, 0x90, 0x21, 0x00, 0x8B, 0x20, 0x00, 0xA4, 0x00,
    0x00, 0xA3, 0x00, 0x00, 0x87, 0x20, 0x00, 0x86, 0x21, 0x00, 0x96, 0x41, 0x00, 0x8A, 0x62, 0x00,
    0x86, 0x82, 0x00, 0x02, 0x83, 0x00, 0x83, 0x00, 0xC9, 0x19, 0x86, 0x7F, 0x5E, 0x82, 0x5F, 0x5E,
    0x02, 0xC9, 0x11, 0x83, 0x00, 0x83, 0x00, 0x82, 0x82, 0x00, 0x8A, 0x62, 0x00, 0x92, 0x41, 0x00,
    0x8A, 0x21, 0x00, 0x8B, 0x20, 0x00, 0xA3, 0x00, 0x00, 0xA2, 0x00, 0x00, 0x86, 0x20, 0x00, 0x84,
    0x21, 0x00, 0x96, 0x41, 0x00, 0x8D, 0x62, 0x00, 0x83, 0x82, 0x00, 0x83, 0x83, 0x00, 0x02, 0xA3,
    0x08, 0x83, 0x00, 0xE9, 0x19, 0x85, 0x7F, 0x5E, 0x83, 0x5F, 0x5E, 0x03, 0xC9, 0x19, 0x83, 0x00,
    0xA3, 0x08, 0x83, 0x00, 0x85, 0x82, 0x00, 0x89, 0x62, 0x00, 0x90, 0x41, 0x00, 0x8A, 0x21, 0x00,
    0x8B, 0x20, 0x00, 0xA2, 0x00, 0x00, 0xA1, 0x00, 0x00, 0x86, 0x20, 0x00, 0x83, 0x21, 0x00, 0x94,
    0x41, 0x00, 0x8D, 0x62, 0x00, 0x86, 0x82, 0x00, 0x82, 0x83, 0x00, 0x04, 0xA3, 0x00, 0xA3, 0x00,
    0xA3, 0x08, 0xA3, 0x08, 0xE9, 0x19, 0x85, 0x7F, 0x5E, 0x83, 0x5F, 0x5E, 0x02, 0xC9, 0x19, 0xA3,
    0x08, 0xA3, 0x08, 0x83, 0x83, 0x00, 0x84, 0x82, 0x00, 0x89, 0x62, 0x00, 0x95, 0x41, 0x00, 0x85,
    0x21, 0x00, 0x8A, 0x20, 0x00, 0xA1, 0x00, 0x00, 0xA1, 0x00, 0x00, 0x85, 0x20, 0x00, 0x82, 0x21,
    0x00, 0x94, 0x41, 0x00, 0x8E, 0x62, 0x00, 0x84, 0x82, 0x00, 0x83, 0x83, 0x00, 0x01, 0xA3, 0x00,
    0xA3, 0x00, 0x83, 0xA3, 0x08, 0x00, 0xE9, 0x19, 0x85, 0x7F, 0x5E, 0x83, 0x5F, 0x5E, 0x00, 0xC9,
    0x19, 0x83, 0xA3, 0x08, 0x00, 0xA3, 0x00, 0x82, 0x83, 0x00, 0x83, 0x82, 0x00, 0x8A, 0x62, 0x00,
    0x01, 0x42, 0x00, 0x42, 0x00, 0x95, 0x41, 0x00, 0x83, 0x21, 0x00, 0x88, 0x20, 0x00, 0xA1, 0x00,
    0x00, 0xA0, 0x00, 0x00, 0x85, 0x20, 0x00, 0x82, 0x21, 0x00, 0x90, 0x41, 0x00, 0x91, 0x62, 0x00,
    0x85, 0x82, 0x00, 0x83, 0x83, 0x00, 0x01, 0xA3, 0x00, 0xA3, 0x00, 0x82, 0xA3, 0x08, 0x02, 0xA4,
    0x08, 0xA3, 0x08, 0xE9, 0x19, 0x84, 0x7F, 0x5E, 0x84, 0x5F, 0x5E, 0x02, 0xC9, 0x19, 0xA3, 0x08,
    0xA4, 0x08, 0x82, 0xA3, 0x08, 0x00, 0xA3, 0x00, 0x82, 0x83, 0x00, 0x84, 0x82, 0x00, 0x89, 0x62,
    0x00, 0x83, 0x42, 0x00, 0x8F, 0x41, 0x00, 0x82, 0x21, 0x00, 0x01, 0x41, 0x00, 0x41, 0x00, 0x82,
    0x21, 0x00, 0x88, 0x20, 0x00, 0xA0, 0x00, 0x00, 0xA0, 0x00, 0x00, 0x84, 0x20, 0x00, 0x82, 0x21,
    0x00, 0x85, 0x41, 0x00, 0x05, 0xE4, 0x08, 0xE4, 0x08, 0x62, 0x00, 0x41, 0x00, 0x41, 0x00, 0x61,
    0x00, 0x83, 0x41, 0x00, 0x91, 0x62, 0x00, 0x84, 0x82, 0x00, 0x85, 0x83, 0x00, 0x01, 0xA3, 0x00,
    0xA3, 0x00, 0x83, 0xA3, 0x08, 0x02, 0xC4, 0x08, 0xA3, 0x08, 0xEA, 0x19, 0x83, 0x7F, 0x5E, 0x85,
    0x5F, 0x5E, 0x02, 0xE9, 0x19, 0xA3, 0x08, 0xA4, 0x08, 0x83, 0xA3, 0x08, 0x01, 0xA3, 0x00, 0xA3,
    0x00, 0x82, 0x83, 0x00, 0x83, 0x82, 0x00, 0x8C, 0x62, 0x00, 0x01, 0x42, 0x00, 0x42, 0x00, 0x8E,
    0x41, 0x00, 0x04, 0xC4, 0x08, 0xA3, 0x08, 0x21, 0x00, 0x21, 0x00, 0x41, 0x00, 0x82, 0x21, 0x00,
    0x87, 0x20, 0x00, 0xA0, 0x00, 0x00, 0x9F, 0x00, 0x00, 0x85, 0x20, 0x00, 0x01, 0x21, 0x00, 0x21,
    0x00, 0x84, 0x41, 0x00, 0x07, 0xAC, 0x22, 0x59, 0x4D, 0x5E, 0x5E, 0x7E, 0x5E, 0xBB, 0x55, 0x90,
    0x33, 0x82, 0x00, 0x41, 0x00, 0x91, 0x62, 0x00, 0x85, 0x82, 0x00, 0x84, 0x83, 0x00, 0x83, 0xA3,
    0x00, 0x84, 0xA3, 0x08, 0x82, 0xC4, 0x08, 0x01, 0xE9, 0x19, 0x7F, 0x66, 0x83, 0x7F, 0x5E, 0x84,
    0x5F, 0x5E, 0x02, 0xC9, 0x19, 0xA3, 0x08, 0xC4, 0x08, 0x85, 0xA3, 0x08, 0x00, 0xA3, 0x00, 0x84,
    0x83, 0x00, 0x83, 0x82, 0x00, 0x8C, 0x62, 0x00, 0x82, 0x42, 0x00, 0x85, 0x41, 0x00, 0x0A, 0x42,
    0x00, 0x41, 0x00, 0x62, 0x00, 0xEF, 0x22, 0xDA, 0x3C, 0x9E, 0x45, 0x7E, 0x3D, 0x78, 0x34, 0x2C,
    0x1A, 0x21, 0x00, 0x41, 0x00, 0x82, 0x21, 0x00, 0x87, 0x20, 0x00, 0x9F, 0x00, 0x00, 0x9F, 0x00,
    0x00, 0x84, 0x20, 0x00, 0x82, 0x21, 0x00, 0x83, 0x41, 0x00, 0x00, 0xF2, 0x3B, 0x85, 0xBF, 0x66,
    0x01, 0x38, 0x4D, 0xC4, 0x08, 0x8D, 0x62, 0x00, 0x86, 0x82, 0x00, 0x83, 0x83, 0x00, 0x84, 0xA3,
    0x00, 0x86, 0xA3, 0x08, 0x83, 0xC4, 0x08, 0x04, 0x05, 0x09, 0xFD, 0x55, 0x5F, 0x5E, 0x5F, 0x5E,
    0x7F, 0x5E, 0x84, 0x5F, 0x5E, 0x01, 0xDD, 0x55, 0x05, 0x09, 0x83, 0xC4, 0x08, 0x84, 0xA3, 0x08,
    0x01, 0xA3, 0x00, 0xA3, 0x00, 0x84, 0x83, 0x00, 0x83, 0x82, 0x00, 0x8B, 0x62, 0x00, 0x03, 0x42,
    0x00, 0x62, 0x00, 0x42, 0x00, 0x42, 0x00, 0x82, 0x41, 0x00, 0x03, 0x42, 0x00, 0x41, 0x00, 0xA3,
    0x08, 0x78, 0x34, 0x83, 0xDF, 0x45, 0x06, 0xBF, 0x45, 0xBF, 0x45, 0x52, 0x23, 0x21, 0x00, 0x41,
    0x00, 0x21, 0x00, 0x21, 0x00, 0x87, 0x20, 0x00, 0x9F, 0x00, 0x00, 0x9F, 0x00, 0x00, 0x84, 0x20,
    0x00, 0x01, 0x21, 0x00, 0x21, 0x00, 0x83, 0x41, 0x00, 0x02, 0x8C, 0x22, 0xBF, 0x66, 0x9F, 0x66,
    0x83, 0xBF, 0x66, 0x05, 0x9F, 0x66, 0xBF, 0x66, 0x59, 0x55, 0xC4, 0x08, 0x62, 0x00, 0x82, 0x00,
    0x89, 0x62, 0x00, 0x85, 0x82, 0x00, 0x82, 0x83, 0x00, 0x83, 0xA3, 0x00, 0x86, 0xA3, 0x08, 0x01,
    0xA4, 0x08, 0xA4, 0x08, 0x84, 0xC4, 0x08, 0x03, 0xE4, 0x08, 0xC4, 0x08, 0xB2, 0x33, 0x7F, 0x66,
    0x84, 0x5F, 0x5E, 0x02, 0x3F, 0x5E, 0x5F, 0x5E, 0x92, 0x33, 0x86, 0xC4, 0x08, 0x84, 0xA3, 0x08,
    0x00, 0xA3, 0x00, 0x85, 0x83, 0x00, 0x82, 0x82, 0x00, 0x92, 0x62, 0x00, 0x02, 0xA3, 0x08, 0x78,
    0x34, 0xDF, 0x45, 0x86, 0xBF, 0x45, 0x04, 0x0B, 0x1A, 0x21, 0x00, 0x41, 0x00, 0x21, 0x00, 0x21,
    0x00, 0x86, 0x20, 0x00, 0x9F, 0x00, 0x00, 0x9E, 0x00, 0x00, 0x84, 0x20, 0x00, 0x82, 0x21, 0x00,
    0x83, 0x41, 0x00, 0x00, 0x79, 0x4D, 0x86, 0xBF, 0x66, 0x05, 0x9F, 0x66, 0xBF, 0x66, 0x79, 0x55,
    0xC4, 0x08, 0x62, 0x00, 0x82, 0x00, 0x83, 0x62, 0x00, 0x88, 0x82, 0x00, 0x82, 0x83, 0x00, 0x82,
    0xA3, 0x00, 0x87, 0xA3, 0x08, 0x00, 0xA4, 0x08, 0x88, 0xC4, 0x08, 0x03, 0xE4, 0x08, 0xE5, 0x08,
    0xD8, 0x4C, 0x7F, 0x66, 0x84, 0x5F, 0x5E, 0x01, 0xB8, 0x44, 0xE5, 0x08, 0x87, 0xC4, 0x08, 0x83,
    0xA3, 0x08, 0x82, 0xA3, 0x00, 0x85, 0x83, 0x00, 0x82, 0x82, 0x00, 0x8F, 0x62, 0x00, 0x04, 0xA3,
    0x08, 0x98, 0x34, 0xDF, 0x45, 0xBF, 0x45, 0xDF, 0x45, 0x85, 0xBF, 0x45, 0x04, 0x99, 0x34, 0x41,
    0x00, 0x41, 0x00, 0x21, 0x00, 0x21, 0x00, 0x87, 0x20, 0x00, 0x9E, 0x00, 0x00, 0x9E, 0x00, 0x00,
    0x84, 0x20, 0x00, 0x01, 0x21, 0x00, 0x21, 0x00, 0x83, 0x41, 0x00, 0x01, 0xC4, 0x08, 0x7E, 0x5E,
    0x87, 0xBF, 0x66, 0x07, 0x9F, 0x66, 0xBF, 0x66, 0x79, 0x55, 0xE4, 0x08, 0x62, 0x00, 0x82, 0x00,
    0x62, 0x00, 0x62, 0x00, 0x85, 0x82, 0x00, 0x84, 0x83, 0x00, 0x82, 0xA3, 0x00, 0x86, 0xA3, 0x08,
    0x8C, 0xC4, 0x08, 0x0B, 0xE4, 0x08, 0xE4, 0x08, 0xE5, 0x08, 0x92, 0x33, 0x9C, 0x55, 0x5F, 0x5E,
    0x3F, 0x5E, 0x9C, 0x55, 0x92, 0x33, 0xE5, 0x08, 0xE4, 0x08, 0xE4, 0x08, 0x88, 0xC4, 0x08, 0x00,
    0xA4, 0x08, 0x82, 0xA3, 0x08, 0x82, 0xA3, 0x00, 0x85, 0x83, 0x00, 0x84, 0x82, 0x00, 0x8A, 0x62,
    0x00, 0x04, 0xA4, 0x08, 0x98, 0x34, 0xDF, 0x45, 0xBF, 0x45, 0xDF, 0x45, 0x86, 0xBF, 0x45, 0x05,
    0x7E, 0x3D, 0xA3, 0x00, 0x21, 0x00, 0x41, 0x00, 0x21, 0x00, 0x21, 0x00, 0x86, 0x20, 0x00, 0x9E,
    0x00, 0x00, 0x9E, 0x00, 0x00, 0x84, 0x20, 0x00, 0x01, 0x21, 0x00, 0x21, 0x00, 0x83, 0x41, 0x00,
    0x01, 0xE4, 0x08, 0x7E, 0x5E, 0x88, 0xBF, 0x66, 0x05, 0x9F, 0x66, 0xBF, 0x66, 0x59, 0x55, 0xE4,
    0x08, 0x62, 0x00, 0x83, 0x00, 0x84, 0x82, 0x00, 0x84, 0x83, 0x00, 0x82, 0xA3, 0x00, 0x85, 0xA3,
    0x08, 0x8C, 0xC4, 0x08, 0x86, 0xE4, 0x08, 0x03, 0x05, 0x09, 0xA9, 0x11, 0xA9, 0x11, 0x05, 0x09,
    0x86, 0xE4, 0x08, 0x85, 0xC4, 0x08, 0x82, 0xA4, 0x08, 0x82, 0xA3, 0x08, 0x82, 0xA3, 0x00, 0x85,
    0x83, 0x00, 0x84, 0x82, 0x00, 0x87, 0x62, 0x00, 0x05, 0xA4, 0x08, 0x98, 0x34, 0xDF, 0x45, 0xBF,
    0x45, 0xDF, 0x45, 0xDF, 0x45, 0x86, 0xBF, 0x45, 0x05, 0x7E, 0x45, 0xC4, 0x08, 0x21, 0x00, 0x41,
    0x00, 0x21, 0x00, 0x21, 0x00, 0x84, 0x20, 0x00, 0xA0, 0x00, 0x00, 0x9D, 0x00, 0x00, 0x84, 0x20,
    0x00, 0x82, 0x21, 0x00, 0x83, 0x41, 0x00, 0x03, 0x62, 0x00, 0xDB, 0x55, 0xBF, 0x66, 0x9F, 0x66,
    0x87, 0xBF, 0x66, 0x07, 0x9F, 0x66, 0xBF, 0x6E, 0x79, 0x55, 0xE4, 0x08, 0x82, 0x00, 0x83, 0x00,
    0x82, 0x00, 0x82, 0x00, 0x84, 0x83, 0x00, 0x82, 0xA3, 0x00, 0x85, 0xA3, 0x08, 0x8A, 0xC4, 0x08,
    0x85, 0xE4, 0x08, 0x8C, 0xE5, 0x08, 0x84, 0xE4, 0x08, 0x85, 0xC4, 0x08, 0x82, 0xA4, 0x08, 0x82,
    0xA3, 0x08, 0x82, 0xA3, 0x00, 0x86, 0x83, 0x00, 0x82, 0x82, 0x00, 0x83, 0x62, 0x00, 0x05, 0x82,
    0x00, 0x62, 0x00, 0xC4, 0x08, 0x99, 0x34, 0xDF, 0x45, 0xBF, 0x45, 0x82, 0xDF, 0x45, 0x86, 0xBF,
    0x45, 0x03, 0xDB, 0x3C, 0x42, 0x00, 0x41, 0x00, 0x41, 0x00, 0x82, 0x21, 0x00, 0x83, 0x20, 0x00,
    0xA0, 0x00, 0x00, 0x9C, 0x00, 0x00, 0x84, 0x20, 0x00, 0x83, 0x21, 0x00, 0x84, 0x41, 0x00, 0x02,
    0x90, 0x33, 0xBF, 0x66, 0x9F, 0x66, 0x86, 0xBF, 0x66, 0x07, 0xBF, 0x6E, 0xBF, 0x6E, 0x9F, 0x6E,
    0xBF, 0x6E, 0x79, 0x55, 0xE4, 0x08, 0x82, 0x00, 0xA3, 0x08, 0x84, 0x83, 0x00, 0x01, 0xA3, 0x00,
    0xA3, 0x00, 0x84, 0xA3, 0x08, 0x89, 0xC4, 0x08, 0x84, 0xE4, 0x08, 0x89, 0xE5, 0x08, 0x83, 0x05,
    0x09, 0x87, 0xE5, 0x08, 0x89, 0xC4, 0x08, 0x01, 0xA4, 0x08, 0xA4, 0x08, 0x82, 0xA3, 0x08, 0x82,
    0xA3, 0x00, 0x86, 0x83, 0x00, 0x83, 0x82, 0x00, 0x05, 0x83, 0x00, 0x62, 0x00, 0xC4, 0x08, 0x99,
    0x34, 0xDF, 0x45, 0xBF, 0x45, 0x82, 0xDF, 0x45, 0x85, 0xBF, 0x45, 0x04, 0x9F, 0x45, 0xBF, 0x45,
    0xCF, 0x22, 0x41, 0x00, 0x41, 0x00, 0x84, 0x21, 0x00, 0x82, 0x20, 0x00, 0xA0, 0x00, 0x00, 0x9B,
    0x00, 0x00, 0x84, 0x20, 0x00, 0x83, 0x21, 0x00, 0x84, 0x41, 0x00, 0x04, 0x62, 0x00, 0x82, 0x00,
    0x39, 0x4D, 0xBF, 0x66, 0x9F, 0x66, 0x85, 0xBF, 0x66, 0x82, 0xBF, 0x6E, 0x07, 0x9F, 0x6E, 0xBF,
    0x6E, 0x7A, 0x55, 0xE5, 0x08, 0x83, 0x00, 0xA3, 0x08, 0x83, 0x00, 0x83, 0x00, 0x86, 0xA3, 0x08,
    0x88, 0xC4, 0x08, 0x85, 0xE4, 0x08, 0x8A, 0xE5, 0x08, 0x85, 0x05, 0x09, 0x88, 0xE5, 0x08, 0x00,
    0xE4, 0x08, 0x88, 0xC4, 0x08, 0x03, 0xA4, 0x08, 0xA4, 0x08, 0xA3, 0x08, 0xA3, 0x08, 0x85, 0xA3,
    0x00, 0x83, 0x83, 0x00, 0x09, 0x82, 0x00, 0x82, 0x00, 0x83, 0x00, 0x82, 0x00, 0xC4, 0x08, 0x99,
    0x34, 0xDF, 0x45, 0xBF, 0x45, 0xDF, 0x45, 0xDF, 0x45, 0x86, 0xBF, 0x45, 0x05, 0x9F, 0x45, 0xBF,
    0x45, 0x58, 0x34, 0x62, 0x00, 0x41, 0x00, 0x41, 0x00, 0x85, 0x21, 0x00, 0x01, 0x20, 0x00, 0x20,
    0x00, 0xA0, 0x00, 0x00, 0x9B, 0x00, 0x00, 0x84, 0x20, 0x00, 0x83, 0x21, 0x00, 0x84, 0x41, 0x00,
    0x05, 0x61, 0x00, 0x41, 0x00, 0xC3, 0x08, 0x59, 0x4D, 0xBF, 0x66, 0x9F, 0x66, 0x83, 0xBF, 0x66,
    0x84, 0xBF, 0x6E, 0x03, 0x9F, 0x6E, 0xBF, 0x6E, 0x7A, 0x55, 0xE5, 0x08, 0x88, 0xA3, 0x08, 0x87,
    0xC4, 0x08, 0x85, 0xE4, 0x08, 0x84, 0xE5, 0x08, 0x8E, 0x05, 0x09, 0x89, 0xE5, 0x08, 0x01, 0xE4,
    0x08, 0xE4, 0x08, 0x86, 0xC4, 0x08, 0x82, 0xA4, 0x08, 0x83, 0xA3, 0x08, 0x84, 0xA3, 0x00, 0x83,
    0x83, 0x00, 0x04, 0xC4, 0x08, 0x99, 0x34, 0xDF, 0x45, 0xBF, 0x45, 0xDF, 0x45, 0x87, 0xBF, 0x45,
    0x03, 0x9F, 0x45, 0xBF, 0x45, 0x78, 0x34, 0x83, 0x00, 0x82, 0x41, 0x00, 0x85, 0x21, 0x00, 0x01,
    0x20, 0x00, 0x20, 0x00, 0xA0, 0x00, 0x00, 0x9B, 0x00, 0x00, 0x84, 0x20, 0x00, 0x82, 0x21, 0x00,
    0x86, 0x41, 0x00, 0x05, 0x62, 0x00, 0x62, 0x00, 0xC3, 0x08, 0x59, 0x4D, 0xBF, 0x66, 0x9F, 0x66,
    0x82, 0xBF, 0x66, 0x85, 0xBF, 0x6E, 0x03, 0x9F, 0x6E, 0xBF, 0x6E, 0x7A, 0x5D, 0x05, 0x09, 0x83,
    0xA3, 0x08, 0x01, 0xA4, 0x08, 0xA4, 0x08, 0x87, 0xC4, 0x08, 0x84, 0xE4, 0x08, 0x85, 0xE5, 0x08,
    0x95, 0x05, 0x09, 0x86, 0xE5, 0x08, 0x01, 0xE4, 0x08, 0xE4, 0x08, 0x86, 0xC4, 0x08, 0x82, 0xA4,
    0x08, 0x85, 0xA3, 0x08, 0x82, 0xA3, 0x00, 0x05, 0x83, 0x00, 0xC4, 0x08, 0x99, 0x3C, 0xDF, 0x45,
    0xBF, 0x45, 0xDF, 0x45, 0x87, 0xBF, 0x45, 0x07, 0x9F, 0x45, 0xBF, 0x45, 0x78, 0x34, 0x83, 0x00,
    0x41, 0x00, 0x42, 0x00, 0x41, 0x00, 0x41, 0x00, 0x85, 0x21, 0x00, 0x01, 0x20, 0x00, 0x20, 0x00,
    0xA0, 0x00, 0x00, 0x9B, 0x00, 0x00, 0x84, 0x20, 0x00, 0x01, 0x21, 0x00, 0x21, 0x00, 0x87, 0x41,
    0x00, 0x82, 0x62, 0x00, 0x04, 0xC4, 0x08, 0x59, 0x55, 0xBF, 0x66, 0x9F, 0x66, 0xBF, 0x66, 0x87,
    0xBF, 0x6E, 0x07, 0x9F, 0x6E, 0xBF, 0x6E, 0x7A, 0x5D, 0x05, 0x09, 0xC3, 0x08, 0xC4, 0x08, 0xA4,
    0x08, 0xA4, 0x08, 0x85, 0xC4, 0x08, 0x84, 0xE4, 0x08, 0x85, 0xE5, 0x08, 0x87, 0x05, 0x09, 0x8B,
    0x06, 0x09, 0x87, 0x05, 0x09, 0x84, 0xE5, 0x08, 0x82, 0xE4, 0x08, 0x86, 0xC4, 0x08, 0x83, 0xA4,
    0x08, 0x84, 0xA3, 0x08, 0x03, 0xA3, 0x00, 0xE4, 0x08, 0x99, 0x3C, 0xDF, 0x45, 0x89, 0xBF, 0x45,
    0x05, 0x9F, 0x45, 0xBF, 0x45, 0x78, 0x34, 0xA3, 0x00, 0x42, 0x00, 0x62, 0x00, 0x82, 0x41, 0x00,
    0x85, 0x21, 0x00, 0x01, 0x20, 0x00, 0x20, 0x00, 0xA0, 0x00, 0x00, 0x9B, 0x00, 0x00, 0x84, 0x20,
    0x00, 0x01, 0x21, 0x00, 0x21, 0x00, 0x87, 0x41, 0x00, 0x83, 0x62, 0x00, 0x05, 0xC4, 0x08, 0x59,
    0x55, 0xBF, 0x66, 0x9F, 0x66, 0xBF, 0x6E, 0x9F, 0x6E, 0x86, 0xBF, 0x6E, 0x02, 0x9F, 0x6E, 0xBF,
    0x76, 0x18, 0x55, 0x87, 0xC4, 0x08, 0x84, 0xE4, 0x08, 0x84, 0xE5, 0x08, 0x86, 0x05, 0x09, 0x84,
    0x06, 0x09, 0x88, 0x26, 0x09, 0x86, 0x06, 0x09, 0x84, 0x05, 0x09, 0x84, 0xE5, 0x08, 0x82, 0xE4,
    0x08, 0x87, 0xC4, 0x08, 0x01, 0xA4, 0x08, 0xA4, 0x08, 0x84, 0xA3, 0x08, 0x01, 0x37, 0x34, 0xDF,
    0x45, 0x89, 0xBF, 0x45, 0x05, 0x9F, 0x45, 0xBF, 0x45, 0x78, 0x34, 0xA3, 0x00, 0x42, 0x00, 0x62,
    0x00, 0x83, 0x41, 0x00, 0x85, 0x21, 0x00, 0x01, 0x20, 0x00, 0x20, 0x00, 0xA0, 0x00, 0x00, 0x9B,
    0x00, 0x00, 0x84, 0x20, 0x00, 0x01, 0x21, 0x00, 0x21, 0x00, 0x87, 0x41, 0x00, 0x84, 0x62, 0x00,
    0x03, 0xE4, 0x08, 0x59, 0x55, 0x9F, 0x66, 0x9F, 0x66, 0x82, 0xBF, 0x6E, 0x00, 0x9F, 0x6E, 0x84,
    0xBF, 0x6E, 0x02, 0x9F, 0x6E, 0xBF, 0x76, 0xAD, 0x2A, 0x85, 0xC4, 0x08, 0x83, 0xE4, 0x08, 0x84,
    0xE5, 0x08, 0x84, 0x05, 0x09, 0x83, 0x06, 0x09, 0x92, 0x26, 0x09, 0x84, 0x06, 0x09, 0x83, 0x05,
    0x09, 0x85, 0xE5, 0x08, 0x00, 0xE4, 0x08, 0x89, 0xC4, 0x08, 0x04, 0xA3, 0x08, 0xC4, 0x08, 0xA3,
    0x08, 0x2B, 0x1A, 0xDF, 0x45, 0x89, 0xBF, 0x45, 0x06, 0x9F, 0x45, 0xBF, 0x45, 0x78, 0x34, 0xA4,
    0x08, 0x62, 0x00, 0x62, 0x00, 0x42, 0x00, 0x83, 0x41, 0x00, 0x85, 0x21, 0x00, 0x82, 0x20, 0x00,
    0x9F, 0x00, 0x00, 0x9B, 0x00, 0x00, 0x84, 0x20, 0x00, 0x01, 0x21, 0x00, 0x21, 0x00, 0x86, 0x41,
    0x00, 0x84, 0x62, 0x00, 0x14, 0x82, 0x00, 0x62, 0x00, 0xE4, 0x08, 0x59, 0x55, 0x9F, 0x6E, 0x9F,
    0x66, 0x9F, 0x6E, 0x9F, 0x6E, 0xBF, 0x6E, 0xBF, 0x6E, 0x9F, 0x6E, 0x9F, 0x6E, 0xBF, 0x6E, 0xBF,
    0x6E, 0x9F, 0x6E, 0x9F, 0x76, 0x96, 0x4C, 0xC4, 0x08, 0xE4, 0x08, 0xC4, 0x08, 0xC4, 0x08, 0x83,
    0xE4, 0x08, 0x83, 0xE5, 0x08, 0x86, 0x05, 0x09, 0x01, 0x06, 0x09, 0x06, 0x09, 0x99, 0x26, 0x09,
    0x82, 0x06, 0x09, 0x83, 0x05, 0x09, 0x85, 0xE5, 0x08, 0x00, 0xE4, 0x08, 0x89, 0xC4, 0x08, 0x01,
    0xA3, 0x08, 0xB4, 0x2B, 0x89, 0xBF, 0x45, 0x07, 0x9F, 0x45, 0xBF, 0x45, 0x79, 0x34, 0xC4, 0x08,
    0x62, 0x00, 0x62, 0x00, 0x42, 0x00, 0x42, 0x00, 0x84, 0x41, 0x00, 0x84, 0x21, 0x00, 0x82, 0x20,
    0x00, 0x9F, 0x00, 0x00, 0x9B, 0x00, 0x00, 0x84, 0x20, 0x00, 0x01, 0x21, 0x00, 0x21, 0x00, 0x85,
    0x41, 0x00, 0x86, 0x62, 0x00, 0x03, 0x83, 0x00, 0x82, 0x00, 0xE4, 0x08, 0x5A, 0x55, 0x85, 0x9F,
    0x6E, 0x08, 0xBF, 0x6E, 0xBF, 0x6E, 0x9F, 0x6E, 0x9F, 0x6E, 0xBF, 0x76, 0x18, 0x55, 0xC4, 0x08,
    0xE5, 0x08, 0xC4, 0x08, 0x82, 0xE4, 0x08, 0x84, 0xE5, 0x08, 0x84, 0x05, 0x09, 0x82, 0x06, 0x09,
    0x83, 0x26, 0x09, 0x00, 0x46, 0x09, 0x84, 0x26, 0x09, 0x0D, 0x88, 0x11, 0x2B, 0x1A, 0xAE, 0x22,
    0x30, 0x2B, 0x92, 0x33, 0xD3, 0x33, 0xF4, 0x3B, 0xD3, 0x33, 0xB3, 0x33, 0x72, 0x33, 0x10, 0x2B,
    0x8D, 0x22, 0x0B, 0x1A, 0x88, 0x11, 0x86, 0x26, 0x09, 0x01, 0x06, 0x09, 0x06, 0x09, 0x83, 0x05,
    0x09, 0x85, 0xE5, 0x08, 0x88, 0xC4, 0x08, 0x02, 0xA4, 0x08, 0x37, 0x34, 0xDF, 0x45, 0x87, 0xBF,
    0x45, 0x03, 0x9F, 0x45, 0xBF, 0x45, 0x79, 0x34, 0xC4, 0x08, 0x82, 0x62, 0x00, 0x01, 0x42, 0x00,
    0x42, 0x00, 0x84, 0x41, 0x00, 0x84, 0x21, 0x00, 0x83, 0x20, 0x00, 0x9E, 0x00, 0x00, 0x9B, 0x00,
    0x00, 0x83, 0x20, 0x00, 0x82, 0x21, 0x00, 0x85, 0x41, 0x00, 0x85, 0x62, 0x00, 0x05, 0x82, 0x00,
    0x82, 0x00, 0x83, 0x08, 0x82, 0x00, 0x05, 0x09, 0x5A, 0x55, 0x86, 0x9F, 0x6E, 0x07, 0x9F, 0x76,
    0x9F, 0x6E, 0x9F, 0x76, 0x96, 0x4C, 0xC4, 0x08, 0xE5, 0x08, 0xE4, 0x08, 0xE4, 0x08, 0x84, 0xE5,
    0x08, 0x84, 0x05, 0x09, 0x82, 0x06, 0x09, 0x86, 0x26, 0x09, 0x05, 0x47, 0x09, 0x4B, 0x1A, 0x91,
    0x33, 0x97, 0x4C, 0x7B, 0x5D, 0xFE, 0x65, 0x85, 0x5F, 0x66, 0x85, 0x3F, 0x5E, 0x04, 0xBD, 0x55,
    0x3B, 0x4D, 0x56, 0x3C, 0x31, 0x2B, 0x0B, 0x1A, 0x82, 0x26, 0x09, 0x03, 0x06, 0x09, 0x26, 0x09,
    0x06, 0x09, 0x06, 0x09, 0x83, 0x05, 0x09, 0x84, 0xE5, 0x08, 0x00, 0xE4, 0x08, 0x86, 0xC4, 0x08,
    0x01, 0xA4, 0x08, 0xB4, 0x2B, 0x87, 0xBF, 0x45, 0x03, 0x9F, 0x45, 0xBF, 0x45, 0x79, 0x34, 0xC4,
    0x08, 0x83, 0x62, 0x00, 0x01, 0x42, 0x00, 0x42, 0x00, 0x85, 0x41, 0x00, 0x83, 0x21, 0x00, 0x83,
    0x20, 0x00, 0x9E, 0x00, 0x00, 0x9B, 0x00, 0x00, 0x82, 0x20, 0x00, 0x82, 0x21, 0x00, 0x86, 0x41,
    0x00, 0x84, 0x62, 0x00, 0x83, 0x82, 0x00, 0x05, 0xA3, 0x08, 0x83, 0x00, 0x05, 0x09, 0x5A, 0x55,
    0x9F, 0x6E, 0x7F, 0x6E, 0x83, 0x9F, 0x6E, 0x04, 0x9F, 0x76, 0x9F, 0x6E, 0x9F, 0x76, 0xAD, 0x2A,
    0xC4, 0x08, 0x85, 0xE5, 0x08, 0x84, 0x05, 0x09, 0x82, 0x06, 0x09, 0x85, 0x26, 0x09, 0x06, 0x47,
    0x11, 0xCE, 0x2A, 0x76, 0x44, 0xBC, 0x5D, 0x7F, 0x6E, 0x7F, 0x6E, 0x5F, 0x6E, 0x83, 0x5F, 0x66,
    0x82, 0x3F, 0x66, 0x87, 0x3F, 0x5E, 0x82, 0x1F, 0x5E, 0x09, 0x1F, 0x56, 0x5B, 0x4D, 0x15, 0x3C,
    0x6D, 0x22, 0x26, 0x09, 0x26, 0x09, 0x06, 0x09, 0x26, 0x09, 0x06, 0x09, 0x06, 0x09, 0x82, 0x05,
    0x09, 0x84, 0xE5, 0x08, 0x87, 0xC4, 0x08, 0x00, 0x2C, 0x1A, 0x86, 0xBF, 0x45, 0x05, 0x9F, 0x45,
    0xBF, 0x45, 0x79, 0x34, 0xC4, 0x08, 0x62, 0x00, 0x83, 0x00, 0x83, 0x62, 0x00, 0x01, 0x42, 0x00,
    0x42, 0x00, 0x84, 0x41, 0x00, 0x83, 0x21, 0x00, 0x84, 0x20, 0x00, 0x9D, 0x00, 0x00, 0x9B, 0x00,
    0x00, 0x82, 0x20, 0x00, 0x82, 0x21, 0x00, 0x86, 0x41, 0x00, 0x84, 0x62, 0x00, 0x83, 0x82, 0x00,
    0x04, 0x83, 0x00, 0xA3, 0x08, 0xA3, 0x00, 0x05, 0x09, 0x7A, 0x55, 0x85, 0x9F, 0x6E, 0x01, 0x9F,
    0x76, 0x18, 0x55, 0x86, 0xE5, 0x08, 0x83, 0x05, 0x09, 0x82, 0x06, 0x09, 0x85, 0x26, 0x09, 0x02,
    0x0A, 0x1A, 0x14, 0x44, 0xBC, 0x65, 0x83, 0x7F, 0x6E, 0x00, 0x5F, 0x6E, 0x87, 0x5F, 0x66, 0x00,
    0x3F, 0x66, 0x84, 0x3F, 0x5E, 0x83, 0x1F, 0x5E, 0x84, 0x1F, 0x56, 0x06, 0x3B, 0x4D, 0x93, 0x33,
    0xC9, 0x11, 0x26, 0x09, 0x06, 0x09, 0x26, 0x09, 0x06, 0x09, 0x83, 0x05, 0x09, 0x84, 0xE5, 0x08,
    0x86, 0xC4, 0x08, 0x00, 0x37, 0x34, 0x82, 0xBF, 0x45, 0x82, 0x9F, 0x45, 0x04, 0xBF, 0x45, 0x79,
    0x34, 0xC4, 0x08, 0x82, 0x00, 0x83, 0x00, 0x84, 0x62, 0x00, 0x01, 0x42, 0x00, 0x42, 0x00, 0x84,
    0x41, 0x00, 0x84, 0x21, 0x00, 0x83, 0x20, 0x00, 0x9D, 0x00, 0x00, 0x9B, 0x00, 0x00, 0x82, 0x20,
    0x00, 0x01, 0x21, 0x00, 0x21, 0x00, 0x87, 0x41, 0x00, 0x84, 0x62, 0x00, 0x82, 0x82, 0x00, 0x82,
    0x83, 0x00, 0x03, 0xA3, 0x08, 0xA3, 0x08, 0x05, 0x09, 0xF8, 0x4C, 0x84, 0x9F, 0x6E, 0x02, 0x18,
    0x55, 0x46, 0x11, 0xE4, 0x08, 0x84, 0xE5, 0x08, 0x82, 0x05, 0x09, 0x82, 0x06, 0x09, 0x85, 0x26,
    0x09, 0x02, 0x6C, 0x22, 0xD7, 0x4C, 0x5F, 0x6E, 0x82, 0x7F, 0x6E, 0x82, 0x5F, 0x6E, 0x00, 0x7F,
    0x6E, 0x87, 0x5F, 0x66, 0x00, 0x3F, 0x66, 0x86, 0x3F, 0x5E, 0x82, 0x1F, 0x5E, 0x08, 0x1F, 0x56,
    0x1F, 0x56, 0xFF, 0x55, 0xFF, 0x55, 0x1F, 0x56, 0xFF, 0x55, 0xDE, 0x4D, 0x36, 0x3C, 0x0B, 0x1A,
    0x83, 0x06, 0x09, 0x01, 0x05, 0x09, 0x05, 0x09, 0x85, 0xE5, 0x08, 0x85, 0xC4, 0x08, 0x01, 0x05,
    0x09, 0x37, 0x34, 0x84, 0xBF, 0x45, 0x03, 0x17, 0x34, 0xC4, 0x08, 0x83, 0x00, 0x83, 0x00, 0x85,
    0x62, 0x00, 0x82, 0x42, 0x00, 0x83, 0x41, 0x00, 0x84, 0x21, 0x00, 0x84, 0x20, 0x00, 0x9C, 0x00,
    0x00, 0x9B, 0x00, 0x00, 0x82, 0x20, 0x00, 0x01, 0x21, 0x00, 0x21, 0x00, 0x86, 0x41, 0x00, 0x85,
    0x62, 0x00, 0x01, 0x82, 0x00, 0x82, 0x00, 0x82, 0x83, 0x00, 0x0B, 0xA3, 0x00, 0xA3, 0x00, 0xC4,
    0x08, 0xA3, 0x08, 0xA4, 0x08, 0x8D, 0x22, 0x55, 0x44, 0xF8, 0x4C, 0x75, 0x44, 0xAD, 0x2A, 0xE4,
    0x08, 0xE4, 0x08, 0x84, 0xE5, 0x08, 0x82, 0x05, 0x09, 0x01, 0x06, 0x09, 0x06, 0x09, 0x85, 0x26,
    0x09, 0x03, 0x0A, 0x1A, 0xD7, 0x54, 0x7F, 0x6E, 0x7F, 0x76, 0x85, 0x7F, 0x6E, 0x01, 0x5F, 0x6E,
    0x5F, 0x6E, 0x85, 0x5F, 0x66, 0x01, 0x3F, 0x66, 0x3F, 0x66, 0x86, 0x3F, 0x5E, 0x82, 0x1F, 0x5E,
    0x84, 0x1F, 0x56, 0x83, 0xFF, 0x55, 0x02, 0xDF, 0x55, 0x16, 0x34, 0xC9, 0x11, 0x82, 0x06, 0x09,
    0x82, 0x05, 0x09, 0x84, 0xE5, 0x08, 0x86, 0xC4, 0x08, 0x05, 0x2C, 0x1A, 0x94, 0x2B, 0x17, 0x34,
    0x94, 0x2B, 0x0B, 0x1A, 0xA3, 0x00, 0x83, 0x83, 0x00, 0x85, 0x62, 0x00, 0x01, 0x42, 0x00, 0x42,
    0x00, 0x83, 0x41, 0x00, 0x85, 0x21, 0x00, 0x83, 0x20, 0x00, 0x9C, 0x00, 0x00, 0x9B, 0x00, 0x00,
    0x82, 0x20, 0x00, 0x01, 0x21, 0x00, 0x21, 0x00, 0x86, 0x41, 0x00, 0x85, 0x62, 0x00, 0x01, 0x82,
    0x00, 0x82, 0x00, 0x82, 0x83, 0x00, 0x02, 0xA3, 0x00, 0xA3, 0x08, 0xA3, 0x08, 0x85, 0xC4, 0x08,
    0x01, 0xE4, 0x08, 0xE4, 0x08, 0x83, 0xE5, 0x08, 0x82, 0x05, 0x09, 0x82, 0x06, 0x09, 0x82, 0x26,
    0x09, 0x06, 0x46, 0x09, 0x26, 0x09, 0x67, 0x11, 0x34, 0x44, 0x5E, 0x6E, 0x7F, 0x76, 0x7F, 0x76,
    0x85, 0x7F, 0x6E, 0x01, 0x5F, 0x6E, 0x5F, 0x6E, 0x85, 0x5F, 0x66, 0x82, 0x3F, 0x66, 0x84, 0x3F,
    0x5E, 0x84, 0x1F, 0x5E, 0x82, 0x1F, 0x56, 0x84, 0xFF, 0x55, 0x07, 0xDF, 0x55, 0xFF, 0x55, 0xFF,
    0x55, 0x9E, 0x4D, 0x72, 0x2B, 0x26, 0x09, 0x06, 0x09, 0x26, 0x09, 0x82, 0x05, 0x09, 0x85, 0xE5,
    0x08, 0x85, 0xC4, 0x08, 0x05, 0xA4, 0x08, 0xA4, 0x08, 0xA3, 0x08, 0xA3, 0x08, 0xA3, 0x00, 0xA3,
    0x00, 0x82, 0x83, 0x00, 0x86, 0x62, 0x00, 0x00, 0x42, 0x00, 0x83, 0x41, 0x00, 0x85, 0x21, 0x00,
    0x84, 0x20, 0x00, 0x9B, 0x00, 0x00, 0x9B, 0x00, 0x00, 0x82, 0x20, 0x00, 0x01, 0x21, 0x00, 0x21,
    0x00, 0x85, 0x41, 0x00, 0x85, 0x62, 0x00, 0x82, 0x82, 0x00, 0x09, 0x83, 0x00, 0x83, 0x00, 0xA3,
    0x00, 0xA3, 0x00, 0xA3, 0x08, 0xA3, 0x08, 0xA4, 0x08, 0xC4, 0x08, 0xC4, 0x08, 0xE4, 0x08, 0x86,
    0xE5, 0x08, 0x82, 0x05, 0x09, 0x01, 0x06, 0x09, 0x06, 0x09, 0x85, 0x26, 0x09, 0x05, 0xAE, 0x2A,
    0xBC, 0x65, 0x9F, 0x76, 0x7F, 0x76, 0x7F, 0x6E, 0x7F, 0x76, 0x85, 0x7F, 0x6E, 0x01, 0x5F, 0x6E,
    0x5F, 0x6E, 0x84, 0x5F, 0x66, 0x83, 0x3F, 0x66, 0x84, 0x3F, 0x5E, 0x84, 0x1F, 0x5E, 0x82, 0x1F,
    0x56, 0x86, 0xFF, 0x55, 0x04, 0xDF, 0x4D, 0xFF, 0x4D, 0xFF, 0x4D, 0xFA, 0x44, 0x2C, 0x1A, 0x82,
    0x06, 0x09, 0x01, 0x05, 0x09, 0x05, 0x09, 0x85, 0xE5, 0x08, 0x87, 0xC4, 0x08, 0x02, 0xA4, 0x08,
    0xA3, 0x00, 0xA3, 0x00, 0x82, 0x83, 0x00, 0x00, 0x82, 0x00, 0x85, 0x62, 0x00, 0x00, 0x42, 0x00,
    0x83, 0x41, 0x00, 0x85, 0x21, 0x00, 0x84, 0x20, 0x00, 0x9B, 0x00, 0x00, 0x9B, 0x00, 0x00, 0x82,
    0x20, 0x00, 0x01, 0x21, 0x00, 0x21, 0x00, 0x85, 0x41, 0x00, 0x84, 0x62, 0x00, 0x83, 0x82, 0x00,
    0x05, 0x83, 0x00, 0x83, 0x00, 0xA3, 0x00, 0xA3, 0x08, 0xA3, 0x08, 0xA4, 0x08, 0x84, 0xC4, 0x08,
    0x00, 0xE4, 0x08, 0x83, 0xE5, 0x08, 0x82, 0x05, 0x09, 0x01, 0x06, 0x09, 0x06, 0x09, 0x82, 0x26,
    0x09, 0x08, 0x46, 0x09, 0x26, 0x09, 0x26, 0x09, 0x14, 0x44, 0x7F, 0x76, 0x7F, 0x76, 0x7F, 0x6E,
    0x7F, 0x76, 0x7F, 0x76, 0x85, 0x7F, 0x6E, 0x82, 0x5F, 0x6E, 0x84, 0x5F, 0x66, 0x82, 0x3F, 0x66,
    0x82, 0x3F, 0x5E, 0x86, 0x1F, 0x5E, 0x83, 0x1F, 0x56, 0x87, 0xFF, 0x55, 0x82, 0xDF, 0x4D, 0x01,
    0xBF, 0x4D, 0x72, 0x2B, 0x82, 0x06, 0x09, 0x01, 0x05, 0x09, 0x05, 0x09, 0x85, 0xE5, 0x08, 0x84,
    0xC4, 0x08, 0x08, 0xA4, 0x08, 0xA4, 0x08, 0xA3, 0x08, 0xA3, 0x08, 0xA3, 0x00, 0xA3, 0x00, 0x83,
    0x00, 0x83, 0x00, 0x82, 0x00, 0x85, 0x62, 0x00, 0x01, 0x42, 0x00, 0x42, 0x00, 0x83, 0x41, 0x00,
    0x84, 0x21, 0x00, 0x84, 0x20, 0x00, 0x9B, 0x00, 0x00, 0x9B, 0x00, 0x00, 0x01, 0x20, 0x00, 0x20,
    0x00, 0x82, 0x21, 0x00, 0x85, 0x41, 0x00, 0x84, 0x62, 0x00, 0x82, 0x82, 0x00, 0x06, 0x83, 0x00,
    0x83, 0x00, 0xA3, 0x00, 0xA3, 0x00, 0xA3, 0x08, 0xA3, 0x08, 0xA4, 0x08, 0x83, 0xC4, 0x08, 0x01,
    0xE4, 0x08, 0xE4, 0x08, 0x83, 0xE5, 0x08, 0x03, 0x05, 0x09, 0x05, 0x09, 0x06, 0x09, 0x06, 0x09,
    0x82, 0x26, 0x09, 0x03, 0x46, 0x09, 0x26, 0x09, 0xA9, 0x11, 0x39, 0x55, 0x83, 0x7F, 0x76, 0x86,
    0x7F, 0x6E, 0x82, 0x5F, 0x6E, 0x82, 0x5F, 0x66, 0x85, 0x3F, 0x66, 0x84, 0x3F, 0x5E, 0x84, 0x1F,
    0x5E, 0x02, 0xFF, 0x55, 0x1F, 0x56, 0x1F, 0x56, 0x88, 0xFF, 0x55, 0x84, 0xDF, 0x4D, 0x05, 0x57,
    0x34, 0x68, 0x11, 0x06, 0x09, 0x06, 0x09, 0x05, 0x09, 0x05, 0x09, 0x84, 0xE5, 0x08, 0x85, 0xC4,
    0x08, 0x08, 0xA4, 0x08, 0xA3, 0x08, 0xA3, 0x08, 0xA3, 0x00, 0xA3, 0x00, 0x83, 0x00, 0x83, 0x00,
    0x82, 0x00, 0x82, 0x00, 0x84, 0x62, 0x00, 0x01, 0x42, 0x00, 0x42, 0x00, 0x83, 0x41, 0x00, 0x84,
    0x21, 0x00, 0x84, 0x20, 0x00, 0x9B, 0x00, 0x00, 0x9A, 0x00, 0x00, 0x82, 0x20, 0x00, 0x82, 0x21,
    0x00, 0x85, 0x41, 0x00, 0x84, 0x62, 0x00, 0x82, 0x82, 0x00, 0x02, 0x83, 0x00, 0x83, 0x00, 0xA3,
    0x00, 0x82, 0xA3, 0x08, 0x84, 0xC4, 0x08, 0x00, 0xE4, 0x08, 0x83, 0xE5, 0x08, 0x03, 0x05, 0x09,
    0x05, 0x09, 0x06, 0x09, 0x06, 0x09, 0x82, 0x26, 0x09, 0x04, 0x46, 0x09, 0x26, 0x09, 0x4B, 0x22,
    0xDC, 0x65, 0x7F, 0x76, 0x89, 0x7F, 0x6E, 0x82, 0x5F, 0x6E, 0x01, 0x5F, 0x66, 0x3F, 0x66, 0x82,
    0x5F, 0x66, 0x82, 0x3F, 0x66, 0x02, 0x1F, 0x5E, 0xDE, 0x5D, 0xBD, 0x5D, 0x82, 0xBD, 0x55, 0x01,
    0xDE, 0x55, 0xFF, 0x5D, 0x83, 0x1F, 0x5E, 0x00, 0x1F, 0x56, 0x88, 0xFF, 0x55, 0x01, 0xDF, 0x55,
    0xDF, 0x55, 0x83, 0xDF, 0x4D, 0x07, 0xBF, 0x4D, 0xDF, 0x4D, 0xFB, 0x44, 0xCA, 0x11, 0x06, 0x09,
    0x06, 0x09, 0x05, 0x09, 0x05, 0x09, 0x84, 0xE5, 0x08, 0x84, 0xC4, 0x08, 0x04, 0xA4, 0x08, 0xA4,
    0x08, 0xA3, 0x08, 0xA3, 0x00, 0xA3, 0x00, 0x82, 0x83, 0x00, 0x00, 0x82, 0x00, 0x84, 0x62, 0x00,
    0x01, 0x42, 0x00, 0x42, 0x00, 0x83, 0x41, 0x00, 0x84, 0x21, 0x00, 0x85, 0x20, 0x00, 0x9A, 0x00,
    0x00, 0x9A, 0x00, 0x00, 0x82, 0x20, 0x00, 0x01, 0x21, 0x00, 0x21, 0x00, 0x86, 0x41, 0x00, 0x84,
    0x62, 0x00, 0x01, 0x82, 0x00, 0x82, 0x00, 0x82, 0x83, 0x00, 0x82, 0xA3, 0x08, 0x00, 0xA4, 0x08,
    0x83, 0xC4, 0x08, 0x01, 0xE4, 0x08, 0xE4, 0x08, 0x82, 0xE5, 0x08, 0x82, 0x05, 0x09, 0x00, 0x06,
    0x09, 0x82, 0x26, 0x09, 0x03, 0x46, 0x09, 0x26, 0x09, 0x8D, 0x22, 0x1E, 0x6E, 0x89, 0x7F, 0x6E,
    0x83, 0x5F, 0x6E, 0x00, 0x3F, 0x66, 0x82, 0x5F, 0x66, 0x11, 0x1F, 0x66, 0x7C, 0x55, 0xB8, 0x4C,
    0x15, 0x3C, 0x72, 0x33, 0x10, 0x2B, 0xCF, 0x22, 0xAE, 0x22, 0x8D, 0x22, 0x8D, 0x22, 0xAE, 0x22,
    0xCF, 0x22, 0x10, 0x2B, 0x51, 0x2B, 0xD4, 0x33, 0x98, 0x44, 0x5B, 0x4D, 0xDF, 0x55, 0x82, 0xFF,
    0x55, 0x00, 0xDF, 0x55, 0x83, 0xFF, 0x55, 0x82, 0xDF, 0x55, 0x84, 0xDF, 0x4D, 0x06, 0xBF, 0x4D,
    0xDF, 0x4D, 0x5D, 0x45, 0x0B, 0x1A, 0x06, 0x09, 0x06, 0x09, 0x05, 0x09, 0x85, 0xE5, 0x08, 0x84,
    0xC4, 0x08, 0x03, 0xA4, 0x08, 0xA3, 0x08, 0xA3, 0x08, 0xA3, 0x00, 0x82, 0x83, 0x00, 0x00, 0x82,
    0x00, 0x84, 0x62, 0x00, 0x01, 0x42, 0x00, 0x42, 0x00, 0x84, 0x41, 0x00, 0x84, 0x21, 0x00, 0x84,
    0x20, 0x00, 0x9A, 0x00, 0x00, 0x99, 0x00, 0x00, 0x82, 0x20, 0x00, 0x82, 0x21, 0x00, 0x85, 0x41,
    0x00, 0x85, 0x62, 0x00, 0x04, 0x82, 0x00, 0x82, 0x00, 0x83, 0x00, 0x83, 0x00, 0xA3, 0x00, 0x82,
    0xA3, 0x08, 0x84, 0xC4, 0x08, 0x00, 0xE4, 0x08, 0x82, 0xE5, 0x08, 0x83, 0x05, 0x09, 0x82, 0x26,
    0x09, 0x03, 0x46, 0x09, 0x26, 0x09, 0xAE, 0x2A, 0x3E, 0x6E, 0x89, 0x7F, 0x6E, 0x82, 0x5F, 0x6E,
    0x82, 0x5F, 0x66, 0x08, 0x3F, 0x66, 0x3A, 0x55, 0x14, 0x3C, 0x10, 0x2B, 0x8D, 0x22, 0x4C, 0x1A,
    0x4C, 0x1A, 0x6D, 0x1A, 0x6D, 0x22, 0x84, 0x8D, 0x22, 0x0B, 0x6D, 0x1A, 0x6D, 0x1A, 0x4C, 0x1A,
    0x4C, 0x1A, 0x2C, 0x1A, 0x6D, 0x1A, 0xCF, 0x22, 0xB4, 0x33, 0xFA, 0x44, 0xDF, 0x55, 0xFF, 0x55,
    0xFF, 0x55, 0x83, 0xDF, 0x55, 0x87, 0xDF, 0x4D, 0x06, 0xBF, 0x4D, 0xBF, 0x4D, 0x7E, 0x45, 0x2C,
    0x1A, 0x06, 0x09, 0x06, 0x09, 0x05, 0x09, 0x84, 0xE5, 0x08, 0x84, 0xC4, 0x08, 0x04, 0xA4, 0x08,
    0xA4, 0x08, 0xA3, 0x08, 0xA3, 0x00, 0xA3, 0x00, 0x82, 0x83, 0x00, 0x00, 0x82, 0x00, 0x83, 0x62,
    0x00, 0x01, 0x42, 0x00, 0x42, 0x00, 0x84, 0x41, 0x00, 0x84, 0x21, 0x00, 0x85, 0x20, 0x00, 0x99,
    0x00, 0x00, 0x99, 0x00, 0x00, 0x82, 0x20, 0x00, 0x82, 0x21, 0x00, 0x85, 0x41, 0x00, 0x84, 0x62,
    0x00, 0x01, 0x82, 0x00, 0x82, 0x00, 0x82, 0x83, 0x00, 0x82, 0xA3, 0x08, 0x00, 0xA4, 0x08, 0x84,
    0xC4, 0x08, 0x00, 0xE4, 0x08, 0x82, 0xE5, 0x08, 0x0B, 0x05, 0x09, 0x05, 0x09, 0x06, 0x09, 0x06,
    0x09, 0x26, 0x09, 0x26, 0x09, 0x46, 0x09, 0x26, 0x09, 0x8D, 0x22, 0x3E, 0x6E, 0x7F, 0x6E, 0x5F,
    0x6E, 0x86, 0x7F, 0x6E, 0x82, 0x5F, 0x6E, 0x08, 0x5F, 0x66, 0x5F, 0x6E, 0x5F, 0x66, 0xFE, 0x5D,
    0x97, 0x44, 0x10, 0x2B, 0x6D, 0x1A, 0x4C, 0x1A, 0x8D, 0x22, 0x84, 0xAE, 0x22, 0x04, 0x8E, 0x22,
    0x8E, 0x22, 0x8D, 0x22, 0x8D, 0x22, 0x8E, 0x22, 0x82, 0x8D, 0x22, 0x0A, 0x8E, 0x22, 0x8E, 0x22,
    0x8D, 0x22, 0x6D, 0x1A, 0x2C, 0x1A, 0x2C, 0x1A, 0xCF, 0x22, 0x36, 0x3C, 0x9D, 0x4D, 0xFF, 0x55,
    0xDF, 0x55, 0x89, 0xDF, 0x4D, 0x82, 0xBF, 0x4D, 0x04, 0x7E, 0x45, 0x0B, 0x1A, 0x06, 0x09, 0x06,
    0x09, 0x05, 0x09, 0x83, 0xE5, 0x08, 0x00, 0xC5, 0x08, 0x83, 0xC4, 0x08, 0x04, 0xA4, 0x08, 0xA4,
    0x08, 0xA3, 0x08, 0xA3, 0x00, 0xA3, 0x00, 0x82, 0x83, 0x00, 0x00, 0x82, 0x00, 0x84, 0x62, 0x00,
    0x01, 0x42, 0x00, 0x42, 0x00, 0x84, 0x41, 0x00, 0x83, 0x21, 0x00, 0x85, 0x20, 0x00, 0x99, 0x00,
    0x00, 0x98, 0x00, 0x00, 0x82, 0x20, 0x00, 0x82, 0x21, 0x00, 0x86, 0x41, 0x00, 0x84, 0x62, 0x00,
    0x01, 0x82, 0x00, 0x82, 0x00, 0x82, 0x83, 0x00, 0x82, 0xA3, 0x08, 0x00, 0xA4, 0x08, 0x83, 0xC4,
    0x08, 0x07, 0xE4, 0x08, 0xE4, 0x08, 0xE5, 0x08, 0xE5, 0x08, 0x05, 0x09, 0x05, 0x09, 0x06, 0x09,
    0x06, 0x09, 0x83, 0x26, 0x09, 0x03, 0x2B, 0x1A, 0x1E, 0x66, 0x7F, 0x6E, 0x5F, 0x6E, 0x85, 0x7F,
    0x6E, 0x85, 0x5F, 0x6E, 0x04, 0x1E, 0x66, 0x76, 0x44, 0xCF, 0x22, 0x4C, 0x1A, 0x8D, 0x22, 0x82,
    0xAE, 0x22, 0x8A, 0x8E, 0x22, 0x86, 0x8D, 0x22, 0x05, 0x6D, 0x1A, 0x4C, 0x1A, 0x2C, 0x1A, 0x8E,
    0x22, 0x16, 0x34, 0x9E, 0x4D, 0x87, 0xDF, 0x4D, 0x83, 0xBF, 0x4D, 0x05, 0x9F, 0x45, 0xBF, 0x4D,
    0x5D, 0x45, 0xA9, 0x11, 0x06, 0x09, 0x06, 0x09, 0x83, 0xE5, 0x08, 0x00, 0xC5, 0x08, 0x84, 0xC4,
    0x08, 0x00, 0xA4, 0x08, 0x82, 0xA3, 0x00, 0x82, 0x83, 0x00, 0x00, 0x82, 0x00, 0x84, 0x62, 0x00,
    0x01, 0x42, 0x00, 0x42, 0x00, 0x84, 0x41, 0x00, 0x84, 0x21, 0x00, 0x85, 0x20, 0x00, 0x98, 0x00,
    0x00, 0x97, 0x00, 0x00, 0x83, 0x20, 0x00, 0x82, 0x21, 0x00, 0x86, 0x41, 0x00, 0x84, 0x62, 0x00,
    0x01, 0x82, 0x00, 0x82, 0x00, 0x82, 0x83, 0x00, 0x03, 0xA3, 0x08, 0xA3, 0x08, 0xA4, 0x08, 0xA4,
    0x08, 0x83, 0xC4, 0x08, 0x02, 0xE4, 0x08, 0xE5, 0x08, 0xE5, 0x08, 0x82, 0x05, 0x09, 0x00, 0x06,
    0x09, 0x83, 0x26, 0x09, 0x05, 0xA8, 0x11, 0xBC, 0x5D, 0x7F, 0x6E, 0x5F, 0x6E, 0x7F, 0x6E, 0x7F,
    0x6E, 0x86, 0x5F, 0x6E, 0x06, 0x5F, 0x66, 0x5F, 0x6E, 0x5F, 0x66, 0xF9, 0x4C, 0xEF, 0x2A, 0x4C,
    0x1A, 0x8D, 0x22, 0x83, 0xAE, 0x22, 0x00, 0x8E, 0x22, 0x83, 0xAE, 0x22, 0x89, 0x8E, 0x22, 0x01,
    0x8D, 0x22, 0x8D, 0x22, 0x84, 0x6D, 0x22, 0x08, 0x4D, 0x1A, 0x0B, 0x1A, 0xAE, 0x22, 0x98, 0x3C,
    0xDF, 0x4D, 0xDF, 0x4D, 0xBF, 0x4D, 0xDF, 0x4D, 0xDF, 0x4D, 0x86, 0xBF, 0x4D, 0x05, 0x9F, 0x45,
    0xBF, 0x4D, 0xFB, 0x3C, 0x47, 0x09, 0x06, 0x09, 0x06, 0x09, 0x83, 0xE5, 0x08, 0x00, 0xC5, 0x08,
    0x83, 0xC4, 0x08, 0x03, 0xA4, 0x08, 0xA4, 0x08, 0xA3, 0x00, 0xA3, 0x00, 0x83, 0x83, 0x00, 0x84,
    0x62, 0x00, 0x01, 0x42, 0x00, 0x42, 0x00, 0x84, 0x41, 0x00, 0x84, 0x21, 0x00, 0x85, 0x20, 0x00,
    0x98, 0x00, 0x00, 0x97, 0x00, 0x00, 0x82, 0x20, 0x00, 0x82, 0x21, 0x00, 0x86, 0x41, 0x00, 0x84,
    0x62, 0x00, 0x01, 0x82, 0x00, 0x82, 0x00, 0x82, 0x83, 0x00, 0x82, 0xA3, 0x08, 0x00, 0xA4, 0x08,
    0x83, 0xC4, 0x08, 0x00, 0xE4, 0x08, 0x82, 0xE5, 0x08, 0x03, 0x05, 0x09, 0x05, 0x09, 0x06, 0x09,
    0x06, 0x09, 0x83, 0x26, 0x09, 0x03, 0x19, 0x55, 0x5F, 0x6E, 0x5F, 0x66, 0x7F, 0x6E, 0x86, 0x5F,
    0x6E, 0x06, 0x5F, 0x66, 0x3F, 0x66, 0x5F, 0x66, 0xFE, 0x5D, 0xD3, 0x3B, 0x4C, 0x1A, 0x8D, 0x22,
    0x8A, 0xAE, 0x22, 0x8A, 0x8E, 0x22, 0x00, 0x8D, 0x22, 0x84, 0x6D, 0x22, 0x06, 0x6D, 0x1A, 0x6D,
    0x1A, 0x4C, 0x1A, 0x0B, 0x1A, 0x52, 0x2B, 0x7D, 0x4D, 0xDF, 0x4D, 0x89, 0xBF, 0x4D, 0x04, 0x9F,
    0x45, 0x9F, 0x45, 0x37, 0x34, 0x06, 0x09, 0x06, 0x09, 0x83, 0xE5, 0x08, 0x00, 0xC5, 0x08, 0x84,
    0xC4, 0x08, 0x00, 0xA4, 0x08, 0x82, 0xA3, 0x00, 0x82, 0x83, 0x00, 0x00, 0x82, 0x00, 0x84, 0x62,
    0x00, 0x01, 0x42, 0x00, 0x42, 0x00, 0x84, 0x41, 0x00, 0x84, 0x21, 0x00, 0x84, 0x20, 0x00, 0x98,
    0x00, 0x00, 0x96, 0x00, 0x00, 0x82, 0x20, 0x00, 0x82, 0x21, 0x00, 0x87, 0x41, 0x00, 0x84, 0x62,
    0x00, 0x01, 0x82, 0x00, 0x82, 0x00, 0x82, 0x83, 0x00, 0x82, 0xA3, 0x08, 0x00, 0xA4, 0x08, 0x83,
    0xC4, 0x08, 0x02, 0xE4, 0x08, 0xE5, 0x08, 0xE5, 0x08, 0x82, 0x05, 0x09, 0x00, 0x06, 0x09, 0x83,
    0x26, 0x09, 0x00, 0xF4, 0x3B, 0x8A, 0x5F, 0x66, 0x04, 0x3F, 0x66, 0x5F, 0x66, 0x5B, 0x55, 0xEF,
    0x2A, 0x6C, 0x1A, 0x91, 0xAE, 0x22, 0x85, 0x8E, 0x22, 0x01, 0x8D, 0x22, 0x8D, 0x22, 0x83, 0x6D,
    0x22, 0x06, 0x6D, 0x1A, 0x6D, 0x1A, 0x4D, 0x1A, 0x6D, 0x1A, 0x0B, 0x1A, 0x8E, 0x22, 0xDA, 0x44,
    0x89, 0xBF, 0x4D, 0x82, 0x9F, 0x45, 0x02, 0x32, 0x23, 0x06, 0x09, 0x06, 0x09, 0x83, 0xE5, 0x08,
    0x00, 0xC5, 0x08, 0x82, 0xC4, 0x08, 0x01, 0xA4, 0x08, 0xA4, 0x08, 0x82, 0xA3, 0x00, 0x83, 0x83,
    0x00, 0x84, 0x62, 0x00, 0x01, 0x42, 0x00, 0x42, 0x00, 0x84, 0x41, 0x00, 0x85, 0x21, 0x00, 0x83,
    0x20, 0x00, 0x98, 0x00, 0x00, 0x95, 0x00, 0x00, 0x83, 0x20, 0x00, 0x82, 0x21, 0x00, 0x86, 0x41,
    0x00, 0x85, 0x62, 0x00, 0x00, 0x82, 0x00, 0x82, 0x83, 0x00, 0x82, 0xA3, 0x08, 0x00, 0xA4, 0x08,
    0x83, 0xC4, 0x08, 0x07, 0xE4, 0x08, 0xE4, 0x08, 0xE5, 0x08, 0xE5, 0x08, 0x05, 0x09, 0x05, 0x09,
    0x06, 0x09, 0x06, 0x09, 0x82, 0x26, 0x09, 0x00, 0x6D, 0x22, 0x8A, 0x5F, 0x66, 0x04, 0x3F, 0x66,
    0x5F, 0x66, 0xD8, 0x4C, 0x6D, 0x22, 0x8D, 0x22, 0x91, 0xAE, 0x22, 0x87, 0x8E, 0x22, 0x82, 0x8D,
    0x22, 0x00, 0x6D, 0x22, 0x83, 0x6D, 0x1A, 0x04, 0x4D, 0x1A, 0x6D, 0x1A, 0x2C, 0x1A, 0x2C, 0x1A,
    0x58, 0x34, 0x86, 0xBF, 0x4D, 0x01, 0xBF, 0x45, 0xBF, 0x45, 0x82, 0x9F, 0x45, 0x03, 0x7F, 0x45,
    0x0B, 0x1A, 0x05, 0x09, 0x05, 0x09, 0x82, 0xE5, 0x08, 0x00, 0xC5, 0x08, 0x82, 0xC4, 0x08, 0x82,
    0xA4, 0x08, 0x01, 0xA3, 0x00, 0xA3, 0x00, 0x83, 0x83, 0x00, 0x84, 0x62, 0x00, 0x01, 0x42, 0x00,
    0x42, 0x00, 0x84, 0x41, 0x00, 0x85, 0x21, 0x00, 0x84, 0x20, 0x00, 0x97, 0x00, 0x00, 0x94, 0x00,
    0x00, 0x83, 0x20, 0x00, 0x82, 0x21, 0x00, 0x86, 0x41, 0x00, 0x85, 0x62, 0x00, 0x01, 0x82, 0x00,
    0x82, 0x00, 0x82, 0x83, 0x00, 0x82, 0xA3, 0x08, 0x00, 0xA4, 0x08, 0x83, 0xC4, 0x08, 0x02, 0xE4,
    0x08, 0xE5, 0x08, 0xE5, 0x08, 0x82, 0x05, 0x09, 0x00, 0x06, 0x09, 0x82, 0x26, 0x09, 0x01, 0x47,
    0x11, 0x9C, 0x55, 0x89, 0x5F, 0x66, 0x03, 0x3F, 0x66, 0x5F, 0x66, 0x97, 0x44, 0x4C, 0x1A, 0x94,
    0xAE, 0x22, 0x88, 0x8E, 0x22, 0x01, 0x8D, 0x22, 0x8D, 0x22, 0x83, 0x6D, 0x1A, 0x05, 0x4D, 0x1A,
    0x4D, 0x1A, 0x6D, 0x1A, 0x4D, 0x1A, 0x0B, 0x1A, 0x16, 0x34, 0x84, 0xBF, 0x4D, 0x00, 0xBF, 0x45,
    0x85, 0x9F, 0x45, 0x02, 0xBB, 0x3C, 0x26, 0x09, 0x06, 0x09, 0x82, 0xE5, 0x08, 0x03, 0xC5, 0x08,
    0xC5, 0x08, 0xC4, 0x08, 0xC4, 0x08, 0x82, 0xA4, 0x08, 0x82, 0xA3, 0x00, 0x82, 0x83, 0x00, 0x00,
    0x82, 0x00, 0x84, 0x62, 0x00, 0x01, 0x42, 0x00, 0x42, 0x00, 0x83, 0x41, 0x00, 0x86, 0x21, 0x00,
    0x83, 0x20, 0x00, 0x97, 0x00, 0x00, 0x93, 0x00, 0x00, 0x84, 0x20, 0x00, 0x01, 0x21, 0x00, 0x21,
    0x00, 0x87, 0x41, 0x00, 0x85, 0x62, 0x00, 0x01, 0x82, 0x00, 0x82, 0x00, 0x82, 0x83, 0x00, 0x03,
    0xA3, 0x08, 0xA3, 0x08, 0xA4, 0x08, 0xA4, 0x08, 0x83, 0xC4, 0x08, 0x06, 0xE4, 0x08, 0xE5, 0x08,
    0xE5, 0x08, 0x05, 0x09, 0x05, 0x09, 0x06, 0x09, 0x06, 0x09, 0x82, 0x26, 0x09, 0x02, 0xF4, 0x3B,
    0x5F, 0x66, 0x3F, 0x66, 0x87, 0x5F, 0x66, 0x03, 0x3F, 0x66, 0x5F, 0x66, 0x97, 0x44, 0x4C, 0x1A,
    0x96, 0xAE, 0x22, 0x87, 0x8E, 0x22, 0x00, 0x8D, 0x22, 0x85, 0x6D, 0x1A, 0x83, 0x4D, 0x1A, 0x05,
    0x0B, 0x1A, 0x16, 0x34, 0xBF, 0x4D, 0x9F, 0x4D, 0xBF, 0x45, 0xBF, 0x45, 0x85, 0x9F, 0x45, 0x04,
    0x7F, 0x45, 0x9F, 0x45, 0x32, 0x23, 0x05, 0x09, 0x05, 0x09, 0x82, 0xE5, 0x08, 0x00, 0xC5, 0x08,
    0x82, 0xC4, 0x08, 0x82, 0xA4, 0x08, 0x01, 0xA3, 0x00, 0xA3, 0x00, 0x82, 0x83, 0x00, 0x00, 0x82,
    0x00, 0x84, 0x62, 0x00, 0x01, 0x42, 0x00, 0x42, 0x00, 0x84, 0x41, 0x00, 0x85, 0x21, 0x00, 0x83,
    0x20, 0x00, 0x97, 0x00, 0x00, 0x92, 0x00, 0x00, 0x84, 0x20, 0x00, 0x82, 0x21, 0x00, 0x86, 0x41,
    0x00, 0x85, 0x62, 0x00, 0x01, 0x82, 0x00, 0x82, 0x00, 0x82, 0x83, 0x00, 0x82, 0xA3, 0x08, 0x00,
    0xA4, 0x08, 0x83, 0xC4, 0x08, 0x00, 0xE4, 0x08, 0x82, 0xE5, 0x08, 0x07, 0x05, 0x09, 0x05, 0x09,
    0x06, 0x09, 0x06, 0x09, 0x26, 0x09, 0x26, 0x09, 0xEA, 0x19, 0x1E, 0x5E, 0x85, 0x5F, 0x66, 0x84,
    0x3F, 0x66, 0x04, 0xD8, 0x4C, 0x4C, 0x1A, 0xAE, 0x22, 0xAE, 0x22, 0x8E, 0x22, 0x8D, 0xAE, 0x22,
    0x00, 0xAF, 0x22, 0x84, 0xAE, 0x22, 0x88, 0x8E, 0x22, 0x00, 0x8E, 0x1A, 0x85, 0x6D, 0x1A, 0x84,
    0x4D, 0x1A, 0x02, 0x0B, 0x1A, 0x38, 0x34, 0xBF, 0x4D, 0x87, 0x9F, 0x45, 0x04, 0x7F, 0x45, 0x7F,
    0x45, 0x5E, 0x45, 0x88, 0x11, 0x05, 0x09, 0x82, 0xE5, 0x08, 0x00, 0xC5, 0x08, 0x82, 0xC4, 0x08,
    0x82, 0xA4, 0x08, 0x01, 0xA3, 0x00, 0xA3, 0x00, 0x83, 0x83, 0x00, 0x00, 0x82, 0x00, 0x84, 0x62,
    0x00, 0x01, 0x42, 0x00, 0x42, 0x00, 0x83, 0x41, 0x00, 0x85, 0x21, 0x00, 0x83, 0x20, 0x00, 0x97,
    0x00, 0x00, 0x91, 0x00, 0x00, 0x85, 0x20, 0x00, 0x82, 0x21, 0x00, 0x86, 0x41, 0x00, 0x84, 0x62,
    0x00, 0x82, 0x82, 0x00, 0x82, 0x83, 0x00, 0x82, 0xA3, 0x08, 0x00, 0xA4, 0x08, 0x83, 0xC4, 0x08,
    0x02, 0xE4, 0x08, 0xE5, 0x08, 0xE5, 0x08, 0x82, 0x05, 0x09, 0x00, 0x06, 0x09, 0x82, 0x26, 0x09,
    0x05, 0x97, 0x44, 0x5F, 0x66, 0x3F, 0x66, 0x3F, 0x66, 0x5F, 0x66, 0x5F, 0x66, 0x85, 0x3F, 0x66,
    0x04, 0x5B, 0x55, 0x6D, 0x22, 0x8D, 0x22, 0xAE, 0x22, 0x8E, 0x22, 0x8A, 0xAE, 0x22, 0x01, 0xAF,
    0x22, 0xAE, 0x22, 0x86, 0xAF, 0x22, 0x82, 0xAE, 0x22, 0x86, 0x8E, 0x22, 0x01, 0x8E, 0x1A, 0x6E,
    0x1A, 0x84, 0x6D, 0x1A, 0x84, 0x4D, 0x1A, 0x02, 0x4C, 0x1A, 0x2C, 0x1A, 0xBA, 0x3C, 0x88, 0x9F,
    0x45, 0x04, 0x7F, 0x45, 0x9F, 0x45, 0xD6, 0x2B, 0x05, 0x09, 0x05, 0x09, 0x82, 0xE5, 0x08, 0x00,
    0xC5, 0x08, 0x82, 0xC4, 0x08, 0x03, 0xA4, 0x08, 0xA4, 0x08, 0xA3, 0x00, 0xA3, 0x00, 0x83, 0x83,
    0x00, 0x00, 0x82, 0x00, 0x85, 0x62, 0x00, 0x01, 0x42, 0x00, 0x42, 0x00, 0x83, 0x41, 0x00, 0x84,
    0x21, 0x00, 0x83, 0x20, 0x00, 0x97, 0x00, 0x00, 0x90, 0x00, 0x00, 0x86, 0x20, 0x00, 0x82, 0x21,
    0x00, 0x86, 0x41, 0x00, 0x84, 0x62, 0x00, 0x82, 0x82, 0x00, 0x02, 0x83, 0x00, 0x83, 0x00, 0xA3,
    0x00, 0x82, 0xA3, 0x08, 0x83, 0xC4, 0x08, 0x06, 0xE4, 0x08, 0xE4, 0x08, 0xE5, 0x08, 0xE5, 0x08,
    0x05, 0x09, 0x05, 0x09, 0x06, 0x09, 0x82, 0x26, 0x09, 0x02, 0x2B, 0x1A, 0x3F, 0x5E, 0x3F, 0x5E,
    0x88, 0x3F, 0x66, 0x05, 0xDE, 0x5D, 0xCF, 0x22, 0x6D, 0x22, 0xAE, 0x22, 0x8E, 0x22, 0x8E, 0x22,
    0x88, 0xAE, 0x22, 0x01, 0xAF, 0x22, 0xAE, 0x22, 0x89, 0xAF, 0x22, 0x83, 0xAE, 0x22, 0x83, 0x8E,
    0x22, 0x03, 0x8E, 0x1A, 0x8E, 0x1A, 0x6E, 0x1A, 0x6E, 0x1A, 0x84, 0x6D, 0x1A, 0x84, 0x4D, 0x1A,
    0x02, 0x2C, 0x1A, 0x6E, 0x1A, 0x3D, 0x45, 0x87, 0x9F, 0x45, 0x08, 0x7F, 0x45, 0x7F, 0x45, 0x5F,
    0x45, 0xAA, 0x11, 0x05, 0x09, 0x05, 0x09, 0xE5, 0x08, 0xE5, 0x08, 0xC5, 0x08, 0x82, 0xC4, 0x08,
    0x82, 0xA4, 0x08, 0x00, 0xA3, 0x00, 0x83, 0x83, 0x00, 0x01, 0x82, 0x00, 0x82, 0x00, 0x84, 0x62,
    0x00, 0x01, 0x42, 0x00, 0x42, 0x00, 0x84, 0x41, 0x00, 0x84, 0x21, 0x00, 0x83, 0x20, 0x00, 0x96,
    0x00, 0x00, 0x8F, 0x00, 0x00, 0x86, 0x20, 0x00, 0x83, 0x21, 0x00, 0x85, 0x41, 0x00, 0x85, 0x62,
    0x00, 0x82, 0x82, 0x00, 0x05, 0x83, 0x00, 0xA3, 0x00, 0xA3, 0x00, 0xA3, 0x08, 0xA3, 0x08, 0xA4,
    0x08, 0x83, 0xC4, 0x08, 0x00, 0xE4, 0x08, 0x82, 0xE5, 0x08, 0x02, 0x05, 0x09, 0x05, 0x09, 0x06,
    0x09, 0x82, 0x26, 0x09, 0x00, 0x97, 0x44, 0x8A, 0x3F, 0x5E, 0x04, 0xB3, 0x33, 0x4C, 0x1A, 0xAE,
    0x22, 0x8E, 0x22, 0x8E, 0x22, 0x89, 0xAE, 0x22, 0x02, 0xAF, 0x22, 0xAF, 0x22, 0xCF, 0x22, 0x87,
    0xAF, 0x22, 0x84, 0xAE, 0x22, 0x83, 0x8E, 0x22, 0x03, 0x8E, 0x1A, 0x8E, 0x1A, 0x6E, 0x1A, 0x6E,
    0x1A, 0x83, 0x6D, 0x1A, 0x86, 0x4D, 0x1A, 0x01, 0x0B, 0x1A, 0x32, 0x2B, 0x86, 0x9F, 0x45, 0x83,
    0x7F, 0x45, 0x05, 0xB6, 0x2B, 0xE5, 0x08, 0x05, 0x09, 0xE5, 0x08, 0xE5, 0x08, 0xC5, 0x08, 0x83,
    0xC4, 0x08, 0x82, 0xA4, 0x08, 0x00, 0xA3, 0x00, 0x83, 0x83, 0x00, 0x00, 0x82, 0x00, 0x85, 0x62,
    0x00, 0x01, 0x42, 0x00, 0x42, 0x00, 0x84, 0x41, 0x00, 0x84, 0x21, 0x00, 0x82, 0x20, 0x00, 0x96,
    0x00, 0x00, 0x8F, 0x00, 0x00, 0x85, 0x20, 0x00, 0x84, 0x21, 0x00, 0x84, 0x41, 0x00, 0x86, 0x62,
    0x00, 0x07, 0x82, 0x00, 0x82, 0x00, 0x83, 0x00, 0x83, 0x00, 0xA3, 0x00, 0xA3, 0x00, 0xA3, 0x08,
    0xA3, 0x08, 0x83, 0xC4, 0x08, 0x03, 0xE4, 0x08, 0xE4, 0x08, 0xE5, 0x08, 0xE5, 0x08, 0x82, 0x05,
    0x09, 0x04, 0x06, 0x09, 0x26, 0x09, 0x26, 0x09, 0xCA, 0x19, 0x1F, 0x5E, 0x89, 0x3F, 0x5E, 0x05,
    0xD9, 0x4C, 0x4C, 0x1A, 0xAE, 0x22, 0x8D, 0x22, 0x8E, 0x22, 0x8E, 0x22, 0x88, 0xAE, 0x22, 0x8D,
    0xAF, 0x22, 0x83, 0xAE, 0x22, 0x83, 0x8E, 0x22, 0x00, 0x8E, 0x1A, 0x82, 0x6E, 0x1A, 0x82, 0x6D,
    0x1A, 0x85, 0x4D, 0x1A, 0x07, 0x2C, 0x1A, 0x4D, 0x1A, 0x0B, 0x1A, 0x58, 0x34, 0x9F, 0x45, 0x7F,
    0x45, 0x9F, 0x45, 0x9F, 0x45, 0x85, 0x7F, 0x45, 0x01, 0x3E, 0x3D, 0x88, 0x11, 0x83, 0xE5, 0x08,
    0x83, 0xC4, 0x08, 0x82, 0xA4, 0x08, 0x01, 0xA3, 0x00, 0xA3, 0x00, 0x83, 0x83, 0x00, 0x85, 0x62,
    0x00, 0x01, 0x42, 0x00, 0x42, 0x00, 0x84, 0x41, 0x00, 0x85, 0x21, 0x00, 0x82, 0x20, 0x00, 0x95,
    0x00, 0x00, 0x8F, 0x00, 0x00, 0x84, 0x20, 0x00, 0x84, 0x21, 0x00, 0x85, 0x41, 0x00, 0x85, 0x62,
    0x00, 0x01, 0x82, 0x00, 0x82, 0x00, 0x82, 0x83, 0x00, 0x03, 0xA3, 0x00, 0xA3, 0x08, 0xA3, 0x08,
    0xA4, 0x08, 0x83, 0xC4, 0x08, 0x00, 0xE4, 0x08, 0x82, 0xE5, 0x08, 0x02, 0x05, 0x09, 0x05, 0x09,
    0x06, 0x09, 0x82, 0x26, 0x09, 0x02, 0xD4, 0x33, 0x3F, 0x5E, 0x1F, 0x5E, 0x86, 0x3F, 0x5E, 0x03,
    0x1F, 0x5E, 0xDE, 0x5D, 0xCF, 0x22, 0x6D, 0x22, 0x83, 0x8E, 0x22, 0x87, 0xAE, 0x22, 0x83, 0xAF,
    0x22, 0x03, 0xCF, 0x22, 0xAF, 0x22, 0xCF, 0x22, 0xCF, 0x22, 0x87, 0xAF, 0x22, 0x82, 0xAE, 0x22,
    0x83, 0x8E, 0x22, 0x03, 0x8E, 0x1A, 0x8E, 0x1A, 0x6E, 0x1A, 0x6E, 0x1A, 0x82, 0x6D, 0x1A, 0x85,
    0x4D, 0x1A, 0x04, 0x2C, 0x1A, 0x4D, 0x1A, 0x2C, 0x1A, 0x6E, 0x1A, 0x5E, 0x45, 0x87, 0x7F, 0x45,
    0x07, 0x5F, 0x45, 0x7F, 0x45, 0x32, 0x23, 0xE5, 0x08, 0x05, 0x09, 0xE5, 0x08, 0xC5, 0x08, 0xC5,
    0x08, 0x83, 0xC4, 0x08, 0x03, 0xA4, 0x08, 0xA4, 0x08, 0xA3, 0x08, 0xA3, 0x00, 0x83, 0x83, 0x00,
    0x85, 0x62, 0x00, 0x01, 0x42, 0x00, 0x42, 0x00, 0x84, 0x41, 0x00, 0x86, 0x21, 0x00, 0x82, 0x20,
    0x00, 0x94, 0x00, 0x00, 0x8F, 0x00, 0x00, 0x83, 0x20, 0x00, 0x84, 0x21, 0x00, 0x85, 0x41, 0x00,
    0x85, 0x62, 0x00, 0x82, 0x82, 0x00, 0x82, 0x83, 0x00, 0x03, 0xA3, 0x00, 0xA3, 0x08, 0xA3, 0x08,
    0xA4, 0x08, 0x83, 0xC4, 0x08, 0x02, 0xE4, 0x08, 0xE5, 0x08, 0xE5, 0x08, 0x82, 0x05, 0x09, 0x04,
    0x06, 0x09, 0x26, 0x09, 0x26, 0x09, 0x47, 0x11, 0x9C, 0x55, 0x87, 0x3F, 0x5E, 0x05, 0x1F, 0x5E,
    0x3F, 0x5E, 0x56, 0x3C, 0x2C, 0x1A, 0x8E, 0x22, 0x8D, 0x22, 0x84, 0x8E, 0x22, 0x84, 0xAE, 0x22,
    0x84, 0xAF, 0x22, 0x88, 0xCF, 0x22, 0x83, 0xAF, 0x22, 0x00, 0xAE, 0x22, 0x85, 0x8E, 0x22, 0x01,
    0x6E, 0x1A, 0x6E, 0x1A, 0x83, 0x6D, 0x1A, 0x86, 0x4D, 0x1A, 0x03, 0x2C, 0x1A, 0x4D, 0x1A, 0xEB,
    0x19, 0xB5, 0x2B, 0x87, 0x7F, 0x45, 0x07, 0x5F, 0x45, 0x7F, 0x45, 0xBB, 0x3C, 0x06, 0x09, 0x05,
    0x09, 0xE5, 0x08, 0xC5, 0x08, 0xC5, 0x08, 0x83, 0xC4, 0x08, 0x04, 0xA4, 0x08, 0xA4, 0x08, 0xA3,
    0x08, 0xA3, 0x00, 0xA3, 0x00, 0x82, 0x83, 0x00, 0x85, 0x62, 0x00, 0x82, 0x42, 0x00, 0x83, 0x41,
    0x00, 0x87, 0x21, 0x00, 0x82, 0x20, 0x00, 0x93, 0x00, 0x00, 0x8F, 0x00, 0x00, 0x83, 0x20, 0x00,
    0x83, 0x21, 0x00, 0x86, 0x41, 0x00, 0x84, 0x62, 0x00, 0x83, 0x82, 0x00, 0x06, 0x83, 0x00, 0x83,
    0x00, 0xA3, 0x00, 0xA3, 0x08, 0xA3, 0x08, 0xA4, 0x08, 0xA4, 0x08, 0x82, 0xC4, 0x08, 0x03, 0xE4,
    0x08, 0xE4, 0x08, 0xE5, 0x08, 0xE5, 0x08, 0x82, 0x05, 0x09, 0x03, 0x06, 0x09, 0x26, 0x09, 0x26,
    0x09, 0x8D, 0x22, 0x86, 0x3F, 0x5E, 0x82, 0x1F, 0x5E, 0x01, 0xDE, 0x55, 0xAE, 0x22, 0x82, 0x8D,
    0x22, 0x82, 0x8E, 0x22, 0x85, 0xAE, 0x22, 0x84, 0xAF, 0x22, 0x01, 0xCF, 0x22, 0xAF, 0x22, 0x87,
    0xCF, 0x22, 0x84, 0xAF, 0x22, 0x85, 0x8E, 0x22, 0x82, 0x6E, 0x1A, 0x82, 0x6D, 0x1A, 0x86, 0x4D,
    0x1A, 0x04, 0x2C, 0x1A, 0x4C, 0x1A, 0x2C, 0x1A, 0x4D, 0x1A, 0x3D, 0x45, 0x87, 0x7F, 0x45, 0x02,
    0x5F, 0x45, 0x7F, 0x45, 0x0C, 0x12, 0x82, 0xE5, 0x08, 0x01, 0xC5, 0x08, 0xC5, 0x08, 0x83, 0xC4,
    0x08, 0x03, 0xA4, 0x08, 0xA3, 0x08, 0xA3, 0x08, 0xA3, 0x00, 0x83, 0x83, 0x00, 0x84, 0x62, 0x00,
    0x83, 0x42, 0x00, 0x83, 0x41, 0x00, 0x86, 0x21, 0x00, 0x83, 0x20, 0x00, 0x92, 0x00, 0x00, 0x8E,
    0x00, 0x00, 0x84, 0x20, 0x00, 0x83, 0x21, 0x00, 0x86, 0x41, 0x00, 0x84, 0x62, 0x00, 0x82, 0x82,
    0x00, 0x06, 0x83, 0x00, 0x83, 0x00, 0xA3, 0x00, 0xA3, 0x00, 0xA3, 0x08, 0xA3, 0x08, 0xA4, 0x08,
    0x83, 0xC4, 0x08, 0x00, 0xE4, 0x08, 0x83, 0xE5, 0x08, 0x06, 0x05, 0x09, 0x06, 0x09, 0x06, 0x09,
    0x26, 0x09, 0x26, 0x09, 0x35, 0x3C, 0x3F, 0x5E, 0x88, 0x1F, 0x5E, 0x03, 0x57, 0x3C, 0x4C, 0x1A,
    0x8E, 0x22, 0x8D, 0x22, 0x85, 0x8E, 0x22, 0x84, 0xAE, 0x22, 0x82, 0xAF, 0x22, 0x01, 0xCF, 0x22,
    0xAF, 0x22, 0x89, 0xCF, 0x22, 0x83, 0xAF, 0x22, 0x84, 0x8E, 0x22, 0x02, 0x8E, 0x1A, 0x6E, 0x1A,
    0x6E, 0x1A, 0x82, 0x6D, 0x1A, 0x87, 0x4D, 0x1A, 0x04, 0x2C, 0x1A, 0x2C, 0x1A, 0x4D, 0x1A, 0xEB,
    0x19, 0xD6, 0x2B, 0x87, 0x7F, 0x45, 0x07, 0x5F, 0x3D, 0x5F, 0x45, 0x74, 0x2B, 0xE5, 0x08, 0x06,
    0x09, 0xE5, 0x08, 0xE5, 0x08, 0xC5, 0x08, 0x83, 0xC4, 0x08, 0x03, 0xA4, 0x08, 0xA4, 0x08, 0xA3,
    0x00, 0xA3, 0x00, 0x83, 0x83, 0x00, 0x85, 0x62, 0x00, 0x83, 0x42, 0x00, 0x82, 0x41, 0x00, 0x86,
    0x21, 0x00, 0x84, 0x20, 0x00, 0x91, 0x00, 0x00, 0x8E, 0x00, 0x00, 0x84, 0x20, 0x00, 0x82, 0x21,
    0x00, 0x86, 0x41, 0x00, 0x00, 0x42, 0x00, 0x84, 0x62, 0x00, 0x82, 0x82, 0x00, 0x02, 0x83, 0x00,
    0x83, 0x00, 0xA3, 0x00, 0x82, 0xA3, 0x08, 0x84, 0xC4, 0x08, 0x00, 0xE4, 0x08, 0x82, 0xE5, 0x08,
    0x06, 0x05, 0x09, 0x05, 0x09, 0x06, 0x09, 0x06, 0x09, 0x26, 0x09, 0x46, 0x09, 0x7C, 0x4D, 0x88,
    0x1F, 0x5E, 0x04, 0xFF, 0x55, 0xF0, 0x22, 0x6D, 0x1A, 0x8D, 0x22, 0x8D, 0x22, 0x85, 0x8E, 0x22,
    0x83, 0xAE, 0x22, 0x84, 0xAF, 0x22, 0x8A, 0xCF, 0x22, 0x83, 0xAF, 0x22, 0x83, 0x8E, 0x22, 0x00,
    0x8E, 0x1A, 0x82, 0x6E, 0x1A, 0x82, 0x6D, 0x1A, 0x86, 0x4D, 0x1A, 0x00, 0x2D, 0x1A, 0x82, 0x2C,
    0x1A, 0x02, 0x0C, 0x1A, 0x8F, 0x1A, 0x5F, 0x45, 0x84, 0x7F, 0x45, 0x83, 0x5F, 0x45, 0x01, 0xBB,
    0x34, 0x06, 0x09, 0x82, 0xE5, 0x08, 0x00, 0xC5, 0x08, 0x83, 0xC4, 0x08, 0x82, 0xA4, 0x08, 0x00,
    0xA3, 0x00, 0x84, 0x83, 0x00, 0x84, 0x62, 0x00, 0x83, 0x42, 0x00, 0x82, 0x41, 0x00, 0x86, 0x21,
    0x00, 0x85, 0x20, 0x00, 0x90, 0x00, 0x00, 0x8D, 0x00, 0x00, 0x84, 0x20, 0x00, 0x83, 0x21, 0x00,
    0x85, 0x41, 0x00, 0x01, 0x42, 0x00, 0x42, 0x00, 0x84, 0x62, 0x00, 0x04, 0x82, 0x00, 0x82, 0x00,
    0x83, 0x00, 0x83, 0x00, 0xA3, 0x00, 0x83, 0xA3, 0x08, 0x84, 0xC4, 0x08, 0x00, 0xE4, 0x08, 0x82,
    0xE5, 0x08, 0x05, 0x05, 0x09, 0x05, 0x09, 0x06, 0x09, 0x26, 0x09, 0x26, 0x09, 0x2B, 0x1A, 0x82,
    0x1F, 0x56, 0x84, 0x1F, 0x5E, 0x03, 0xFF, 0x55, 0x1F, 0x5E, 0x1A, 0x45, 0x4C, 0x1A, 0x82, 0x8D,
    0x22, 0x85, 0x8E, 0x22, 0x82, 0xAE, 0x22, 0x85, 0xAF, 0x22, 0x88, 0xCF, 0x22, 0x85, 0xAF, 0x22,
    0x83, 0x8E, 0x22, 0x84, 0x6E, 0x1A, 0x01, 0x6D, 0x1A, 0x6D, 0x1A, 0x86, 0x4D, 0x1A, 0x00, 0x2D,
    0x1A, 0x83, 0x2C, 0x1A, 0x05, 0xEB, 0x11, 0x7A, 0x34, 0x7F, 0x45, 0x5F, 0x45, 0x7F, 0x45, 0x7F,
    0x45, 0x82, 0x5F, 0x45, 0x82, 0x5F, 0x3D, 0x00, 0xAA, 0x11, 0x83, 0xE5, 0x08, 0x83, 0xC4, 0x08,
    0x82, 0xA4, 0x08, 0x01, 0xA3, 0x00, 0xA3, 0x00, 0x84, 0x83, 0x00, 0x84, 0x62, 0x00, 0x82, 0x42,
    0x00, 0x83, 0x41, 0x00, 0x86, 0x21, 0x00, 0x84, 0x20, 0x00, 0x90, 0x00, 0x00, 0x8C, 0x00, 0x00,
    0x85, 0x20, 0x00, 0x83, 0x21, 0x00, 0x84, 0x41, 0x00, 0x82, 0x42, 0x00, 0x84, 0x62, 0x00, 0x03,
    0x82, 0x00, 0x82, 0x00, 0x83, 0x00, 0xA3, 0x00, 0x83, 0xA3, 0x08, 0x01, 0xC4, 0x08, 0xA4, 0x08,
    0x83, 0xC4, 0x08, 0x00, 0xE4, 0x08, 0x82, 0xE5, 0x08, 0x05, 0x05, 0x09, 0x05, 0x09, 0x06, 0x09,
    0x26, 0x09, 0x26, 0x09, 0x51, 0x2B, 0x87, 0x1F, 0x56, 0x03, 0xFF, 0x55, 0x1F, 0x56, 0xD4, 0x33,
    0x2C, 0x1A, 0x82, 0x8D, 0x22, 0x85, 0x8E, 0x22, 0x01, 0xAE, 0x22, 0x8E, 0x22, 0x82, 0xAE, 0x22,
    0x82, 0xAF, 0x22, 0x85, 0xCF, 0x22, 0x04, 0xD0, 0x22, 0xF0, 0x22, 0xD0, 0x22, 0xCF, 0x22, 0xCF,
    0x22, 0x84, 0xAF, 0x22, 0x02, 0xAE, 0x22, 0x8E, 0x22, 0x8E, 0x22, 0x85, 0x6E, 0x1A, 0x82, 0x6D,
    0x1A, 0x86, 0x4D, 0x1A, 0x82, 0x2C, 0x1A, 0x03, 0x2D, 0x1A, 0xEB, 0x11, 0x53, 0x2B, 0x7F, 0x45,
    0x84, 0x5F, 0x45, 0x83, 0x5F, 0x3D, 0x00, 0xB0, 0x1A, 0x83, 0xE5, 0x08, 0x83, 0xC4, 0x08, 0x82,
    0xA4, 0x08, 0x01, 0xA3, 0x08, 0xA3, 0x00, 0x85, 0x83, 0x00, 0x84, 0x62, 0x00, 0x01, 0x42, 0x00,
    0x42, 0x00, 0x84, 0x41, 0x00, 0x86, 0x21, 0x00, 0x84, 0x20, 0x00, 0x8F, 0x00, 0x00, 0x8C, 0x00,
    0x00, 0x85, 0x20, 0x00, 0x83, 0x21, 0x00, 0x84, 0x41, 0x00, 0x01, 0x42, 0x00, 0x42, 0x00, 0x85,
    0x62, 0x00, 0x03, 0x82, 0x00, 0x82, 0x00, 0x83, 0x00, 0xA3, 0x00, 0x83, 0xA3, 0x08, 0x00, 0xA4,
    0x08, 0x84, 0xC4, 0x08, 0x83, 0xE5, 0x08, 0x07, 0x05, 0x09, 0x05, 0x09, 0x06, 0x09, 0x26, 0x09,
    0x26, 0x09, 0x56, 0x3C, 0x1F, 0x56, 0xFF, 0x55, 0x86, 0x1F, 0x56, 0x02, 0xDF, 0x55, 0xEF, 0x22,
    0x6D, 0x1A, 0x82, 0x8D, 0x22, 0x87, 0x8E, 0x22, 0x83, 0xAE, 0x22, 0x82, 0xAF, 0x22, 0x84, 0xCF,
    0x22, 0x04, 0xF0, 0x22, 0xD0, 0x22, 0xD0, 0x22, 0xCF, 0x22, 0xCF, 0x22, 0x84, 0xAF, 0x22, 0x02,
    0xAE, 0x22, 0x8E, 0x22, 0x8E, 0x1A, 0x84, 0x6E, 0x1A, 0x83, 0x6D, 0x1A, 0x84, 0x4D, 0x1A, 0x01,
    0x2D, 0x1A, 0x2D, 0x1A, 0x83, 0x2C, 0x1A, 0x02, 0x0C, 0x12, 0x8E, 0x1A, 0x3F, 0x3D, 0x82, 0x5F,
    0x45, 0x85, 0x5F, 0x3D, 0x00, 0x95, 0x2B, 0x83, 0xE5, 0x08, 0x83, 0xC4, 0x08, 0x82, 0xA4, 0x08,
    0x01, 0xA3, 0x08, 0xA3, 0x00, 0x85, 0x83, 0x00, 0x85, 0x62, 0x00, 0x01, 0x42, 0x00, 0x42, 0x00,
    0x83, 0x41, 0x00, 0x86, 0x21, 0x00, 0x84, 0x20, 0x00, 0x8F, 0x00, 0x00, 0x8C, 0x00, 0x00, 0x84,
    0x20, 0x00, 0x84, 0x21, 0x00, 0x82, 0x41, 0x00, 0x85, 0x62, 0x00, 0x01, 0x82, 0x00, 0x82, 0x00,
    0x83, 0x83, 0x00, 0x82, 0xA3, 0x08, 0x00, 0xA4, 0x08, 0x87, 0xC4, 0x08, 0x83, 0xE5, 0x08, 0x07,
    0x05, 0x09, 0x05, 0x09, 0x06, 0x09, 0x26, 0x09, 0x26, 0x09, 0x1B, 0x45, 0x1F, 0x56, 0xFF, 0x55,
    0x84, 0x1F, 0x56, 0x08, 0xFF, 0x55, 0xFF, 0x55, 0x3C, 0x4D, 0x4C, 0x1A, 0x6D, 0x1A, 0x6D, 0x22,
    0x6D, 0x22, 0x8D, 0x22, 0x8D, 0x22, 0x86, 0x8E, 0x22, 0x83, 0xAE, 0x22, 0x82, 0xAF, 0x22, 0x84,
    0xCF, 0x22, 0x82, 0xD0, 0x22, 0x01, 0xCF, 0x22, 0xCF, 0x22, 0x84, 0xAF, 0x22, 0x02, 0x8E, 0x22,
    0x8E, 0x22, 0x8E, 0x1A, 0x84, 0x6E, 0x1A, 0x02, 0x6D, 0x1A, 0x4D, 0x1A, 0x6D, 0x1A, 0x85, 0x4D,
    0x1A, 0x01, 0x2D, 0x1A, 0x2D, 0x1A, 0x84, 0x2C, 0x1A, 0x02, 0x0B, 0x12, 0xBB, 0x3C, 0x5F, 0x45,
    0x87, 0x5F, 0x3D, 0x00, 0x5A, 0x34, 0x83, 0xE5, 0x08, 0x00, 0xC5, 0x08, 0x82, 0xC4, 0x08, 0x82,
    0xA4, 0x08, 0x01, 0xA3, 0x08, 0xA3, 0x00, 0x87, 0x83, 0x00, 0x85, 0x62, 0x00, 0x84, 0x42, 0x00,
    0x00, 0x41, 0x00, 0x85, 0x21, 0x00, 0x84, 0x20, 0x00, 0x8E, 0x00, 0x00, 0x8B, 0x00, 0x00, 0x85,
    0x20, 0x00, 0x83, 0x21, 0x00, 0x02, 0x41, 0x00, 0x41, 0x00, 0x62, 0x00, 0x82, 0x41, 0x00, 0x00,
    0x42, 0x00, 0x85, 0x62, 0x00, 0x05, 0x82, 0x00, 0x82, 0x00, 0x83, 0x00, 0x83, 0x00, 0xA3, 0x08,
    0xA3, 0x00, 0x82, 0xA3, 0x08, 0x84, 0xC4, 0x08, 0x00, 0xE4, 0x08, 0x83, 0xE5, 0x08, 0x07, 0x05,
    0x09, 0x05, 0x09, 0x06, 0x09, 0x26, 0x09, 0x88, 0x11, 0xBD, 0x4D, 0x1F, 0x56, 0xFF, 0x55, 0x82,
    0x1F, 0x56, 0x83, 0xFF, 0x55, 0x04, 0x78, 0x3C, 0x2C, 0x1A, 0x8D, 0x22, 0x6D, 0x22, 0x6D, 0x22,
    0x82, 0x8D, 0x22, 0x86, 0x8E, 0x22, 0x82, 0xAE, 0x22, 0x86, 0xAF, 0x22, 0x84, 0xCF, 0x22, 0x84,
    0xAF, 0x22, 0x82, 0x8E, 0x22, 0x00, 0x8E, 0x1A, 0x84, 0x6E, 0x1A, 0x02, 0x6D, 0x1A, 0x4D, 0x1A,
    0x6D, 0x1A, 0x85, 0x4D, 0x1A, 0x01, 0x2D, 0x1A, 0x2D, 0x1A, 0x84, 0x2C, 0x1A, 0x01, 0xEB, 0x11,
    0xF7, 0x2B, 0x88, 0x5F, 0x3D, 0x01, 0xDD, 0x3C, 0x47, 0x09, 0x82, 0xE5, 0x08, 0x00, 0xC5, 0x08,
    0x82, 0xC4, 0x08, 0x82, 0xA4, 0x08, 0x02, 0xA3, 0x08, 0xA4, 0x08, 0xA4, 0x08, 0x84, 0x83, 0x00,
    0x86, 0x62, 0x00, 0x01, 0x42, 0x00, 0x42, 0x00, 0x83, 0x41, 0x00, 0x02, 0x21, 0x00, 0x21, 0x00,
    0x41, 0x00, 0x83, 0x21, 0x00, 0x84, 0x20, 0x00, 0x8E, 0x00, 0x00, 0x8B, 0x00, 0x00, 0x84, 0x20,
    0x00, 0x84, 0x21, 0x00, 0x83, 0x41, 0x00, 0x00, 0x26, 0x09, 0x85, 0x88, 0x11, 0x84, 0xA8, 0x11,
    0x01, 0xA9, 0x11, 0xA9, 0x11, 0x82, 0xC9, 0x11, 0x01, 0xA9, 0x11, 0xE5, 0x08, 0x83, 0xC4, 0x08,
    0x00, 0xE4, 0x08, 0x83, 0xE5, 0x08, 0x04, 0x05, 0x09, 0x06, 0x09, 0x06, 0x09, 0x26, 0x09, 0xEA,
    0x19, 0x89, 0xFF, 0x55, 0x07, 0xD4, 0x33, 0x2C, 0x1A, 0x8D, 0x22, 0x6D, 0x22, 0x6D, 0x22, 0x8D,
    0x22, 0x8D, 0x22, 0x6D, 0x22, 0x86, 0x8E, 0x22, 0x83, 0xAE, 0x22, 0x86, 0xAF, 0x22, 0x01, 0xCF,
    0x22, 0xCF, 0x22, 0x84, 0xAF, 0x22, 0x05, 0x8F, 0x22, 0x8F, 0x22, 0x8E, 0x22, 0x8E, 0x22, 0x8E,
    0x1A, 0x8E, 0x1A, 0x83, 0x6E, 0x1A, 0x03, 0x6D, 0x1A, 0x6D, 0x1A, 0x4D, 0x1A, 0x6D, 0x1A, 0x84,
    0x4D, 0x1A, 0x01, 0x2D, 0x1A, 0x2D, 0x1A, 0x83, 0x2C, 0x1A, 0x03, 0x0C, 0x1A, 0x2C, 0x1A, 0xCB,
    0x11, 0x53, 0x23, 0x86, 0x5F, 0x3D, 0x82, 0x3F, 0x3D, 0x00, 0xA9, 0x11, 0x82, 0xE5, 0x08, 0x00,
    0xC5, 0x08, 0x82, 0xC4, 0x08, 0x83, 0xA4, 0x08, 0x04, 0xA3, 0x08, 0x83, 0x00, 0xC4, 0x08, 0x68,
    0x11, 0x69, 0x11, 0x83, 0x68, 0x11, 0x00, 0x48, 0x11, 0x85, 0x48, 0x09, 0x83, 0x27, 0x09, 0x03,
    0xE5, 0x08, 0x21, 0x00, 0x21, 0x00, 0x41, 0x00, 0x82, 0x21, 0x00, 0x84, 0x20, 0x00, 0x8E, 0x00,
    0x00, 0x8B, 0x00, 0x00, 0x84, 0x20, 0x00, 0x84, 0x21, 0x00, 0x05, 0x41, 0x00, 0x41, 0x00, 0x2B,
    0x1A, 0xF9, 0x3C, 0xFF, 0x4D, 0x3F, 0x4E, 0x8F, 0x1F, 0x4E, 0x05, 0x7C, 0x45, 0x72, 0x2B, 0xE4,
    0x08, 0xC4, 0x08, 0xE4, 0x08, 0xE4, 0x08, 0x82, 0xE5, 0x08, 0x05, 0x05, 0x09, 0x05, 0x09, 0x06,
    0x09, 0x26, 0x09, 0x26, 0x09, 0x6D, 0x22, 0x89, 0xFF, 0x55, 0x02, 0x31, 0x2B, 0x2C, 0x1A, 0x6D,
    0x1A, 0x82, 0x6D, 0x22, 0x02, 0x8D, 0x22, 0x6D, 0x22, 0x8D, 0x22, 0x87, 0x8E, 0x22, 0x01, 0xAE,
    0x22, 0x8E, 0x22, 0x8B, 0xAF, 0x22, 0x01, 0x8F, 0x22, 0x8F, 0x22, 0x83, 0x8E, 0x22, 0x00, 0x8E,
    0x1A, 0x84, 0x6E, 0x1A, 0x01, 0x6D, 0x1A, 0x6D, 0x1A, 0x86, 0x4D, 0x1A, 0x01, 0x2D, 0x1A, 0x2D,
    0x1A, 0x83, 0x2C, 0x1A, 0x03, 0x0C, 0x1A, 0x0C, 0x1A, 0xEB, 0x11, 0xD0, 0x22, 0x85, 0x5F, 0x3D,
    0x83, 0x3F, 0x3D, 0x00, 0x0C, 0x1A, 0x82, 0xE5, 0x08, 0x00, 0xC5, 0x08, 0x83, 0xC4, 0x08, 0x83,
    0xA4, 0x08, 0x01, 0xD1, 0x22, 0x9C, 0x34, 0x8D, 0x1F, 0x3D, 0x82, 0xFF, 0x3C, 0x04, 0xDF, 0x34,
    0xF9, 0x2B, 0xAB, 0x11, 0x21, 0x00, 0x41, 0x00, 0x82, 0x21, 0x00, 0x83, 0x20, 0x00, 0x8E, 0x00,
    0x00, 0x8B, 0x00, 0x00, 0x84, 0x20, 0x00, 0x83, 0x21, 0x00, 0x02, 0x41, 0x00, 0x41, 0x00, 0xCE,
    0x22, 0x95, 0x1F, 0x4E, 0x00, 0x77, 0x3C, 0x85, 0xE5, 0x08, 0x05, 0x05, 0x09, 0x05, 0x09, 0x06,
    0x09, 0x26, 0x09, 0x26, 0x09, 0xEF, 0x22, 0x88, 0xFF, 0x55, 0x02, 0xDF, 0x55, 0xCF, 0x22, 0x4C,
    0x1A, 0x86, 0x6D, 0x1A, 0x83, 0x8E, 0x1A, 0x86, 0x8E, 0x22, 0x00, 0xAE, 0x22, 0x87, 0xAF, 0x22,
    0x82, 0x8F, 0x22, 0x83, 0x8E, 0x22, 0x00, 0x8E, 0x1A, 0x84, 0x6E, 0x1A, 0x82, 0x6D, 0x1A, 0x86,
    0x4D, 0x1A, 0x01, 0x2D, 0x1A, 0x2D, 0x1A, 0x82, 0x2C, 0x1A, 0x82, 0x0C, 0x1A, 0x02, 0xEB, 0x11,
    0x8E, 0x1A, 0x3F, 0x3D, 0x84, 0x5F, 0x3D, 0x83, 0x3F, 0x3D, 0x00, 0x6E, 0x1A, 0x82, 0xE5, 0x08,
    0x00, 0xC5, 0x08, 0x83, 0xC4, 0x08, 0x03, 0xA4, 0x08, 0xA4, 0x08, 0xC4, 0x08, 0xD7, 0x2B, 0x89,
    0x1F, 0x3D, 0x8B, 0xFF, 0x3C, 0x04, 0x4E, 0x1A, 0x21, 0x00, 0x41, 0x00, 0x21, 0x00, 0x21, 0x00,
    0x84, 0x20, 0x00, 0x8D, 0x00, 0x00, 0x8A, 0x00, 0x00, 0x85, 0x20, 0x00, 0x82, 0x21, 0x00, 0x02,
    0x41, 0x00, 0x41, 0x00, 0x47, 0x11, 0x94, 0x1F, 0x4E, 0x82, 0xFF, 0x4D, 0x01, 0x51, 0x2B, 0xE4,
    0x08, 0x83, 0xE5, 0x08, 0x05, 0x05, 0x09, 0x05, 0x09, 0x06, 0x09, 0x26, 0x09, 0x26, 0x09, 0x51,
    0x2B, 0x88, 0xFF, 0x55, 0x02, 0x9E, 0x4D, 0x8E, 0x22, 0x4D, 0x1A, 0x86, 0x6D, 0x1A, 0x03, 0x8E,
    0x1A, 0x6E, 0x1A, 0x8E, 0x1A, 0x8E, 0x1A, 0x87, 0x8E, 0x22, 0x00, 0xAE, 0x22, 0x84, 0xAF, 0x22,
    0x83, 0x8F, 0x22, 0x83, 0x8E, 0x22, 0x00, 0x8E, 0x1A, 0x84, 0x6E, 0x1A, 0x01, 0x6D, 0x1A, 0x6D,
    0x1A, 0x87, 0x4D, 0x1A, 0x82, 0x2D, 0x1A, 0x01, 0x2C, 0x1A, 0x2C, 0x1A, 0x83, 0x0C, 0x1A, 0x06,
    0xEC, 0x19, 0x2D, 0x1A, 0xFE, 0x3C, 0x5F, 0x3D, 0x3F, 0x3D, 0x5F, 0x3D, 0x5F, 0x3D, 0x84, 0x3F,
    0x3D, 0x00, 0xB0, 0x22, 0x82, 0xE5, 0x08, 0x00, 0xC5, 0x08, 0x84, 0xC4, 0x08, 0x03, 0xA4, 0x08,
    0xB0, 0x22, 0x1F, 0x3D, 0xFF, 0x3C, 0x8A, 0x1F, 0x3D, 0x8A, 0xFF, 0x3C, 0x00, 0x06, 0x09, 0x82,
    0x21, 0x00, 0x84, 0x20, 0x00, 0x8D, 0x00, 0x00, 0x8A, 0x00, 0x00, 0x84, 0x20, 0x00, 0x83, 0x21,
    0x00, 0x04, 0x41, 0x00, 0x41, 0x00, 0xB3, 0x2B, 0x1F, 0x4E, 0xFF, 0x4D, 0x92, 0x1F, 0x4E, 0x82,
    0xFF, 0x4D, 0x02, 0x5C, 0x45, 0x05, 0x09, 0xE4, 0x08, 0x82, 0xE5, 0x08, 0x09, 0x05, 0x09, 0x05,
    0x09, 0x06, 0x09, 0x26, 0x09, 0x06, 0x09, 0x72, 0x2B, 0xFF, 0x55, 0xFF, 0x4D, 0xFF, 0x55, 0xFF,
    0x4D, 0x82, 0xFF, 0x55, 0x04, 0xDF, 0x55, 0xFF, 0x55, 0x7D, 0x4D, 0x6D, 0x1A, 0x4D, 0x1A, 0x87,
    0x6D, 0x1A, 0x03, 0x6E, 0x1A, 0x8E, 0x1A, 0x8E, 0x1A, 0x6E, 0x1A, 0x8A, 0x8E, 0x22, 0x00, 0x8F,
    0x22, 0x86, 0x8E, 0x22, 0x01, 0x8E, 0x1A, 0x8E, 0x1A, 0x85, 0x6E, 0x1A, 0x00, 0x6D, 0x1A, 0x88,
    0x4D, 0x1A, 0x01, 0x2D, 0x1A, 0x2D, 0x1A, 0x82, 0x2C, 0x1A, 0x85, 0x0C, 0x1A, 0x03, 0xFD, 0x3C,
    0x5F, 0x3D, 0x3F, 0x3D, 0x5F, 0x3D, 0x85, 0x3F, 0x3D, 0x00, 0xF1, 0x22, 0x82, 0xE5, 0x08, 0x00,
    0xC5, 0x08, 0x83, 0xC4, 0x08, 0x02, 0xA4, 0x08, 0xC5, 0x08, 0x7C, 0x34, 0x8B, 0x1F, 0x3D, 0x89,
    0xFF, 0x3C, 0x02, 0xDF, 0x34, 0xFF, 0x3C, 0xF3, 0x22, 0x82, 0x21, 0x00, 0x84, 0x20, 0x00, 0x8D,
    0x00, 0x00, 0x8A, 0x00, 0x00, 0x84, 0x20, 0x00, 0x83, 0x21, 0x00, 0x02, 0x41, 0x00, 0x41, 0x00,
    0xD9, 0x3C, 0x8E, 0x1F, 0x4E, 0x01, 0xFF, 0x4D, 0xFF, 0x4D, 0x82, 0x1F, 0x4E, 0x83, 0xFF, 0x4D,
    0x02, 0xDF, 0x4D, 0x88, 0x11, 0xE4, 0x08, 0x82, 0xE5, 0x08, 0x07, 0x05, 0x09, 0x05, 0x09, 0x06,
    0x09, 0x26, 0x09, 0x06, 0x09, 0x93, 0x2B, 0xFF, 0x4D, 0xDF, 0x4D, 0x84, 0xFF, 0x4D, 0x02, 0xDF,
    0x4D, 0xFF, 0x4D, 0x5D, 0x4D, 0x83, 0x4D, 0x1A, 0x86, 0x6D, 0x1A, 0x82, 0x6E, 0x1A, 0x82, 0x8E,
    0x22, 0x00, 0x8E, 0x1A, 0x82, 0x8E, 0x22, 0x00, 0x8E, 0x1A, 0x89, 0x8E, 0x22, 0x00, 0x8E, 0x1A,
    0x86, 0x6E, 0x1A, 0x00, 0x6D, 0x1A, 0x89, 0x4D, 0x1A, 0x01, 0x2D, 0x1A, 0x2D, 0x1A, 0x82, 0x2C,
    0x1A, 0x85, 0x0C, 0x1A, 0x01, 0xDD, 0x3C, 0x5F, 0x3D, 0x85, 0x3F, 0x3D, 0x02, 0x1F, 0x3D, 0x3F,
    0x3D, 0x12, 0x23, 0x82, 0xE5, 0x08, 0x00, 0xC5, 0x08, 0x83, 0xC4, 0x08, 0x01, 0xA4, 0x08, 0x47,
    0x09, 0x8A, 0x1F, 0x3D, 0x8B, 0xFF, 0x3C, 0x02, 0xDF, 0x34, 0xDF, 0x3C, 0xD8, 0x2B, 0x82, 0x21,
    0x00, 0x84, 0x20, 0x00, 0x8D, 0x00, 0x00, 0x8A, 0x00, 0x00, 0x84, 0x20, 0x00, 0x83, 0x21, 0x00,
    0x04, 0x41, 0x00, 0x41, 0x00, 0xD9, 0x3C, 0x1F, 0x4E, 0xFF, 0x4D, 0x8B, 0x1F, 0x4E, 0x89, 0xFF,
    0x4D, 0x02, 0xDF, 0x4D, 0x88, 0x11, 0xE4, 0x08, 0x83, 0xE5, 0x08, 0x07, 0x05, 0x09, 0x05, 0x09,
    0x26, 0x09, 0x06, 0x09, 0x93, 0x2B, 0xFF, 0x4D, 0xDF, 0x4D, 0xFF, 0x4D, 0x85, 0xDF, 0x4D, 0x00,
    0x5D, 0x4D, 0x83, 0x4D, 0x1A, 0x87, 0x6D, 0x1A, 0x82, 0x6E, 0x1A, 0x02, 0x6E, 0x22, 0x8E, 0x22,
    0x6E, 0x1A, 0x85, 0x8E, 0x1A, 0x85, 0x8E, 0x22, 0x00, 0x8E, 0x1A, 0x87, 0x6E, 0x1A, 0x8A, 0x4D,
    0x1A, 0x01, 0x2D, 0x1A, 0x2D, 0x1A, 0x82, 0x2C, 0x1A, 0x85, 0x0C, 0x1A, 0x01, 0x0C, 0x12, 0xDD,
    0x3C, 0x86, 0x3F, 0x3D, 0x06, 0x1F, 0x3D, 0x3F, 0x3D, 0x12, 0x23, 0xE5, 0x08, 0xE5, 0x08, 0xC5,
    0x08, 0xC5, 0x08, 0x83, 0xC4, 0x08, 0x01, 0xA4, 0x08, 0x47, 0x09, 0x89, 0x1F, 0x3D, 0x8C, 0xFF,
    0x3C, 0x02, 0xDF, 0x34, 0xDF, 0x3C, 0xD8, 0x2B, 0x82, 0x21, 0x00, 0x84, 0x20, 0x00, 0x8D, 0x00,
    0x00, 0x8A, 0x00, 0x00, 0x84, 0x20, 0x00, 0x83, 0x21, 0x00, 0x04, 0x41, 0x00, 0x41, 0x00, 0xB3,
    0x2B, 0x1F, 0x4E, 0xFF, 0x4D, 0x89, 0x1F, 0x4E, 0x8B, 0xFF, 0x4D, 0x02, 0x5C, 0x45, 0x05, 0x09,
    0xE4, 0x08, 0x83, 0xE5, 0x08, 0x05, 0x05, 0x09, 0x05, 0x09, 0x26, 0x09, 0x06, 0x09, 0x72, 0x2B,
    0xFF, 0x4D, 0x87, 0xDF, 0x4D, 0x04, 0x5D, 0x45, 0x6D, 0x1A, 0x4C, 0x1A, 0x4D, 0x1A, 0x4D, 0x1A,
    0x89, 0x6D, 0x1A, 0x8A, 0x6E, 0x1A, 0x83, 0x8E, 0x1A, 0x88, 0x6E, 0x1A, 0x8A, 0x4D, 0x1A, 0x03,
    0x2D, 0x1A, 0x2D, 0x1A, 0x2C, 0x1A, 0x2C, 0x1A, 0x88, 0x0C, 0x1A, 0x00, 0xDD, 0x3C, 0x86, 0x3F,
    0x3D, 0x06, 0x1F, 0x3D, 0x3F, 0x3D, 0xF2, 0x22, 0xE5, 0x08, 0xE5, 0x08, 0xC5, 0x08, 0xC5, 0x08,
    0x83, 0xC4, 0x08, 0x02, 0xA4, 0x08, 0xC5, 0x08, 0x7C, 0x34, 0x86, 0x1F, 0x3D, 0x8E, 0xFF, 0x3C,
    0x02, 0xDF, 0x34, 0xFF, 0x3C, 0xF3, 0x22, 0x82, 0x21, 0x00, 0x84, 0x20, 0x00, 0x8D, 0x00, 0x00,
    0x8A, 0x00, 0x00, 0x85, 0x20, 0x00, 0x82, 0x21, 0x00, 0x08, 0x41, 0x00, 0x41, 0x00, 0x47, 0x11,
    0x1F, 0x4E, 0x1F, 0x4E, 0xFF, 0x4D, 0xFF, 0x4D, 0x1F, 0x4E, 0x1F, 0x4E, 0x82, 0xFF, 0x4D, 0x01,
    0x1F, 0x4E, 0x1F, 0x4E, 0x8A, 0xFF, 0x4D, 0x03, 0xDF, 0x4D, 0xFF, 0x4D, 0x31, 0x2B, 0xC4, 0x08,
    0x85, 0xE5, 0x08, 0x03, 0x05, 0x09, 0x26, 0x09, 0x06, 0x09, 0x31, 0x2B, 0x88, 0xDF, 0x4D, 0x02,
    0x7E, 0x4D, 0x8E, 0x22, 0x4C, 0x1A, 0x86, 0x4D, 0x1A, 0x86, 0x6D, 0x1A, 0x94, 0x6E, 0x1A, 0x88,
    0x4D, 0x1A, 0x03, 0x2D, 0x1A, 0x4D, 0x1A, 0x2D, 0x1A, 0x2D, 0x1A, 0x82, 0x2C, 0x1A, 0x86, 0x0C,
    0x1A, 0x02, 0xEB, 0x11, 0x2D, 0x1A, 0xFE, 0x3C, 0x86, 0x3F, 0x3D, 0x05, 0x1F, 0x3D, 0x3F, 0x3D,
    0xB0, 0x1A, 0xE5, 0x08, 0xE5, 0x08, 0xC5, 0x08, 0x83, 0xC4, 0x08, 0x08, 0xA4, 0x08, 0xC4, 0x08,
    0xA4, 0x08, 0xB0, 0x1A, 0x1F, 0x3D, 0xFF, 0x3C, 0xFF, 0x3C, 0x1F, 0x3D, 0x1F, 0x3D, 0x8E, 0xFF,
    0x3C, 0x04, 0xDF, 0x3C, 0xDF, 0x34, 0xDF, 0x3C, 0xDF, 0x34, 0x06, 0x09, 0x82, 0x21, 0x00, 0x84,
    0x20, 0x00, 0x8D, 0x00, 0x00, 0x8B, 0x00, 0x00, 0x84, 0x20, 0x00, 0x83, 0x21, 0x00, 0x02, 0x41,
    0x00, 0x41, 0x00, 0xCE, 0x22, 0x82, 0x1F, 0x4E, 0x92, 0xFF, 0x4D, 0x04, 0x77, 0x34, 0xE5, 0x08,
    0xE5, 0x08, 0xE4, 0x08, 0xE4, 0x08, 0x83, 0xE5, 0x08, 0x03, 0x05, 0x09, 0x06, 0x09, 0x06, 0x09,
    0xCF, 0x22, 0x88, 0xDF, 0x4D, 0x02, 0xBF, 0x4D, 0xCF, 0x22, 0x2C, 0x1A, 0x86, 0x4D, 0x1A, 0x89,
    0x6D, 0x1A, 0x8E, 0x6E, 0x1A, 0x00, 0x6D, 0x1A, 0x8A, 0x4D, 0x1A, 0x01, 0x2D, 0x1A, 0x4D, 0x1A,
    0x83, 0x2C, 0x1A, 0x87, 0x0C, 0x1A, 0x02, 0xEB, 0x11, 0x6E, 0x1A, 0x1F, 0x3D, 0x86, 0x3F, 0x3D,
    0x05, 0x1F, 0x3D, 0x1F, 0x3D, 0x6E, 0x1A, 0xE5, 0x08, 0xE5, 0x08, 0xC5, 0x08, 0x82, 0xC4, 0x08,
    0x84, 0xA4, 0x08, 0x00, 0xB7, 0x2B, 0x82, 0x1F, 0x3D, 0x8B, 0xFF, 0x3C, 0x85, 0xDF, 0x3C, 0x01,
    0xDF, 0x34, 0x2E, 0x1A, 0x83, 0x21, 0x00, 0x84, 0x20, 0x00, 0x8D, 0x00, 0x00, 0x8B, 0x00, 0x00,
    0x84, 0x20, 0x00, 0x84, 0x21, 0x00, 0x04, 0x41, 0x00, 0x41, 0x00, 0x0B, 0x1A, 0xD9, 0x3C, 0xDF,
    0x45, 0x90, 0xFF, 0x4D, 0x01, 0x5C, 0x45, 0x52, 0x2B, 0x83, 0xC4, 0x08, 0x00, 0xE4, 0x08, 0x83,
    0xE5, 0x08, 0x03, 0x05, 0x09, 0x06, 0x09, 0x06, 0x09, 0x4D, 0x1A, 0x89, 0xDF, 0x4D, 0x01, 0x11,
    0x23, 0x0C, 0x1A, 0x87, 0x4D, 0x1A, 0x8B, 0x6D, 0x1A, 0x88, 0x6E, 0x1A, 0x01, 0x6D, 0x1A, 0x6D,
    0x1A, 0x8B, 0x4D, 0x1A, 0x82, 0x2D, 0x1A, 0x83, 0x2C, 0x1A, 0x87, 0x0C, 0x1A, 0x01, 0xCB, 0x11,
    0xB0, 0x1A, 0x86, 0x3F, 0x3D, 0x82, 0x1F, 0x3D, 0x03, 0x0C, 0x1A, 0xE5, 0x08, 0xE5, 0x08, 0xC5,
    0x08, 0x82, 0xC4, 0x08, 0x83, 0xA4, 0x08, 0x03, 0xA3, 0x08, 0xA4, 0x08, 0xD1, 0x22, 0x7C, 0x34,
    0x8F, 0xFF, 0x3C, 0x03, 0xDF, 0x3C, 0xBF, 0x34, 0xD9, 0x2B, 0xAB, 0x11, 0x84, 0x21, 0x00, 0x83,
    0x20, 0x00, 0x8E, 0x00, 0x00, 0x8B, 0x00, 0x00, 0x84, 0x20, 0x00, 0x84, 0x21, 0x00, 0x83, 0x41,
    0x00, 0x02, 0x26, 0x09, 0x67, 0x11, 0x67, 0x11, 0x82, 0x68, 0x11, 0x85, 0x88, 0x11, 0x85, 0xA9,
    0x11, 0x01, 0xE5, 0x08, 0xA4, 0x08, 0x83, 0xC4, 0x08, 0x00, 0xE4, 0x08, 0x83, 0xE5, 0x08, 0x04,
    0x05, 0x09, 0x06, 0x09, 0x06, 0x09, 0xCA, 0x11, 0xBF, 0x4D, 0x85, 0xDF, 0x4D, 0x82, 0xBF, 0x4D,
    0x03, 0x93, 0x2B, 0x0B, 0x1A, 0x4D, 0x1A, 0x4C, 0x1A, 0x87, 0x4D, 0x1A, 0x02, 0x6D, 0x1A, 0x4D,
    0x1A, 0x4D, 0x1A, 0x8E, 0x6D, 0x1A, 0x8D, 0x4D, 0x1A, 0x82, 0x2D, 0x1A, 0x83, 0x2C, 0x1A, 0x88,
    0x0C, 0x1A, 0x03, 0xCA, 0x11, 0x33, 0x23, 0x3F, 0x3D, 0x1F, 0x3D, 0x83, 0x3F, 0x3D, 0x83, 0x1F,
    0x3D, 0x03, 0x89, 0x11, 0xE5, 0x08, 0xE5, 0x08, 0xC5, 0x08, 0x82, 0xC4, 0x08, 0x84, 0xA4, 0x08,
    0x03, 0x83, 0x00, 0x83, 0x00, 0xA4, 0x08, 0x48, 0x09, 0x82, 0x68, 0x11, 0x00, 0x48, 0x11, 0x84,
    0x48, 0x09, 0x01, 0x28, 0x09, 0x28, 0x09, 0x84, 0x27, 0x09, 0x00, 0xE5, 0x08, 0x85, 0x21, 0x00,
    0x84, 0x20, 0x00, 0x8E, 0x00, 0x00, 0x8B, 0x00, 0x00, 0x85, 0x20, 0x00, 0x83, 0x21, 0x00, 0x86,
    0x41, 0x00, 0x85, 0x62, 0x00, 0x82, 0x82, 0x00, 0x82, 0x83, 0x00, 0x83, 0xA3, 0x08, 0x84, 0xC4,
    0x08, 0x01, 0xE4, 0x08, 0xE4, 0x08, 0x83, 0xE5, 0x08, 0x07, 0x05, 0x09, 0x06, 0x09, 0x67, 0x11,
    0x7D, 0x45, 0xDF, 0x4D, 0xBF, 0x4D, 0xDF, 0x4D, 0xDF, 0x4D, 0x84, 0xBF, 0x4D, 0x04, 0x37, 0x34,
    0x0B, 0x1A, 0x4D, 0x1A, 0x4C, 0x1A, 0x4C, 0x1A, 0x8E, 0x4D, 0x1A, 0x01, 0x6D, 0x1A, 0x4D, 0x1A,
    0x82, 0x6D, 0x1A, 0x91, 0x4D, 0x1A, 0x01, 0x2D, 0x1A, 0x2D, 0x1A, 0x84, 0x2C, 0x1A, 0x87, 0x0C,
    0x1A, 0x07, 0xEC, 0x11, 0x0C, 0x1A, 0xCA, 0x11, 0xD7, 0x2B, 0x3F, 0x3D, 0x1F, 0x3D, 0x3F, 0x3D,
    0x3F, 0x3D, 0x84, 0x1F, 0x3D, 0x04, 0xBD, 0x34, 0x27, 0x09, 0xE5, 0x08, 0xE5, 0x08, 0xC5, 0x08,
    0x82, 0xC4, 0x08, 0x82, 0xA4, 0x08, 0x00, 0xA3, 0x08, 0x82, 0xA3, 0x00, 0x82, 0x83, 0x00, 0x00,
    0x63, 0x00, 0x85, 0x62, 0x00, 0x82, 0x42, 0x00, 0x84, 0x41, 0x00, 0x02, 0x21, 0x00, 0x21, 0x00,
    0x41, 0x00, 0x83, 0x21, 0x00, 0x84, 0x20, 0x00, 0x8E, 0x00, 0x00, 0x8C, 0x00, 0x00, 0x84, 0x20,
    0x00, 0x84, 0x21, 0x00, 0x83, 0x41, 0x00, 0x86, 0x62, 0x00, 0x00, 0x82, 0x00, 0x83, 0x83, 0x00,
    0x00, 0xA3, 0x00, 0x84, 0xA3, 0x08, 0x01, 0xA4, 0x08, 0xA4, 0x08, 0x83, 0xC4, 0x08, 0x00, 0xE4,
    0x08, 0x83, 0xE5, 0x08, 0x06, 0x05, 0x09, 0x06, 0x09, 0x06, 0x09, 0xDA, 0x3C, 0xDF, 0x4D, 0xBF,
    0x4D, 0xDF, 0x4D, 0x85, 0xBF, 0x4D, 0x05, 0xFB, 0x3C, 0x2C, 0x1A, 0x4C, 0x1A, 0x2C, 0x1A, 0x4C,
    0x1A, 0x4C, 0x1A, 0xA2, 0x4D, 0x1A, 0x82, 0x2D, 0x1A, 0x84, 0x2C, 0x1A, 0x88, 0x0C, 0x1A, 0x04,
    0xEC, 0x11, 0xEC, 0x11, 0xEB, 0x11, 0x7B, 0x34, 0x3F, 0x3D, 0x87, 0x1F, 0x3D, 0x03, 0x3A, 0x34,
    0xE5, 0x08, 0xE5, 0x08, 0xC5, 0x08, 0x82, 0xC4, 0x08, 0x83, 0xA4, 0x08, 0x01, 0xA3, 0x08, 0xA3,
    0x00, 0x86, 0x83, 0x00, 0x01, 0x63, 0x00, 0x63, 0x00, 0x85, 0x62, 0x00, 0x82, 0x42, 0x00, 0x82,
    0x41, 0x00, 0x85, 0x21, 0x00, 0x84, 0x20, 0x00, 0x8E, 0x00, 0x00, 0x8C, 0x00, 0x00, 0x85, 0x20,
    0x00, 0x83, 0x21, 0x00, 0x86, 0x41, 0x00, 0x85, 0x62, 0x00, 0x82, 0x82, 0x00, 0x82, 0x83, 0x00,
    0x83, 0xA3, 0x08, 0x00, 0xA4, 0x08, 0x84, 0xC4, 0x08, 0x00, 0xE4, 0x08, 0x82, 0xE5, 0x08, 0x05,
    0x05, 0x09, 0x06, 0x09, 0x06, 0x09, 0x16, 0x34, 0xBF, 0x4D, 0xBF, 0x45, 0x86, 0xBF, 0x4D, 0x02,
    0x9F, 0x45, 0x8E, 0x22, 0x2C, 0x1A, 0x83, 0x4C, 0x1A, 0x9F, 0x4D, 0x1A, 0x03, 0x2D, 0x1A, 0x2D,
    0x1A, 0x2C, 0x1A, 0x2D, 0x1A, 0x84, 0x2C, 0x1A, 0x84, 0x0C, 0x1A, 0x00, 0x0C, 0x12, 0x82, 0x0C,
    0x1A, 0x05, 0xEC, 0x11, 0xEC, 0x11, 0xCB, 0x11, 0x4E, 0x1A, 0xFF, 0x3C, 0x3F, 0x3D, 0x87, 0x1F,
    0x3D, 0x03, 0x75, 0x2B, 0xE5, 0x08, 0xE5, 0x08, 0xC5, 0x08, 0x82, 0xC4, 0x08, 0x83, 0xA4, 0x08,
    0x00, 0xA3, 0x08, 0x85, 0x83, 0x00, 0x85, 0x62, 0x00, 0x82, 0x42, 0x00, 0x84, 0x41, 0x00, 0x86,
    0x21, 0x00, 0x84, 0x20, 0x00, 0x8F, 0x00, 0x00, 0x8C, 0x00, 0x00, 0x85, 0x20, 0x00, 0x84, 0x21,
    0x00, 0x86, 0x41, 0x00, 0x85, 0x62, 0x00, 0x01, 0x82, 0x00, 0x82, 0x00, 0x82, 0x83, 0x00, 0x83,
    0xA3, 0x08, 0x01, 0xA4, 0x08, 0xA4, 0x08, 0x83, 0xC4, 0x08, 0x00, 0xE4, 0x08, 0x83, 0xE5, 0x08,
    0x06, 0x06, 0x09, 0x06, 0x09, 0xF0, 0x22, 0xBF, 0x4D, 0xBF, 0x45, 0xBF, 0x4D, 0xBF, 0x4D, 0x83,
    0xBF, 0x45, 0x08, 0x9F, 0x45, 0xBF, 0x4D, 0x73, 0x2B, 0xEB, 0x11, 0x4D, 0x1A, 0x2C, 0x1A, 0x4C,
    0x1A, 0x4C, 0x1A, 0x2C, 0x1A, 0x9C, 0x4D, 0x1A, 0x82, 0x2D, 0x1A, 0x85, 0x2C, 0x1A, 0x85, 0x0C,
    0x1A, 0x00, 0x0C, 0x12, 0x82, 0x0C, 0x1A, 0x04, 0xEC, 0x11, 0xEC, 0x11, 0x0C, 0x1A, 0xCA, 0x11,
    0x13, 0x23, 0x89, 0x1F, 0x3D, 0x02, 0x90, 0x1A, 0xC5, 0x08, 0xE5, 0x08, 0x83, 0xC4, 0x08, 0x82,
    0xA4, 0x08, 0x00, 0xA3, 0x08, 0x85, 0x83, 0x00, 0x00, 0x63, 0x00, 0x84, 0x62, 0x00, 0x83, 0x42,
    0x00, 0x84, 0x41, 0x00, 0x86, 0x21, 0x00, 0x84, 0x20, 0x00, 0x8F, 0x00, 0x00, 0x8D, 0x00, 0x00,
    0x84, 0x20, 0x00, 0x84, 0x21, 0x00, 0x86, 0x41, 0x00, 0x86, 0x62, 0x00, 0x01, 0x82, 0x00, 0x82,
    0x00, 0x82, 0x83, 0x00, 0x82, 0xA3, 0x08, 0x01, 0xA4, 0x08, 0xA4, 0x08, 0x83, 0xC4, 0x08, 0x01,
    0xE4, 0x08, 0xE4, 0x08, 0x82, 0xE5, 0x08, 0x02, 0x05, 0x09, 0x05, 0x09, 0xEA, 0x19, 0x87, 0xBF,
    0x45, 0x03, 0x9F, 0x45, 0xBF, 0x45, 0x9A, 0x3C, 0x0B, 0x1A, 0x86, 0x2C, 0x1A, 0x97, 0x4D, 0x1A,
    0x83, 0x2D, 0x1A, 0x83, 0x2C, 0x1A, 0x02, 0x0C, 0x1A, 0x2C, 0x1A, 0x2C, 0x1A, 0x85, 0x0C, 0x1A,
    0x04, 0x0C, 0x12, 0x0C, 0x12, 0x0C, 0x1A, 0x0C, 0x12, 0x0C, 0x12, 0x82, 0xEC, 0x11, 0x01, 0xCA,
    0x11, 0x39, 0x34, 0x88, 0x1F, 0x3D, 0x03, 0xFF, 0x3C, 0xAA, 0x11, 0xC5, 0x08, 0xC5, 0x08, 0x82,
    0xC4, 0x08, 0x83, 0xA4, 0x08, 0x00, 0xA3, 0x08, 0x85, 0x83, 0x00, 0x84, 0x62, 0x00, 0x83, 0x42,
    0x00, 0x84, 0x41, 0x00, 0x86, 0x21, 0x00, 0x84, 0x20, 0x00, 0x90, 0x00, 0x00, 0x8E, 0x00, 0x00,
    0x84, 0x20, 0x00, 0x84, 0x21, 0x00, 0x86, 0x41, 0x00, 0x86, 0x62, 0x00, 0x01, 0x82, 0x00, 0x82,
    0x00, 0x82, 0x83, 0x00, 0x82, 0xA3, 0x08, 0x00, 0xA4, 0x08, 0x84, 0xC4, 0x08, 0x00, 0xE4, 0x08,
    0x83, 0xE5, 0x08, 0x02, 0x05, 0x09, 0x06, 0x09, 0xFC, 0x3C, 0x86, 0xBF, 0x45, 0x04, 0x9F, 0x45,
    0x9F, 0x45, 0x7F, 0x45, 0x8E, 0x22, 0x0B, 0x1A, 0x86, 0x2C, 0x1A, 0x02, 0x4D, 0x1A, 0x4D, 0x1A,
    0x2D, 0x1A, 0x8E, 0x4D, 0x1A, 0x86, 0x2D, 0x1A, 0x84, 0x2C, 0x1A, 0x02, 0x0C, 0x1A, 0x0C, 0x1A,
    0x2C, 0x1A, 0x85, 0x0C, 0x1A, 0x04, 0x0C, 0x12, 0x0C, 0x12, 0x0C, 0x1A, 0x0C, 0x12, 0x0C, 0x12,
    0x82, 0xEC, 0x11, 0x02, 0xCB, 0x11, 0x4E, 0x1A, 0xFF, 0x3C, 0x88, 0x1F, 0x3D, 0x02, 0x5B, 0x34,
    0xE5, 0x08, 0xC5, 0x08, 0x83, 0xC4, 0x08, 0x82, 0xA4, 0x08, 0x00, 0xA3, 0x08, 0x85, 0x83, 0x00,
    0x00, 0x63, 0x00, 0x83, 0x62, 0x00, 0x84, 0x42, 0x00, 0x83, 0x41, 0x00, 0x86, 0x21, 0x00, 0x85,
    0x20, 0x00, 0x90, 0x00, 0x00, 0x8E, 0x00, 0x00, 0x85, 0x20, 0x00, 0x84, 0x21, 0x00, 0x85, 0x41,
    0x00, 0x00, 0x42, 0x00, 0x85, 0x62, 0x00, 0x01, 0x82, 0x00, 0x82, 0x00, 0x82, 0x83, 0x00, 0x83,
    0xA3, 0x08, 0x00, 0xA4, 0x08, 0x83, 0xC4, 0x08, 0x01, 0xE4, 0x08, 0xE4, 0x08, 0x82, 0xE5, 0x08,
    0x04, 0x06, 0x09, 0xE5, 0x08, 0xB5, 0x2B, 0xBF, 0x45, 0x9F, 0x45, 0x83, 0xBF, 0x45, 0x83, 0x9F,
    0x45, 0x01, 0xD6, 0x2B, 0xEB, 0x11, 0x88, 0x2C, 0x1A, 0x06, 0x4D, 0x1A, 0x2D, 0x1A, 0x2D, 0x1A,
    0x4D, 0x1A, 0x2D, 0x1A, 0x4D, 0x1A, 0x2D, 0x1A, 0x82, 0x4D, 0x1A, 0x88, 0x2D, 0x1A, 0x86, 0x2C,
    0x1A, 0x02, 0x0C, 0x1A, 0x0C, 0x1A, 0x2C, 0x1A, 0x86, 0x0C, 0x1A, 0x84, 0x0C, 0x12, 0x82, 0xEC,
    0x11, 0x02, 0x0C, 0x1A, 0xAA, 0x11, 0x95, 0x2B, 0x87, 0x1F, 0x3D, 0x04, 0xFF, 0x3C, 0x1F, 0x3D,
    0x54, 0x23, 0xC5, 0x08, 0xE5, 0x08, 0x82, 0xC4, 0x08, 0x83, 0xA4, 0x08, 0x86, 0x83, 0x00, 0x84,
    0x62, 0x00, 0x83, 0x42, 0x00, 0x83, 0x41, 0x00, 0x86, 0x21, 0x00, 0x85, 0x20, 0x00, 0x91, 0x00,
    0x00, 0x8F, 0x00, 0x00, 0x85, 0x20, 0x00, 0x84, 0x21, 0x00, 0x85, 0x41, 0x00, 0x00, 0x42, 0x00,
    0x85, 0x62, 0x00, 0x01, 0x82, 0x00, 0x82, 0x00, 0x82, 0x83, 0x00, 0x82, 0xA3, 0x08, 0x01, 0xA4,
    0x08, 0xA4, 0x08, 0x83, 0xC4, 0x08, 0x00, 0xE4, 0x08, 0x82, 0xE5, 0x08, 0x04, 0x05, 0x09, 0xE5,
    0x08, 0x2C, 0x1A, 0xBF, 0x45, 0x9F, 0x45, 0x82, 0xBF, 0x45, 0x84, 0x9F, 0x45, 0x02, 0x3D, 0x45,
    0x4D, 0x1A, 0x0C, 0x1A, 0x8A, 0x2C, 0x1A, 0x02, 0x2D, 0x1A, 0x2D, 0x1A, 0x2C, 0x1A, 0x88, 0x2D,
    0x1A, 0x87, 0x2C, 0x1A, 0x8B, 0x0C, 0x1A, 0x84, 0x0C, 0x12, 0x83, 0xEC, 0x11, 0x02, 0xEB, 0x11,
    0x0C, 0x1A, 0xDD, 0x34, 0x87, 0x1F, 0x3D, 0x04, 0xFF, 0x3C, 0x1F, 0x3D, 0xEC, 0x11, 0xC5, 0x08,
    0xE5, 0x08, 0x82, 0xC4, 0x08, 0x82, 0xA4, 0x08, 0x00, 0xA3, 0x08, 0x85, 0x83, 0x00, 0x00, 0x63,
    0x00, 0x83, 0x62, 0x00, 0x83, 0x42, 0x00, 0x83, 0x41, 0x00, 0x87, 0x21, 0x00, 0x84, 0x20, 0x00,
    0x92, 0x00, 0x00, 0x90, 0x00, 0x00, 0x85, 0x20, 0x00, 0x84, 0x21, 0x00, 0x84, 0x41, 0x00, 0x01,
    0x42, 0x00, 0x42, 0x00, 0x86, 0x62, 0x00, 0x07, 0x82, 0x00, 0x83, 0x00, 0x83, 0x00, 0xA3, 0x00,
    0xA3, 0x00, 0xA3, 0x08, 0xA3, 0x08, 0xA4, 0x08, 0x84, 0xC4, 0x08, 0x00, 0xE4, 0x08, 0x82, 0xE5,
    0x08, 0x03, 0x05, 0x09, 0x06, 0x09, 0xFC, 0x3C, 0xBF, 0x45, 0x88, 0x9F, 0x45, 0x01, 0xB5, 0x2B,
    0xCA, 0x11, 0x9B, 0x2C, 0x1A, 0x8C, 0x0C, 0x1A, 0x82, 0x0C, 0x12, 0x02, 0xEC, 0x11, 0x0C, 0x12,
    0x0C, 0x12, 0x83, 0xEC, 0x11, 0x02, 0xEC, 0x19, 0xAA, 0x11, 0x75, 0x23, 0x87, 0x1F, 0x3D, 0x07,
    0xFF, 0x3C, 0x1F, 0x3D, 0x7C, 0x34, 0xE5, 0x08, 0xC5, 0x08, 0xC5, 0x08, 0xC4, 0x08, 0xC4, 0x08,
    0x83, 0xA4, 0x08, 0x85, 0x83, 0x00, 0x00, 0x63, 0x00, 0x83, 0x62, 0x00, 0x83, 0x42, 0x00, 0x83,
    0x41, 0x00, 0x87, 0x21, 0x00, 0x84, 0x20, 0x00, 0x93, 0x00, 0x00, 0x91, 0x00, 0x00, 0x85, 0x20,
    0x00, 0x83, 0x21, 0x00, 0x85, 0x41, 0x00, 0x01, 0x42, 0x00, 0x42, 0x00, 0x85, 0x62, 0x00, 0x08,
    0x82, 0x00, 0x82, 0x00, 0x83, 0x00, 0x83, 0x00, 0xA3, 0x00, 0xA3, 0x00, 0xA3, 0x08, 0xA4, 0x08,
    0xA4, 0x08, 0x83, 0xC4, 0x08, 0x00, 0xE4, 0x08, 0x82, 0xE5, 0x08, 0x02, 0x05, 0x09, 0xE5, 0x08,
    0x53, 0x2B, 0x89, 0x9F, 0x45, 0x02, 0x5E, 0x45, 0x6D, 0x1A, 0x0B, 0x1A, 0x98, 0x2C, 0x1A, 0x8D,
    0x0C, 0x1A, 0x82, 0x0C, 0x12, 0x02, 0xEC, 0x11, 0x0C, 0x12, 0x0C, 0x12, 0x84, 0xEC, 0x11, 0x02,
    0xCB, 0x11, 0x2D, 0x1A, 0xDE, 0x34, 0x87, 0x1F, 0x3D, 0x04, 0xFF, 0x3C, 0xFF, 0x3C, 0xF2, 0x22,
    0xC5, 0x08, 0xC5, 0x08, 0x82, 0xC4, 0x08, 0x82, 0xA4, 0x08, 0x00, 0xA3, 0x08, 0x85, 0x83, 0x00,
    0x00, 0x63, 0x00, 0x82, 0x62, 0x00, 0x83, 0x42, 0x00, 0x83, 0x41, 0x00, 0x87, 0x21, 0x00, 0x84,
    0x20, 0x00, 0x94, 0x00, 0x00, 0x92, 0x00, 0x00, 0x85, 0x20, 0x00, 0x82, 0x21, 0x00, 0x86, 0x41,
    0x00, 0x00, 0x42, 0x00, 0x86, 0x62, 0x00, 0x07, 0x82, 0x00, 0x83, 0x00, 0x83, 0x00, 0xA3, 0x00,
    0xA3, 0x00, 0xA3, 0x08, 0xA3, 0x08, 0xA4, 0x08, 0x84, 0xC4, 0x08, 0x00, 0xE4, 0x08, 0x83, 0xE5,
    0x08, 0x01, 0x88, 0x11, 0x7E, 0x45, 0x87, 0x9F, 0x45, 0x04, 0x7F, 0x45, 0x9F, 0x45, 0x38, 0x34,
    0xEA, 0x11, 0x2C, 0x1A, 0x82, 0x0C, 0x1A, 0x82, 0x2C, 0x1A, 0x00, 0x0C, 0x1A, 0x8A, 0x2C, 0x1A,
    0x91, 0x0C, 0x1A, 0x83, 0x0C, 0x12, 0x02, 0xEC, 0x11, 0xEC, 0x11, 0x0C, 0x12, 0x83, 0xEC, 0x11,
    0x03, 0xEB, 0x11, 0xEC, 0x11, 0xAA, 0x11, 0xF8, 0x2B, 0x87, 0x1F, 0x3D, 0x07, 0xFF, 0x3C, 0xFF,
    0x3C, 0xDE, 0x34, 0x68, 0x11, 0xC5, 0x08, 0xC5, 0x08, 0xC4, 0x08, 0xC4, 0x08, 0x83, 0xA4, 0x08,
    0x85, 0x83, 0x00, 0x00, 0x63, 0x00, 0x82, 0x62, 0x00, 0x84, 0x42, 0x00, 0x82, 0x41, 0x00, 0x87,
    0x21, 0x00, 0x84, 0x20, 0x00, 0x95, 0x00, 0x00, 0x92, 0x00, 0x00, 0x85, 0x20, 0x00, 0x83, 0x21,
    0x00, 0x86, 0x41, 0x00, 0x00, 0x42, 0x00, 0x85, 0x62, 0x00, 0x01, 0x82, 0x00, 0x82, 0x00, 0x82,
    0x83, 0x00, 0x03, 0xA3, 0x00, 0xA3, 0x08, 0xA4, 0x08, 0xA4, 0x08, 0x84, 0xC4, 0x08, 0x82, 0xE5,
    0x08, 0x04, 0x05, 0x09, 0xE5, 0x08, 0xF6, 0x2B, 0x9F, 0x45, 0x7F, 0x45, 0x85, 0x9F, 0x45, 0x82,
    0x7F, 0x45, 0x02, 0x11, 0x23, 0xEA, 0x11, 0x2C, 0x1A, 0x83, 0x0C, 0x1A, 0x03, 0x2C, 0x1A, 0x2C,
    0x1A, 0x0C, 0x1A, 0x0C, 0x1A, 0x86, 0x2C, 0x1A, 0x91, 0x0C, 0x1A, 0x83, 0x0C, 0x12, 0x87, 0xEC,
    0x11, 0x03, 0xEB, 0x11, 0xEC, 0x11, 0xAA, 0x11, 0xD1, 0x22, 0x87, 0x1F, 0x3D, 0x82, 0xFF, 0x3C,
    0x02, 0x76, 0x2B, 0xC5, 0x08, 0xC5, 0x08, 0x82, 0xC4, 0x08, 0x82, 0xA4, 0x08, 0x00, 0xA3, 0x08,
    0x84, 0x83, 0x00, 0x01, 0x63, 0x00, 0x63, 0x00, 0x82, 0x62, 0x00, 0x83, 0x42, 0x00, 0x82, 0x41,
    0x00, 0x87, 0x21, 0x00, 0x84, 0x20, 0x00, 0x96, 0x00, 0x00, 0x93, 0x00, 0x00, 0x85, 0x20, 0x00,
    0x82, 0x21, 0x00, 0x87, 0x41, 0x00, 0x86, 0x62, 0x00, 0x08, 0x82, 0x00, 0x82, 0x00, 0x83, 0x00,
    0x83, 0x00, 0xA3, 0x00, 0xA3, 0x00, 0xA3, 0x08, 0xA4, 0x08, 0xA4, 0x08, 0x83, 0xC4, 0x08, 0x06,
    0xE4, 0x08, 0xE5, 0x08, 0xE5, 0x08, 0x05, 0x09, 0xE5, 0x08, 0xCA, 0x11, 0x7F, 0x45, 0x85, 0x9F,
    0x45, 0x83, 0x7F, 0x45, 0x03, 0x1D, 0x3D, 0x4D, 0x1A, 0xEB, 0x11, 0x2C, 0x1A, 0x84, 0x0C, 0x1A,
    0x00, 0x2C, 0x1A, 0x83, 0x0C, 0x1A, 0x01, 0x2C, 0x1A, 0x2C, 0x1A, 0x91, 0x0C, 0x1A, 0x83, 0x0C,
    0x12, 0x82, 0xEC, 0x11, 0x00, 0x0C, 0x12, 0x83, 0xEC, 0x11, 0x05, 0xEB, 0x11, 0xEB, 0x11, 0xEC,
    0x11, 0xCB, 0x11, 0x0D, 0x1A, 0xBD, 0x34, 0x85, 0x1F, 0x3D, 0x83, 0xFF, 0x3C, 0x05, 0xDF, 0x3C,
    0x89, 0x11, 0xC5, 0x08, 0xC5, 0x08, 0xC4, 0x08, 0xC4, 0x08, 0x82, 0xA4, 0x08, 0x00, 0xA3, 0x08,
    0x85, 0x83, 0x00, 0x00, 0x63, 0x00, 0x82, 0x62, 0x00, 0x84, 0x42, 0x00, 0x82, 0x41, 0x00, 0x87,
    0x21, 0x00, 0x83, 0x20, 0x00, 0x97, 0x00, 0x00, 0x94, 0x00, 0x00, 0x84, 0x20, 0x00, 0x84, 0x21,
    0x00, 0x85, 0x41, 0x00, 0x00, 0x42, 0x00, 0x85, 0x62, 0x00, 0x01, 0x82, 0x00, 0x82, 0x00, 0x82,
    0x83, 0x00, 0x03, 0xA3, 0x00, 0xA3, 0x08, 0xA3, 0x08, 0xA4, 0x08, 0x84, 0xC4, 0x08, 0x82, 0xE5,
    0x08, 0x06, 0x05, 0x09, 0xE5, 0x08, 0xF6, 0x2B, 0x9F, 0x45, 0x7F, 0x45, 0x9F, 0x45, 0x9F, 0x45,
    0x86, 0x7F, 0x45, 0x01, 0x9A, 0x34, 0xEB, 0x11, 0x8A, 0x0C, 0x1A, 0x00, 0x0C, 0x12, 0x8E, 0x0C,
    0x1A, 0x85, 0x0C, 0x12, 0x88, 0xEC, 0x11, 0x82, 0xEB, 0x11, 0x04, 0xCB, 0x11, 0xCB, 0x11, 0x3A,
    0x34, 0x1F, 0x3D, 0xFF, 0x3C, 0x83, 0x1F, 0x3D, 0x84, 0xFF, 0x3C, 0x04, 0x76, 0x2B, 0xC5, 0x08,
    0xC5, 0x08, 0xC4, 0x08, 0xC4, 0x08, 0x83, 0xA4, 0x08, 0x00, 0xA3, 0x08, 0x84, 0x83, 0x00, 0x03,
    0x63, 0x00, 0x63, 0x00, 0x62, 0x00, 0x62, 0x00, 0x84, 0x42, 0x00, 0x82, 0x41, 0x00, 0x87, 0x21,
    0x00, 0x83, 0x20, 0x00, 0x98, 0x00, 0x00, 0x95, 0x00, 0x00, 0x84, 0x20, 0x00, 0x84, 0x21, 0x00,
    0x85, 0x41, 0x00, 0x00, 0x42, 0x00, 0x85, 0x62, 0x00, 0x08, 0x82, 0x00, 0x82, 0x00, 0x83, 0x00,
    0x83, 0x00, 0xA3, 0x00, 0xA3, 0x00, 0xA3, 0x08, 0xA4, 0x08, 0xA4, 0x08, 0x84, 0xC4, 0x08, 0x83,
    0xE5, 0x08, 0x01, 0x88, 0x11, 0x5E, 0x45, 0x8A, 0x7F, 0x45, 0x01, 0x17, 0x34, 0xCA, 0x11, 0x88,
    0x0C, 0x1A, 0x94, 0x0C, 0x12, 0x89, 0xEC, 0x11, 0x83, 0xEB, 0x11, 0x03, 0xAA, 0x11, 0xD7, 0x2B,
    0x1F, 0x3D, 0xFF, 0x3C, 0x82, 0x1F, 0x3D, 0x85, 0xFF, 0x3C, 0x05, 0xDE, 0x34, 0x48, 0x11, 0xC5,
    0x08, 0xC5, 0x08, 0xC4, 0x08, 0xC4, 0x08, 0x82, 0xA4, 0x08, 0x00, 0xA3, 0x08, 0x85, 0x83, 0x00,
    0x00, 0x63, 0x00, 0x82, 0x62, 0x00, 0x84, 0x42, 0x00, 0x82, 0x41, 0x00, 0x87, 0x21, 0x00, 0x82,
    0x20, 0x00, 0x99, 0x00, 0x00, 0x96, 0x00, 0x00, 0x83, 0x20, 0x00, 0x84, 0x21, 0x00, 0x86, 0x41,
    0x00, 0x86, 0x62, 0x00, 0x00, 0x82, 0x00, 0x82, 0x83, 0x00, 0x04, 0xA3, 0x00, 0xA3, 0x08, 0xA3,
    0x08, 0xA4, 0x08, 0xA4, 0x08, 0x84, 0xC4, 0x08, 0x83, 0xE5, 0x08, 0x00, 0x32, 0x23, 0x89, 0x7F,
    0x45, 0x03, 0x5F, 0x3D, 0x7F, 0x45, 0xD6, 0x2B, 0xCA, 0x11, 0x88, 0x0C, 0x1A, 0x91, 0x0C, 0x12,
    0x89, 0xEC, 0x11, 0x84, 0xEB, 0x11, 0x05, 0xAA, 0x11, 0x96, 0x2B, 0x1F, 0x3D, 0xFF, 0x3C, 0x1F,
    0x3D, 0x1F, 0x3D, 0x87, 0xFF, 0x3C, 0x04, 0xD2, 0x22, 0xC5, 0x08, 0xC5, 0x08, 0xC4, 0x08, 0xC4,
    0x08, 0x82, 0xA4, 0x08, 0x01, 0xA3, 0x08, 0xA3, 0x08, 0x84, 0x83, 0x00, 0x03, 0x63, 0x00, 0x63,
    0x00, 0x62, 0x00, 0x62, 0x00, 0x84, 0x42, 0x00, 0x82, 0x41, 0x00, 0x87, 0x21, 0x00, 0x82, 0x20,
    0x00, 0x9A, 0x00, 0x00, 0x96, 0x00, 0x00, 0x84, 0x20, 0x00, 0x84, 0x21, 0x00, 0x86, 0x41, 0x00,
    0x85, 0x62, 0x00, 0x04, 0x82, 0x00, 0x82, 0x00, 0x83, 0x00, 0x83, 0x00, 0xA3, 0x00, 0x82, 0xA3,
    0x08, 0x01, 0xA4, 0x08, 0xA4, 0x08, 0x84, 0xC4, 0x08, 0x82, 0xE5, 0x08, 0x01, 0x06, 0x09, 0xBB,
    0x34, 0x89, 0x7F, 0x45, 0x03, 0x5F, 0x3D, 0x7F, 0x45, 0xB6, 0x2B, 0xCA, 0x11, 0x82, 0x0C, 0x1A,
    0x83, 0x0C, 0x12, 0x83, 0x0C, 0x1A, 0x8D, 0x0C, 0x12, 0x88, 0xEC, 0x11, 0x84, 0xEB, 0x11, 0x06,
    0xCB, 0x11, 0xAA, 0x11, 0x96, 0x2B, 0x1F, 0x3D, 0xFF, 0x3C, 0x1F, 0x3D, 0x1F, 0x3D, 0x87, 0xFF,
    0x3C, 0x04, 0x3B, 0x34, 0xE5, 0x08, 0xC5, 0x08, 0xC4, 0x08, 0xC4, 0x08, 0x83, 0xA4, 0x08, 0x00,
    0xA3, 0x08, 0x85, 0x83, 0x00, 0x00, 0x63, 0x00, 0x82, 0x62, 0x00, 0x84, 0x42, 0x00, 0x82, 0x41,
    0x00, 0x86, 0x21, 0x00, 0x01, 0x20, 0x00, 0x20, 0x00, 0x9C, 0x00, 0x00, 0x97, 0x00, 0x00, 0x84,
    0x20, 0x00, 0x84, 0x21, 0x00, 0x85, 0x41, 0x00, 0x86, 0x62, 0x00, 0x00, 0x82, 0x00, 0x82, 0x83,
    0x00, 0x00, 0xA3, 0x00, 0x82, 0xA3, 0x08, 0x01, 0xA4, 0x08, 0xA4, 0x08, 0x84, 0xC4, 0x08, 0x82,
    0xE5, 0x08, 0x01, 0xEB, 0x11, 0x5F, 0x3D, 0x89, 0x7F, 0x45, 0x05, 0x5F, 0x3D, 0x5F, 0x45, 0xF7,
    0x2B, 0xEB, 0x11, 0xEB, 0x11, 0x0C, 0x1A, 0x88, 0x0C, 0x12, 0x82, 0x0C, 0x1A, 0x85, 0x0C, 0x12,
    0x8A, 0xEC, 0x11, 0x83, 0xEB, 0x11, 0x07, 0xCB, 0x11, 0xEC, 0x11, 0xCB, 0x11, 0xCB, 0x11, 0xB7,
    0x2B, 0x1F, 0x3D, 0xFF, 0x3C, 0x1F, 0x3D, 0x87, 0xFF, 0x3C, 0x05, 0xDF, 0x34, 0xDF, 0x34, 0xAB,
    0x11, 0xC5, 0x08, 0xC5, 0x08, 0xC4, 0x08, 0x84, 0xA4, 0x08, 0x00, 0xA3, 0x00, 0x84, 0x83, 0x00,
    0x00, 0x63, 0x00, 0x82, 0x62, 0x00, 0x84, 0x42, 0x00, 0x82, 0x41, 0x00, 0x87, 0x21, 0x00, 0x00,
    0x20, 0x00, 0x9D, 0x00, 0x00, 0x97, 0x00, 0x00, 0x84, 0x20, 0x00, 0x84, 0x21, 0x00, 0x85, 0x41,
    0x00, 0x00, 0x42, 0x00, 0x86, 0x62, 0x00, 0x83, 0x83, 0x00, 0x82, 0xA3, 0x08, 0x82, 0xA4, 0x08,
    0x83, 0xC4, 0x08, 0x83, 0xE5, 0x08, 0x05, 0x32, 0x23, 0x7F, 0x45, 0x5F, 0x3D, 0x7F, 0x45, 0x7F,
    0x3D, 0x7F, 0x3D, 0x87, 0x5F, 0x3D, 0x04, 0x7A, 0x34, 0x2D, 0x1A, 0xCA, 0x11, 0x0C, 0x1A, 0x0C,
    0x1A, 0x8B, 0x0C, 0x12, 0x8B, 0xEC, 0x11, 0x84, 0xEB, 0x11, 0x06, 0xCB, 0x11, 0xEB, 0x11, 0xEB,
    0x11, 0xAA, 0x11, 0x0D, 0x1A, 0x3A, 0x34, 0x1F, 0x3D, 0x89, 0xFF, 0x3C, 0x05, 0xDF, 0x34, 0xFF,
    0x3C, 0xD2, 0x22, 0xC5, 0x08, 0xC5, 0x08, 0xC4, 0x08, 0x84, 0xA4, 0x08, 0x00, 0xA3, 0x00, 0x84,
    0x83, 0x00, 0x00, 0x63, 0x00, 0x83, 0x62, 0x00, 0x83, 0x42, 0x00, 0x82, 0x41, 0x00, 0x87, 0x21,
    0x00, 0x00, 0x20, 0x00, 0x9E, 0x00, 0x00, 0x98, 0x00, 0x00, 0x84, 0x20, 0x00, 0x84, 0x21, 0x00,
    0x85, 0x41, 0x00, 0x00, 0x42, 0x00, 0x86, 0x62, 0x00, 0x83, 0x83, 0x00, 0x01, 0xA3, 0x08, 0xA3,
    0x08, 0x82, 0xA4, 0x08, 0x84, 0xC4, 0x08, 0x83, 0xE5, 0x08, 0x03, 0x18, 0x34, 0x7F, 0x3D, 0x5F,
    0x3D, 0x7F, 0x3D, 0x87, 0x5F, 0x3D, 0x08, 0x3F, 0x3D, 0x5F, 0x3D, 0xFD, 0x3C, 0xF1, 0x22, 0xCA,
    0x11, 0xEB, 0x11, 0x0C, 0x1A, 0x0C, 0x1A, 0xEB, 0x11, 0x83, 0x0C, 0x12, 0x8C, 0xEC, 0x11, 0x86,
    0xEB, 0x11, 0x07, 0xCB, 0x11, 0xEB, 0x11, 0xEC, 0x11, 0xCB, 0x11, 0xAA, 0x11, 0xD1, 0x22, 0xBD,
    0x34, 0x1F, 0x3D, 0x89, 0xFF, 0x3C, 0x05, 0xDF, 0x34, 0xFF, 0x3C, 0xB8, 0x2B, 0xC5, 0x08, 0xC5,
    0x08, 0xC4, 0x08, 0x85, 0xA4, 0x08, 0x84, 0x83, 0x00, 0x01, 0x63, 0x00, 0x63, 0x00, 0x83, 0x62,
    0x00, 0x83, 0x42, 0x00, 0x82, 0x41, 0x00, 0x86, 0x21, 0x00, 0x00, 0x20, 0x00, 0x9F, 0x00, 0x00,
    0x98, 0x00, 0x00, 0x85, 0x20, 0x00, 0x83, 0x21, 0x00, 0x85, 0x41, 0x00, 0x01, 0x42, 0x00, 0x42,
    0x00, 0x85, 0x62, 0x00, 0x00, 0x82, 0x00, 0x82, 0x83, 0x00, 0x82, 0xA3, 0x08, 0x82, 0xA4, 0x08,
    0x84, 0xC4, 0x08, 0x82, 0xE5, 0x08, 0x01, 0x47, 0x09, 0xBB, 0x34, 0x8A, 0x5F, 0x3D, 0x08, 0x3F,
    0x3D, 0x5F, 0x3D, 0x5F, 0x3D, 0xF7, 0x2B, 0x2D, 0x1A, 0xAA, 0x11, 0xEB, 0x11, 0x0C, 0x12, 0x0C,
    0x12, 0x97, 0xEB, 0x11, 0x05, 0xCB, 0x11, 0xAA, 0x11, 0x0D, 0x1A, 0xD8, 0x2B, 0x1F, 0x3D, 0x1F,
    0x3D, 0x89, 0xFF, 0x3C, 0x05, 0xDF, 0x34, 0xFF, 0x3C, 0x5B, 0x34, 0x27, 0x09, 0xC5, 0x08, 0xC5,
    0x08, 0x85, 0xA4, 0x08, 0x85, 0x83, 0x00, 0x01, 0x63, 0x00, 0x63, 0x00, 0x82, 0x62, 0x00, 0x83,
    0x42, 0x00, 0x82, 0x41, 0x00, 0x87, 0x21, 0x00, 0x00, 0x20, 0x00, 0x9F, 0x00, 0x00, 0x99, 0x00,
    0x00, 0x84, 0x20, 0x00, 0x84, 0x21, 0x00, 0x85, 0x41, 0x00, 0x00, 0x42, 0x00, 0x85, 0x62, 0x00,
    0x00, 0x82, 0x00, 0x82, 0x83, 0x00, 0x83, 0xA3, 0x08, 0x01, 0xA4, 0x08, 0xA4, 0x08, 0x85, 0xC4,
    0x08, 0x04, 0xC5, 0x08, 0xE5, 0x08, 0xE5, 0x08, 0x89, 0x11, 0x1D, 0x3D, 0x8A, 0x5F, 0x3D, 0x09,
    0x3F, 0x3D, 0x3F, 0x3D, 0x5F, 0x3D, 0xFE, 0x3C, 0x74, 0x23, 0x0C, 0x1A, 0xAA, 0x11, 0xCB, 0x11,
    0xEC, 0x11, 0x0C, 0x12, 0x93, 0xEB, 0x11, 0x05, 0xCB, 0x11, 0xAA, 0x11, 0x0C, 0x1A, 0x54, 0x23,
    0xDE, 0x34, 0x1F, 0x3D, 0x8A, 0xFF, 0x3C, 0x05, 0xDF, 0x34, 0xFF, 0x3C, 0x9D, 0x34, 0x69, 0x11,
    0xC4, 0x08, 0xC5, 0x08, 0x85, 0xA4, 0x08, 0x86, 0x83, 0x00, 0x00, 0x63, 0x00, 0x83, 0x62, 0x00,
    0x82, 0x42, 0x00, 0x83, 0x41, 0x00, 0x86, 0x21, 0x00, 0x00, 0x20, 0x00, 0xA0, 0x00, 0x00, 0x99,
    0x00, 0x00, 0x85, 0x20, 0x00, 0x83, 0x21, 0x00, 0x85, 0x41, 0x00, 0x01, 0x42, 0x00, 0x42, 0x00,
    0x85, 0x62, 0x00, 0x00, 0x82, 0x00, 0x83, 0x83, 0x00, 0x82, 0xA3, 0x08, 0x01, 0xA4, 0x08, 0xA4,
    0x08, 0x86, 0xC4, 0x08, 0x03, 0xE5, 0x08, 0xE5, 0x08, 0xEB, 0x11, 0x1E, 0x3D, 0x8B, 0x5F, 0x3D,
    0x82, 0x3F, 0x3D, 0x08, 0xDD, 0x3C, 0x95, 0x2B, 0x4E, 0x1A, 0xCA, 0x11, 0xAA, 0x11, 0xCB, 0x11,
    0xEB, 0x11, 0xEC, 0x11, 0xEC, 0x11, 0x8C, 0xEB, 0x11, 0x07, 0xCB, 0x11, 0xAA, 0x11, 0xAA, 0x11,
    0x4E, 0x1A, 0x75, 0x23, 0xBD, 0x34, 0x1F, 0x3D, 0x1F, 0x3D, 0x8A, 0xFF, 0x3C, 0x05, 0xDF, 0x34,
    0xFF, 0x3C, 0xBE, 0x34, 0xAA, 0x11, 0xC4, 0x08, 0xC5, 0x08, 0x85, 0xA4, 0x08, 0x86, 0x83, 0x00,
    0x01, 0x63, 0x00, 0x63, 0x00, 0x83, 0x62, 0x00, 0x82, 0x42, 0x00, 0x82, 0x41, 0x00, 0x87, 0x21,
    0x00, 0x00, 0x20, 0x00, 0xA0, 0x00, 0x00, 0x9A, 0x00, 0x00, 0x84, 0x20, 0x00, 0x83, 0x21, 0x00,
    0x85, 0x41, 0x00, 0x82, 0x42, 0x00, 0x84, 0x62, 0x00, 0x00, 0x82, 0x00, 0x83, 0x83, 0x00, 0x82,
    0xA3, 0x08, 0x82, 0xA4, 0x08, 0x85, 0xC4, 0x08, 0x06, 0xC5, 0x08, 0xE5, 0x08, 0xE5, 0x08, 0x0C,
    0x12, 0x1E, 0x3D, 0x5F, 0x3D, 0x3F, 0x3D, 0x86, 0x5F, 0x3D, 0x86, 0x3F, 0x3D, 0x07, 0x1F, 0x3D,
    0x19, 0x34, 0x12, 0x23, 0x4D, 0x1A, 0xCB, 0x11, 0xAA, 0x11, 0xAA, 0x11, 0xCA, 0x11, 0x82, 0xCB,
    0x11, 0x00, 0xEB, 0x11, 0x83, 0xCB, 0x11, 0x82, 0xAA, 0x11, 0x06, 0xCB, 0x11, 0x2D, 0x1A, 0xF2,
    0x22, 0x19, 0x2C, 0xFF, 0x3C, 0x1F, 0x3D, 0x1F, 0x3D, 0x8B, 0xFF, 0x3C, 0x06, 0xDF, 0x34, 0xFF,
    0x3C, 0xBE, 0x34, 0xCB, 0x11, 0xC4, 0x08, 0xC5, 0x08, 0xC4, 0x08, 0x84, 0xA4, 0x08, 0x86, 0x83,
    0x00, 0x82, 0x63, 0x00, 0x83, 0x62, 0x00, 0x82, 0x42, 0x00, 0x01, 0x41, 0x00, 0x41, 0x00, 0x88,
    0x21, 0x00, 0xA1, 0x00, 0x00, 0x9B, 0x00, 0x00, 0x84, 0x20, 0x00, 0x83, 0x21, 0x00, 0x01, 0x41,
    0x00, 0x21, 0x00, 0x83, 0x41, 0x00, 0x01, 0x42, 0x00, 0x42, 0x00, 0x84, 0x62, 0x00, 0x00, 0x82,
    0x00, 0x84, 0x83, 0x00, 0x82, 0xA3, 0x08, 0x83, 0xA4, 0x08, 0x84, 0xC4, 0x08, 0x06, 0xC5, 0x08,
    0xE5, 0x08, 0xE5, 0x08, 0xEB, 0x11, 0xFD, 0x3C, 0x5F, 0x3D, 0x3F, 0x3D, 0x83, 0x5F, 0x3D, 0x8B,
    0x3F, 0x3D, 0x11, 0x1E, 0x3D, 0x7B, 0x34, 0xB6, 0x2B, 0x13, 0x23, 0x8F, 0x1A, 0x4E, 0x1A, 0x0C,
    0x1A, 0xEC, 0x11, 0xEB, 0x11, 0xCB, 0x11, 0xEC, 0x11, 0x0C, 0x1A, 0x4E, 0x1A, 0x8F, 0x1A, 0x13,
    0x23, 0xB6, 0x2B, 0x5B, 0x34, 0xDF, 0x3C, 0x82, 0x1F, 0x3D, 0x8C, 0xFF, 0x3C, 0x06, 0xDF, 0x34,
    0xFF, 0x3C, 0x9D, 0x34, 0xAB, 0x11, 0xC5, 0x08, 0xC5, 0x08, 0xC4, 0x08, 0x84, 0xA4, 0x08, 0x00,
    0xA4, 0x00, 0x85, 0x83, 0x00, 0x82, 0x63, 0x00, 0x83, 0x62, 0x00, 0x83, 0x42, 0x00, 0x00, 0x41,
    0x00, 0x88, 0x21, 0x00, 0xA2, 0x00, 0x00, 0x9B, 0x00, 0x00, 0x84, 0x20, 0x00, 0x85, 0x21, 0x00,
    0x84, 0x41, 0x00, 0x01, 0x42, 0x00, 0x42, 0x00, 0x83, 0x62, 0x00, 0x00, 0x82, 0x00, 0x85, 0x83,
    0x00, 0x01, 0xA3, 0x08, 0xA3, 0x08, 0x84, 0xA4, 0x08, 0x84, 0xC4, 0x08, 0x08, 0xC5, 0x08, 0xE5,
    0x08, 0xE5, 0x08, 0x89, 0x11, 0x9B, 0x34, 0x5F, 0x3D, 0x3F, 0x3D, 0x3F, 0x3D, 0x5F, 0x3D, 0x8A,
    0x3F, 0x3D, 0x01, 0x1F, 0x3D, 0x1F, 0x3D, 0x82, 0x3F, 0x3D, 0x09, 0x1F, 0x3D, 0x1F, 0x3D, 0xFF,
    0x3C, 0xDE, 0x34, 0xBD, 0x34, 0x9D, 0x34, 0x9D, 0x34, 0xBD, 0x34, 0xDE, 0x34, 0xFF, 0x3C, 0x84,
    0x1F, 0x3D, 0x8D, 0xFF, 0x3C, 0x07, 0xDF, 0x3C, 0xDF, 0x34, 0xFF, 0x3C, 0x3B, 0x34, 0x69, 0x11,
    0xC4, 0x08, 0xC5, 0x08, 0xC4, 0x08, 0x84, 0xA4, 0x08, 0x00, 0xA4, 0x00, 0x86, 0x83, 0x00, 0x01,
    0x63, 0x00, 0x63, 0x00, 0x84, 0x62, 0x00, 0x82, 0x42, 0x00, 0x01, 0x41, 0x00, 0x41, 0x00, 0x88,
    0x21, 0x00, 0xA2, 0x00, 0x00, 0x9C, 0x00, 0x00, 0x84, 0x20, 0x00, 0x84, 0x21, 0x00, 0x84, 0x41,
    0x00, 0x01, 0x42, 0x00, 0x42, 0x00, 0x84, 0x62, 0x00, 0x00, 0x82, 0x00, 0x85, 0x83, 0x00, 0x82,
    0xA3, 0x08, 0x84, 0xA4, 0x08, 0x83, 0xC4, 0x08, 0x05, 0xC5, 0x08, 0xE5, 0x08, 0xC5, 0x08, 0x27,
    0x09, 0xF7, 0x2B, 0x5F, 0x3D, 0x8E, 0x3F, 0x3D, 0x8D, 0x1F, 0x3D, 0x90, 0xFF, 0x3C, 0x07, 0xDF,
    0x3C, 0xDF, 0x3C, 0xFF, 0x3C, 0xB7, 0x2B, 0x07, 0x09, 0xC4, 0x08, 0xC5, 0x08, 0xC4, 0x08, 0x84,
    0xA4, 0x08, 0x00, 0xA4, 0x00, 0x86, 0x83, 0x00, 0x01, 0x63, 0x00, 0x63, 0x00, 0x85, 0x62, 0x00,
    0x82, 0x42, 0x00, 0x01, 0x41, 0x00, 0x41, 0x00, 0x87, 0x21, 0x00, 0x00, 0x20, 0x00, 0xA2, 0x00,
    0x00, 0x9D, 0x00, 0x00, 0x84, 0x20, 0x00, 0x83, 0x21, 0x00, 0x84, 0x41, 0x00, 0x01, 0x42, 0x00,
    0x42, 0x00, 0x85, 0x62, 0x00, 0x86, 0x83, 0x00, 0x02, 0xA3, 0x00, 0xA3, 0x08, 0xA3, 0x08, 0x84,
    0xA4, 0x08, 0x83, 0xC4, 0x08, 0x04, 0xC5, 0x08, 0xE5, 0x08, 0xC5, 0x08, 0xC5, 0x08, 0x12, 0x23,
    0x8E, 0x3F, 0x3D, 0x90, 0x1F, 0x3D, 0x8B, 0xFF, 0x3C, 0x07, 0xDF, 0x3C, 0xDF, 0x34, 0xFF, 0x3C,
    0xDF, 0x34, 0xD2, 0x22, 0xC5, 0x08, 0xC4, 0x08, 0xC5, 0x08, 0x84, 0xA4, 0x08, 0x82, 0xA4, 0x00,
    0x86, 0x83, 0x00, 0x01, 0x63, 0x00, 0x63, 0x00, 0x84, 0x62, 0x00, 0x83, 0x42, 0x00, 0x01, 0x41,
    0x00, 0x41, 0x00, 0x86, 0x21, 0x00, 0x01, 0x20, 0x00, 0x20, 0x00, 0xA2, 0x00, 0x00, 0x9E, 0x00,
    0x00, 0x83, 0x20, 0x00, 0x84, 0x21, 0x00, 0x83, 0x41, 0x00, 0x01, 0x42, 0x00, 0x42, 0x00, 0x86,
    0x62, 0x00, 0x83, 0x83, 0x00, 0x05, 0xA3, 0x08, 0xA3, 0x08, 0xA4, 0x08, 0xA4, 0x08, 0xA3, 0x08,
    0xA3, 0x08, 0x84, 0xA4, 0x08, 0x84, 0xC4, 0x08, 0x04, 0xE5, 0x08, 0xE5, 0x08, 0xC5, 0x08, 0xEB,
    0x11, 0x5A, 0x34, 0x8A, 0x3F, 0x3D, 0x90, 0x1F, 0x3D, 0x8C, 0xFF, 0x3C, 0x07, 0xDF, 0x34, 0xFF,
    0x3C, 0xFF, 0x3C, 0x1A, 0x2C, 0xCB, 0x11, 0xC4, 0x08, 0xC5, 0x08, 0xC4, 0x08, 0x84, 0xA4, 0x08,
    0x82, 0xA4, 0x00, 0x88, 0x83, 0x00, 0x00, 0x63, 0x00, 0x83, 0x62, 0x00, 0x83, 0x42, 0x00, 0x82,
    0x41, 0x00, 0x86, 0x21, 0x00, 0x01, 0x20, 0x00, 0x20, 0x00, 0xA2, 0x00, 0x00, 0x9E, 0x00, 0x00,
    0x83, 0x20, 0x00, 0x85, 0x21, 0x00, 0x83, 0x41, 0x00, 0x00, 0x42, 0x00, 0x87, 0x62, 0x00, 0x85,
    0x83, 0x00, 0x03, 0xA3, 0x00, 0xA3, 0x00, 0xA4, 0x08, 0xA3, 0x08, 0x84, 0xA4, 0x08, 0x85, 0xC4,
    0x08, 0x07, 0xE5, 0x08, 0xC5, 0x08, 0x06, 0x09, 0x12, 0x23, 0xFE, 0x3C, 0x3F, 0x3D, 0x3F, 0x3D,
    0x1F, 0x3D, 0x84, 0x3F, 0x3D, 0x8F, 0x1F, 0x3D, 0x8C, 0xFF, 0x3C, 0x07, 0xDF, 0x34, 0xFF, 0x3C,
    0xFF, 0x3C, 0xBE, 0x34, 0xD2, 0x22, 0xE5, 0x08, 0xC4, 0x08, 0xC5, 0x08, 0x85, 0xA4, 0x08, 0x01,
    0xA4, 0x00, 0xA4, 0x00, 0x88, 0x83, 0x00, 0x82, 0x63, 0x00, 0x82, 0x62, 0x00, 0x83, 0x42, 0x00,
    0x83, 0x41, 0x00, 0x86, 0x21, 0x00, 0x01, 0x20, 0x00, 0x20, 0x00, 0xA2, 0x00, 0x00, 0x9F, 0x00,
    0x00, 0x82, 0x20, 0x00, 0x85, 0x21, 0x00, 0x84, 0x41, 0x00, 0x86, 0x62, 0x00, 0x0B, 0x83, 0x00,
    0x62, 0x00, 0x83, 0x00, 0xEB, 0x11, 0x53, 0x23, 0xD6, 0x2B, 0x53, 0x23, 0xEB, 0x11, 0x83, 0x00,
    0x83, 0x00, 0xA3, 0x00, 0xA3, 0x08, 0x84, 0xA4, 0x08, 0x85, 0xC4, 0x08, 0x07, 0xE5, 0x08, 0xC5,
    0x08, 0xC5, 0x08, 0x68, 0x11, 0x95, 0x2B, 0x1F, 0x3D, 0x3F, 0x3D, 0x3F, 0x3D, 0x92, 0x1F, 0x3D,
    0x8B, 0xFF, 0x3C, 0x08, 0xDF, 0x34, 0xFF, 0x3C, 0xFF, 0x3C, 0xDF, 0x34, 0x55, 0x23, 0x48, 0x11,
    0xC4, 0x08, 0xC4, 0x08, 0xC5, 0x08, 0x84, 0xA4, 0x08, 0x82, 0xA4, 0x00, 0x86, 0x83, 0x00, 0x04,
    0xAB, 0x11, 0xF3, 0x22, 0x56, 0x23, 0xF3, 0x22, 0xAB, 0x11, 0x82, 0x62, 0x00, 0x84, 0x42, 0x00,
    0x83, 0x41, 0x00, 0x86, 0x21, 0x00, 0x01, 0x20, 0x00, 0x20, 0x00, 0xA2, 0x00, 0x00, 0xA0, 0x00,
    0x00, 0x01, 0x20, 0x00, 0x20, 0x00, 0x85, 0x21, 0x00, 0x84, 0x41, 0x00, 0x00, 0x42, 0x00, 0x86,
    0x62, 0x00, 0x01, 0xC4, 0x08, 0xD6, 0x2B, 0x84, 0x5F, 0x3D, 0x01, 0xD7, 0x2B, 0xC5, 0x08, 0x82,
    0xA3, 0x00, 0x88, 0xA4, 0x08, 0x82, 0xC4, 0x08, 0x82, 0xC5, 0x08, 0x03, 0xAA, 0x11, 0x95, 0x2B,
    0xFE, 0x3C, 0x3F, 0x3D, 0x8F, 0x1F, 0x3D, 0x8A, 0xFF, 0x3C, 0x00, 0xDF, 0x34, 0x82, 0xFF, 0x3C,
    0x02, 0xBE, 0x34, 0x55, 0x23, 0x89, 0x11, 0x83, 0xC4, 0x08, 0x83, 0xA4, 0x08, 0x82, 0xA4, 0x00,
    0x86, 0x83, 0x00, 0x01, 0xA5, 0x08, 0x76, 0x23, 0x84, 0xBF, 0x34, 0x03, 0x56, 0x23, 0xA4, 0x00,
    0x62, 0x00, 0x62, 0x00, 0x83, 0x42, 0x00, 0x83, 0x41, 0x00, 0x86, 0x21, 0x00, 0x01, 0x20, 0x00,
    0x20, 0x00, 0xA2, 0x00, 0x00, 0xA0, 0x00, 0x00, 0x01, 0x20, 0x00, 0x20, 0x00, 0x85, 0x21, 0x00,
    0x84, 0x41, 0x00, 0x01, 0x42, 0x00, 0x42, 0x00, 0x84, 0x62, 0x00, 0x01, 0xA4, 0x08, 0x39, 0x34,
    0x82, 0x5F, 0x3D, 0x82, 0x3F, 0x3D, 0x02, 0x5F, 0x3D, 0xD7, 0x2B, 0x83, 0x00, 0x82, 0xA3, 0x00,
    0x00, 0xA3, 0x08, 0x88, 0xA4, 0x08, 0x08, 0xC4, 0x08, 0xC4, 0x08, 0xC5, 0x08, 0xC5, 0x08, 0xC4,
    0x08, 0xC4, 0x08, 0x68, 0x11, 0xF2, 0x22, 0x7B, 0x34, 0x84, 0x1F, 0x3D, 0x00, 0xFF, 0x3C, 0x87,
    0x1F, 0x3D, 0x87, 0xFF, 0x3C, 0x01, 0xDF, 0x34, 0xDF, 0x34, 0x83, 0xFF, 0x3C, 0x06, 0x3B, 0x34,
    0xD2, 0x22, 0x48, 0x09, 0xC4, 0x08, 0xC4, 0x08, 0xC5, 0x08, 0xC4, 0x08, 0x84, 0xA4, 0x08, 0x82,
    0xA4, 0x00, 0x87, 0x83, 0x00, 0x00, 0x77, 0x23, 0x82, 0xBF, 0x34, 0x82, 0x9F, 0x34, 0x04, 0xBF,
    0x34, 0xB9, 0x2B, 0xA4, 0x00, 0x42, 0x00, 0x62, 0x00, 0x82, 0x42, 0x00, 0x83, 0x41, 0x00, 0x86,
    0x21, 0x00, 0x01, 0x20, 0x00, 0x20, 0x00, 0xA2, 0x00, 0x00, 0xA0, 0x00, 0x00, 0x01, 0x20, 0x00,
    0x20, 0x00, 0x85, 0x21, 0x00, 0x84, 0x41, 0x00, 0x82, 0x42, 0x00, 0x82, 0x62, 0x00, 0x03, 0xA4,
    0x08, 0x39, 0x34, 0x5F, 0x3D, 0x3F, 0x3D, 0x84, 0x5F, 0x3D, 0x04, 0x3F, 0x3D, 0x5F, 0x3D, 0xEB,
    0x11, 0x83, 0x00, 0xA3, 0x08, 0x82, 0xA3, 0x00, 0x00, 0xA3, 0x08, 0x88, 0xA4, 0x08, 0x82, 0xC4,
    0x08, 0x06, 0xC5, 0x08, 0xC4, 0x08, 0xC4, 0x08, 0xE5, 0x08, 0xEC, 0x11, 0x54, 0x23, 0x7B, 0x34,
    0x85, 0x1F, 0x3D, 0x8F, 0xFF, 0x3C, 0x03, 0x3B, 0x34, 0x34, 0x23, 0xCC, 0x11, 0xE5, 0x08, 0x83,
    0xC4, 0x08, 0x84, 0xA4, 0x08, 0x82, 0xA4, 0x00, 0x88, 0x83, 0x00, 0x02, 0xAB, 0x11, 0xBF, 0x34,
    0x9F, 0x34, 0x84, 0xBF, 0x34, 0x03, 0x9F, 0x34, 0xBF, 0x34, 0xB8, 0x2B, 0x84, 0x00, 0x83, 0x42,
    0x00, 0x83, 0x41, 0x00, 0x86, 0x21, 0x00, 0x01, 0x20, 0x00, 0x20, 0x00, 0xA2, 0x00, 0x00, 0xA0,
    0x00, 0x00, 0x82, 0x20, 0x00, 0x84, 0x21, 0x00, 0x85, 0x41, 0x00, 0x05, 0x42, 0x00, 0x42, 0x00,
    0x62, 0x00, 0x62, 0x00, 0xA4, 0x08, 0x38, 0x34, 0x87, 0x5F, 0x3D, 0x06, 0x3F, 0x3D, 0x3F, 0x3D,
    0x54, 0x23, 0x83, 0x00, 0xA4, 0x08, 0x83, 0x00, 0x83, 0x00, 0x83, 0xA3, 0x00, 0x88, 0xA4, 0x08,
    0x82, 0xC4, 0x08, 0x00, 0xC5, 0x08, 0x82, 0xC4, 0x08, 0x07, 0xE5, 0x08, 0x89, 0x11, 0x8F, 0x1A,
    0x75, 0x23, 0x3A, 0x34, 0xBD, 0x34, 0xFF, 0x3C, 0x1F, 0x3D, 0x89, 0xFF, 0x3C, 0x05, 0x9D, 0x34,
    0x1A, 0x2C, 0x55, 0x23, 0x6F, 0x1A, 0x89, 0x11, 0xC5, 0x08, 0x82, 0xC4, 0x08, 0x01, 0xC5, 0x08,
    0xC4, 0x08, 0x83, 0xA4, 0x08, 0x83, 0xA4, 0x00, 0x89, 0x83, 0x00, 0x03, 0x63, 0x00, 0xF4, 0x22,
    0xBF, 0x34, 0x9F, 0x34, 0x85, 0xBF, 0x34, 0x03, 0x9F, 0x34, 0x9F, 0x34, 0x98, 0x2B, 0x83, 0x00,
    0x82, 0x42, 0x00, 0x82, 0x41, 0x00, 0x87, 0x21, 0x00, 0x01, 0x20, 0x00, 0x20, 0x00, 0xA2, 0x00,
    0x00, 0xA0, 0x00, 0x00, 0x83, 0x20, 0x00, 0x83, 0x21, 0x00, 0x85, 0x41, 0x00, 0x06, 0x42, 0x00,
    0x62, 0x00, 0x42, 0x00, 0xA3, 0x00, 0x38, 0x34, 0x5F, 0x3D, 0x3F, 0x3D, 0x86, 0x5F, 0x3D, 0x04,
    0x3F, 0x3D, 0x3F, 0x3D, 0xD6, 0x2B, 0x83, 0x00, 0xA3, 0x08, 0x83, 0x83, 0x00, 0x83, 0xA3, 0x00,
    0x88, 0xA4, 0x08, 0x82, 0xC4, 0x08, 0x01, 0xC5, 0x08, 0xC5, 0x08, 0x84, 0xC4, 0x08, 0x0D, 0x06,
    0x09, 0x69, 0x11, 0xEB, 0x11, 0x4E, 0x1A, 0x90, 0x1A, 0xD1, 0x1A, 0xD2, 0x22, 0xD2, 0x22, 0xB1,
    0x1A, 0x90, 0x1A, 0x4E, 0x1A, 0xCB, 0x11, 0x69, 0x11, 0x06, 0x09, 0x84, 0xC4, 0x08, 0x01, 0xC5,
    0x08, 0xC4, 0x08, 0x84, 0xA4, 0x08, 0x83, 0xA4, 0x00, 0x89, 0x83, 0x00, 0x05, 0x63, 0x00, 0x83,
    0x00, 0x63, 0x00, 0x56, 0x23, 0xBF, 0x34, 0x9F, 0x34, 0x85, 0xBF, 0x34, 0x82, 0x9F, 0x34, 0x03,
    0x98, 0x2B, 0x83, 0x00, 0x42, 0x00, 0x42, 0x00, 0x82, 0x41, 0x00, 0x87, 0x21, 0x00, 0x01, 0x20,
    0x00, 0x20, 0x00, 0xA2, 0x00, 0x00, 0xA0, 0x00, 0x00, 0x83, 0x20, 0x00, 0x83, 0x21, 0x00, 0x85,
    0x41, 0x00, 0x05, 0x42, 0x00, 0x42, 0x00, 0xA3, 0x00, 0x38, 0x34, 0x5F, 0x3D, 0x3F, 0x3D, 0x86,
    0x5F, 0x3D, 0x82, 0x3F, 0x3D, 0x02, 0x54, 0x23, 0x83, 0x00, 0xA3, 0x08, 0x86, 0x83, 0x00, 0x83,
    0xA3, 0x00, 0x87, 0xA4, 0x08, 0x84, 0xC4, 0x08, 0x01, 0xC5, 0x08, 0xC5, 0x08, 0x8F, 0xC4, 0x08,
    0x03, 0xC5, 0x08, 0xC5, 0x08, 0xC4, 0x08, 0xC4, 0x08, 0x83, 0xA4, 0x08, 0x84, 0xA4, 0x00, 0x89,
    0x83, 0x00, 0x82, 0x63, 0x00, 0x04, 0x83, 0x00, 0x63, 0x00, 0xF4, 0x22, 0xBF, 0x34, 0x9F, 0x34,
    0x83, 0xBF, 0x34, 0x85, 0x9F, 0x34, 0x05, 0x98, 0x2B, 0x83, 0x00, 0x41, 0x00, 0x42, 0x00, 0x41,
    0x00, 0x41, 0x00, 0x87, 0x21, 0x00, 0x01, 0x20, 0x00, 0x20, 0x00, 0xA2, 0x00, 0x00, 0xA0, 0x00,
    0x00, 0x83, 0x20, 0x00, 0x83, 0x21, 0x00, 0x84, 0x41, 0x00, 0x05, 0x42, 0x00, 0x41, 0x00, 0x83,
    0x00, 0x38, 0x34, 0x5F, 0x3D, 0x3F, 0x3D, 0x85, 0x5F, 0x3D, 0x84, 0x3F, 0x3D, 0x00, 0xCB, 0x11,
    0x8A, 0x83, 0x00, 0x84, 0xA3, 0x00, 0x8A, 0xA4, 0x08, 0x83, 0xC4, 0x08, 0x89, 0xC5, 0x08, 0x01,
    0xC4, 0x08, 0xC4, 0x08, 0x85, 0xA4, 0x08, 0x84, 0xA4, 0x00, 0x8A, 0x83, 0x00, 0x84, 0x63, 0x00,
    0x06, 0x83, 0x00, 0x62, 0x00, 0xAB, 0x11, 0xBF, 0x34, 0x9F, 0x34, 0xBF, 0x34, 0xBF, 0x34, 0x88,
    0x9F, 0x34, 0x03, 0x98, 0x2B, 0x83, 0x00, 0x41, 0x00, 0x41, 0x00, 0x88, 0x21, 0x00, 0x01, 0x20,
    0x00, 0x20, 0x00, 0xA2, 0x00, 0x00, 0xA0, 0x00, 0x00, 0x83, 0x20, 0x00, 0x83, 0x21, 0x00, 0x85,
    0x41, 0x00, 0x03, 0x83, 0x00, 0x38, 0x34, 0x5F, 0x3D, 0x3F, 0x3D, 0x84, 0x5F, 0x3D, 0x85, 0x3F,
    0x3D, 0x03, 0xD7, 0x2B, 0x83, 0x00, 0x83, 0x00, 0x63, 0x00, 0x8E, 0x83, 0x00, 0x03, 0xA3, 0x00,
    0xA3, 0x00, 0xA4, 0x00, 0xA4, 0x00, 0x96, 0xA4, 0x08, 0x86, 0xA4, 0x00, 0x8B, 0x83, 0x00, 0x85,
    0x63, 0x00, 0x05, 0x62, 0x00, 0x62, 0x00, 0x63, 0x00, 0x62, 0x00, 0x56, 0x23, 0xBF, 0x34, 0x89,
    0x9F, 0x34, 0x05, 0x7F, 0x34, 0x9F, 0x34, 0x98, 0x2B, 0x63, 0x00, 0x21, 0x00, 0x41, 0x00, 0x87,
    0x21, 0x00, 0x01, 0x20, 0x00, 0x20, 0x00, 0xA2, 0x00, 0x00, 0xA0, 0x00, 0x00, 0x83, 0x20, 0x00,
    0x83, 0x21, 0x00, 0x84, 0x41, 0x00, 0x03, 0x83, 0x00, 0x18, 0x34, 0x5F, 0x3D, 0x3F, 0x3D, 0x84,
    0x5F, 0x3D, 0x85, 0x3F, 0x3D, 0x06, 0x19, 0x2C, 0xA4, 0x08, 0x62, 0x00, 0x63, 0x00, 0x62, 0x00,
    0x63, 0x00, 0x63, 0x00, 0x8E, 0x83, 0x00, 0x01, 0xA3, 0x00, 0xA3, 0x00, 0x86, 0xA4, 0x00, 0x8D,
    0xA4, 0x08, 0x85, 0xA4, 0x00, 0x8D, 0x83, 0x00, 0x84, 0x63, 0x00, 0x85, 0x62, 0x00, 0x01, 0x84,
    0x00, 0x99, 0x2B, 0x8A, 0x9F, 0x34, 0x05, 0x7F, 0x34, 0x9F, 0x34, 0x98, 0x23, 0x63, 0x00, 0x21,
    0x00, 0x41, 0x00, 0x86, 0x21, 0x00, 0x01, 0x20, 0x00, 0x20, 0x00, 0xA2, 0x00, 0x00, 0xA0, 0x00,
    0x00, 0x83, 0x20, 0x00, 0x84, 0x21, 0x00, 0x82, 0x41, 0x00, 0x03, 0x83, 0x00, 0x18, 0x2C, 0x5F,
    0x3D, 0x3F, 0x3D, 0x83, 0x5F, 0x3D, 0x86, 0x3F, 0x3D, 0x01, 0x19, 0x2C, 0xA4, 0x08, 0x85, 0x62,
    0x00, 0x83, 0x63, 0x00, 0x8E, 0x83, 0x00, 0x87, 0xA4, 0x00, 0x89, 0xA4, 0x08, 0x84, 0xA4, 0x00,
    0x8D, 0x83, 0x00, 0x83, 0x63, 0x00, 0x89, 0x62, 0x00, 0x01, 0x84, 0x00, 0x99, 0x2B, 0x8A, 0x9F,
    0x34, 0x03, 0x7F, 0x34, 0x9F, 0x34, 0x78, 0x23, 0x63, 0x00, 0x87, 0x21, 0x00, 0x01, 0x20, 0x00,
    0x20, 0x00, 0xA2, 0x00, 0x00, 0xA0, 0x00, 0x00, 0x83, 0x20, 0x00, 0x84, 0x21, 0x00, 0x05, 0x41,
    0x00, 0x41, 0x00, 0x83, 0x00, 0x38, 0x34, 0x5F, 0x3D, 0x3F, 0x3D, 0x83, 0x5F, 0x3D, 0x86, 0x3F,
    0x3D, 0x01, 0x19, 0x2C, 0xA3, 0x08, 0x89, 0x62, 0x00, 0x83, 0x63, 0x00, 0x91, 0x83, 0x00, 0x8D,
    0xA4, 0x00, 0x8E, 0x83, 0x00, 0x82, 0x63, 0x00, 0x8A, 0x62, 0x00, 0x04, 0x42, 0x00, 0x62, 0x00,
    0x42, 0x00, 0x83, 0x00, 0x99, 0x2B, 0x89, 0x9F, 0x34, 0x82, 0x7F, 0x34, 0x01, 0x78, 0x23, 0x63,
    0x00, 0x86, 0x21, 0x00, 0x01, 0x20, 0x00, 0x20, 0x00, 0xA2, 0x00, 0x00, 0xA0, 0x00, 0x00, 0x83,
    0x20, 0x00, 0x84, 0x21, 0x00, 0x04, 0x41, 0x00, 0x62, 0x00, 0x18, 0x2C, 0x5F, 0x3D, 0x3F, 0x3D,
    0x82, 0x5F, 0x3D, 0x87, 0x3F, 0x3D, 0x01, 0x18, 0x2C, 0xA3, 0x00, 0x8C, 0x62, 0x00, 0x83, 0x63,
    0x00, 0x92, 0x83, 0x00, 0x86, 0xA4, 0x00, 0x00, 0xA3, 0x00, 0x8F, 0x83, 0x00, 0x82, 0x63, 0x00,
    0x88, 0x62, 0x00, 0x85, 0x42, 0x00, 0x05, 0x62, 0x00, 0x42, 0x00, 0x83, 0x00, 0x98, 0x2B, 0x9F,
    0x34, 0x7F, 0x34, 0x85, 0x9F, 0x34, 0x84, 0x7F, 0x34, 0x01, 0x78, 0x23, 0x42, 0x00, 0x85, 0x21,
    0x00, 0x01, 0x20, 0x00, 0x20, 0x00, 0xA2, 0x00, 0x00, 0xA0, 0x00, 0x00, 0x84, 0x20, 0x00, 0x82,
    0x21, 0x00, 0x06, 0x41, 0x00, 0x21, 0x00, 0xAF, 0x1A, 0x5F, 0x3D, 0x3F, 0x3D, 0x5F, 0x3D, 0x5F,
    0x3D, 0x88, 0x3F, 0x3D, 0x02, 0x18, 0x2C, 0x83, 0x00, 0x42, 0x00, 0x90, 0x62, 0x00, 0x82, 0x63,
    0x00, 0x91, 0x83, 0x00, 0x03, 0xA3, 0x00, 0xA4, 0x00, 0xA4, 0x00, 0xA3, 0x00, 0x8D, 0x83, 0x00,
    0x83, 0x63, 0x00, 0x88, 0x62, 0x00, 0x89, 0x42, 0x00, 0x05, 0x62, 0x00, 0x41, 0x00, 0x83, 0x00,
    0x98, 0x2B, 0x9F, 0x34, 0x7F, 0x34, 0x82, 0x9F, 0x34, 0x85, 0x7F, 0x34, 0x02, 0x5F, 0x34, 0x7F,
    0x34, 0x2F, 0x1A, 0x84, 0x21, 0x00, 0x82, 0x20, 0x00, 0xA2, 0x00, 0x00, 0xA0, 0x00, 0x00, 0x84,
    0x20, 0x00, 0x83, 0x21, 0x00, 0x04, 0x41, 0x00, 0x7B, 0x34, 0x3F, 0x3D, 0x3F, 0x3D, 0x5F, 0x3D,
    0x88, 0x3F, 0x3D, 0x01, 0x18, 0x2C, 0x83, 0x00, 0x88, 0x42, 0x00, 0x8C, 0x62, 0x00, 0x01, 0x63,
    0x00, 0x63, 0x00, 0x8D, 0x83, 0x00, 0x01, 0xA3, 0x00, 0xA3, 0x08, 0x83, 0x83, 0x00, 0x00, 0xA3,
    0x08, 0x89, 0x83, 0x00, 0x84, 0x63, 0x00, 0x87, 0x62, 0x00, 0x8C, 0x42, 0x00, 0x05, 0x41, 0x00,
    0x42, 0x00, 0x41, 0x00, 0x83, 0x00, 0x98, 0x2B, 0x9F, 0x34, 0x8A, 0x7F, 0x34, 0x01, 0xDB, 0x2B,
    0x41, 0x00, 0x83, 0x21, 0x00, 0x01, 0x20, 0x00, 0x20, 0x00, 0xA3, 0x00, 0x00, 0xA1, 0x00, 0x00,
    0x83, 0x20, 0x00, 0x83, 0x21, 0x00, 0x02, 0xA4, 0x08, 0x1E, 0x3D, 0x5F, 0x3D, 0x87, 0x3F, 0x3D,
    0x04, 0x1F, 0x3D, 0x3F, 0x3D, 0x18, 0x2C, 0x83, 0x00, 0x41, 0x00, 0x8A, 0x42, 0x00, 0x8D, 0x62,
    0x00, 0x82, 0x63, 0x00, 0x8B, 0x83, 0x00, 0x03, 0xA4, 0x08, 0x27, 0x09, 0x27, 0x09, 0xA4, 0x08,
    0x86, 0x83, 0x00, 0x87, 0x63, 0x00, 0x86, 0x62, 0x00, 0x8C, 0x42, 0x00, 0x83, 0x41, 0x00, 0x03,
    0x42, 0x00, 0x41, 0x00, 0x83, 0x00, 0x98, 0x2B, 0x8A, 0x7F, 0x34, 0x01, 0x5E, 0x34, 0x84, 0x00,
    0x83, 0x21, 0x00, 0x01, 0x20, 0x00, 0x20, 0x00, 0xA3, 0x00, 0x00, 0xA1, 0x00, 0x00, 0x83, 0x20,
    0x00, 0x83, 0x21, 0x00, 0x01, 0x83, 0x00, 0xFE, 0x3C, 0x87, 0x3F, 0x3D, 0x05, 0x1F, 0x3D, 0x3F,
    0x3D, 0x18, 0x2C, 0x83, 0x00, 0x41, 0x00, 0x42, 0x00, 0x86, 0x41, 0x00, 0x86, 0x42, 0x00, 0x8C,
    0x62, 0x00, 0x84, 0x63, 0x00, 0x86, 0x83, 0x00, 0x05, 0x90, 0x1A, 0x3B, 0x34, 0xDF, 0x34, 0xDF,
    0x34, 0x3B, 0x34, 0x90, 0x1A, 0x82, 0x83, 0x00, 0x86, 0x63, 0x00, 0x87, 0x62, 0x00, 0x8C, 0x42,
    0x00, 0x87, 0x41, 0x00, 0x03, 0x42, 0x00, 0x21, 0x00, 0x63, 0x00, 0x78, 0x23, 0x89, 0x7F, 0x34,
    0x01, 0x3E, 0x2C, 0x83, 0x00, 0x83, 0x21, 0x00, 0x01, 0x20, 0x00, 0x20, 0x00, 0xA3, 0x00, 0x00,
    0xA1, 0x00, 0x00, 0x84, 0x20, 0x00, 0x83, 0x21, 0x00, 0x00, 0x39, 0x2C, 0x86, 0x3F, 0x3D, 0x03,
    0x1F, 0x3D, 0x3F, 0x3D, 0x18, 0x2C, 0x83, 0x00, 0x8B, 0x41, 0x00, 0x87, 0x42, 0x00, 0x8B, 0x62,
    0x00, 0x85, 0x63, 0x00, 0x82, 0x83, 0x00, 0x00, 0x77, 0x2B, 0x85, 0xDF, 0x34, 0x00, 0x77, 0x23,
    0x82, 0x83, 0x00, 0x83, 0x63, 0x00, 0x86, 0x62, 0x00, 0x88, 0x42, 0x00, 0x8D, 0x41, 0x00, 0x05,
    0x21, 0x00, 0x21, 0x00, 0x41, 0x00, 0x21, 0x00, 0x63, 0x00, 0x78, 0x23, 0x86, 0x7F, 0x34, 0x02,
    0x5F, 0x34, 0x5F, 0x34, 0x79, 0x23, 0x83, 0x21, 0x00, 0x82, 0x20, 0x00, 0xA3, 0x00, 0x00, 0xA1,
    0x00, 0x00, 0x84, 0x20, 0x00, 0x83, 0x21, 0x00, 0x00, 0xEB, 0x11, 0x85, 0x3F, 0x3D, 0x03, 0x1F,
    0x3D, 0x3F, 0x3D, 0x18, 0x2C, 0x83, 0x00, 0x8F, 0x41, 0x00, 0x88, 0x42, 0x00, 0x8B, 0x62, 0x00,
    0x06, 0x63, 0x00, 0x63, 0x00, 0x83, 0x00, 0x63, 0x00, 0x91, 0x1A, 0xDF, 0x34, 0xBF, 0x34, 0x83,
    0xDF, 0x34, 0x06, 0xBF, 0x34, 0xDF, 0x34, 0x91, 0x1A, 0x63, 0x00, 0x83, 0x00, 0x63, 0x00, 0x63,
    0x00, 0x87, 0x62, 0x00, 0x87, 0x42, 0x00, 0x8E, 0x41, 0x00, 0x83, 0x21, 0x00, 0x07, 0x41, 0x00,
    0x21, 0x00, 0x63, 0x00, 0x78, 0x23, 0x7F, 0x34, 0x5F, 0x34, 0x7F, 0x34, 0x7F, 0x34, 0x82, 0x5F,
    0x34, 0x01, 0x7F, 0x34, 0x8B, 0x11, 0x83, 0x21, 0x00, 0x01, 0x20, 0x00, 0x20, 0x00, 0xA4, 0x00,
    0x00, 0xA2, 0x00, 0x00, 0x84, 0x20, 0x00, 0x83, 0x21, 0x00, 0x00, 0xF2, 0x22, 0x85, 0x3F, 0x3D,
    0x02, 0xD8, 0x2B, 0x83, 0x00, 0x21, 0x00, 0x93, 0x41, 0x00, 0x88, 0x42, 0x00, 0x88, 0x62, 0x00,
    0x03, 0x63, 0x00, 0x63, 0x00, 0xA4, 0x00, 0x5C, 0x34, 0x85, 0xDF, 0x34, 0x05, 0xBF, 0x34, 0xBF,
    0x34, 0x5C, 0x34, 0xA4, 0x00, 0x63, 0x00, 0x63, 0x00, 0x86, 0x62, 0x00, 0x86, 0x42, 0x00, 0x8D,
    0x41, 0x00, 0x8A, 0x21, 0x00, 0x01, 0x63, 0x00, 0x58, 0x23, 0x85, 0x7F, 0x34, 0x00, 0x72, 0x1A,
    0x83, 0x21, 0x00, 0x82, 0x20, 0x00, 0xA4, 0x00, 0x00, 0xA2, 0x00, 0x00, 0x84, 0x20, 0x00, 0x84,
    0x21, 0x00, 0x08, 0xEB, 0x11, 0x18, 0x2C, 0xFE, 0x3C, 0xFE, 0x3C, 0x5A, 0x34, 0x8F, 0x1A, 0x42,
    0x00, 0x21, 0x00, 0x41, 0x00, 0x82, 0x21, 0x00, 0x92, 0x41, 0x00, 0x88, 0x42, 0x00, 0x86, 0x62,
    0x00, 0x02, 0x63, 0x00, 0x62, 0x00, 0x28, 0x09, 0x87, 0xDF, 0x34, 0x04, 0xBF, 0x34, 0xBF, 0x34,
    0x28, 0x09, 0x62, 0x00, 0x63, 0x00, 0x85, 0x62, 0x00, 0x85, 0x42, 0x00, 0x88, 0x41, 0x00, 0x92,
    0x21, 0x00, 0x06, 0x42, 0x00, 0x2F, 0x1A, 0xBA, 0x2B, 0x3E, 0x2C, 0x3E, 0x2C, 0x58, 0x23, 0xAB,
    0x11, 0x84, 0x21, 0x00, 0x01, 0x20, 0x00, 0x20, 0x00, 0xA5, 0x00, 0x00, 0xA2, 0x00, 0x00, 0x85,
    0x20, 0x00, 0x85, 0x21, 0x00, 0x02, 0xA3, 0x00, 0xA4, 0x08, 0x41, 0x00, 0x8F, 0x21, 0x00, 0x8D,
    0x41, 0x00, 0x85, 0x42, 0x00, 0x85, 0x62, 0x00, 0x02, 0x63, 0x00, 0x62, 0x00, 0x48, 0x09, 0x86,
    0xDF, 0x34, 0x82, 0xBF, 0x34, 0x02, 0x48, 0x09, 0x62, 0x00, 0x63, 0x00, 0x83, 0x62, 0x00, 0x86,
    0x42, 0x00, 0x85, 0x41, 0x00, 0x99, 0x21, 0x00, 0x01, 0x84, 0x00, 0x83, 0x00, 0x85, 0x21, 0x00,
    0x82, 0x20, 0x00, 0xA5, 0x00, 0x00, 0xA3, 0x00, 0x00, 0x85, 0x20, 0x00, 0x87, 0x21, 0x00, 0x00,
    0x41, 0x00, 0x95, 0x21, 0x00, 0x89, 0x41, 0x00, 0x83, 0x42, 0x00, 0x84, 0x62, 0x00, 0x04, 0x63,
    0x00, 0x62, 0x00, 0x48, 0x09, 0xDF, 0x34, 0xBF, 0x34, 0x82, 0xDF, 0x34, 0x84, 0xBF, 0x34, 0x02,
    0x48, 0x09, 0x62, 0x00, 0x62, 0x00, 0x88, 0x42, 0x00, 0x85, 0x41, 0x00, 0xA2, 0x21, 0x00, 0x82,
    0x20, 0x00, 0xA6, 0x00, 0x00, 0xA4, 0x00, 0x00, 0x85, 0x20, 0x00, 0xA0, 0x21, 0x00, 0x87, 0x41,
    0x00, 0x87, 0x42, 0x00, 0x06, 0x62, 0x00, 0x42, 0x00, 0x48, 0x09, 0xDF, 0x34, 0xBF, 0x34, 0xDF,
    0x34, 0xDF, 0x34, 0x85, 0xBF, 0x34, 0x02, 0x48, 0x09, 0x42, 0x00, 0x62, 0x00, 0x87, 0x42, 0x00,
    0x84, 0x41, 0x00, 0xA3, 0x21, 0x00, 0x82, 0x20, 0x00, 0xA7, 0x00, 0x00, 0xA4, 0x00, 0x00, 0x87,
    0x20, 0x00, 0xA0, 0x21, 0x00, 0x86, 0x41, 0x00, 0x86, 0x42, 0x00, 0x03, 0x62, 0x00, 0x42, 0x00,
    0x28, 0x09, 0xDF, 0x34, 0x88, 0xBF, 0x34, 0x02, 0x28, 0x09, 0x42, 0x00, 0x62, 0x00, 0x84, 0x42,
    0x00, 0x86, 0x41, 0x00, 0xA2, 0x21, 0x00, 0x83, 0x20, 0x00, 0xA8, 0x00, 0x00, 0xA5, 0x00, 0x00,
    0x88, 0x20, 0x00, 0x9F, 0x21, 0x00, 0x86, 0x41, 0x00, 0x85, 0x42, 0x00, 0x02, 0x62, 0x00, 0x42,
    0x00, 0x28, 0x09, 0x89, 0xBF, 0x34, 0x02, 0x28, 0x09, 0x42, 0x00, 0x62, 0x00, 0x83, 0x42, 0x00,
    0x85, 0x41, 0x00, 0xA2, 0x21, 0x00, 0x84, 0x20, 0x00, 0xA9, 0x00, 0x00, 0xA6, 0x00, 0x00, 0x8B,
    0x20, 0x00, 0x9C, 0x21, 0x00, 0x89, 0x41, 0x00, 0x04, 0x42, 0x00, 0x42, 0x00, 0x62, 0x00, 0x42,
    0x00, 0x28, 0x09, 0x89, 0xBF, 0x34, 0x04, 0x28, 0x09, 0x42, 0x00, 0x62, 0x00, 0x42, 0x00, 0x42,
    0x00, 0x86, 0x41, 0x00, 0x9F, 0x21, 0x00, 0x86, 0x20, 0x00, 0xAB, 0x00, 0x00, 0xA8, 0x00, 0x00,
    0x9D, 0x20, 0x00, 0x8A, 0x21, 0x00, 0x88, 0x41, 0x00, 0x03, 0x42, 0x00, 0x62, 0x00, 0x42, 0x00,
    0x28, 0x09, 0x89, 0xBF, 0x34, 0x03, 0x28, 0x09, 0x42, 0x00, 0x62, 0x00, 0x42, 0x00, 0x86, 0x41,
    0x00, 0x8C, 0x21, 0x00, 0x98, 0x20, 0x00, 0xAD, 0x00, 0x00, 0xA9, 0x00, 0x00, 0x9F, 0x20, 0x00,
    0x88, 0x21, 0x00, 0x88, 0x41, 0x00, 0x02, 0x42, 0x00, 0x42, 0x00, 0x28, 0x09, 0x87, 0xBF, 0x34,
    0x04, 0x9F, 0x34, 0xBF, 0x34, 0x28, 0x09, 0x42, 0x00, 0x42, 0x00, 0x84, 0x41, 0x00, 0x8C, 0x21,
    0x00, 0x98, 0x20, 0x00, 0xB0, 0x00, 0x00, 0xAC, 0x00, 0x00, 0x9D, 0x20, 0x00, 0x8B, 0x21, 0x00,
    0x84, 0x41, 0x00, 0x02, 0x42, 0x00, 0x41, 0x00, 0x27, 0x09, 0x87, 0xBF, 0x34, 0x05, 0x9F, 0x34,
    0xBF, 0x34, 0x27, 0x09, 0x41, 0x00, 0x42, 0x00, 0x41, 0x00, 0x8F, 0x21, 0x00, 0x84, 0x20, 0x00,
    0xC5, 0x00, 0x00, 0xAF, 0x00, 0x00, 0x9C, 0x20, 0x00, 0x8C, 0x21, 0x00, 0x04, 0x41, 0x00, 0x41,
    0x00, 0x42, 0x00, 0x41, 0x00, 0x27, 0x09, 0x87, 0xBF, 0x34, 0x04, 0x9F, 0x34, 0x9F, 0x34, 0x27,
    0x09, 0x41, 0x00, 0x42, 0x00, 0x8E, 0x21, 0x00, 0x83, 0x20, 0x00, 0xC8, 0x00, 0x00, 0xC4, 0x00,
    0x00, 0x88, 0x20, 0x00, 0x8C, 0x21, 0x00, 0x03, 0x41, 0x00, 0x42, 0x00, 0x41, 0x00, 0x27, 0x09,
    0x86, 0xBF, 0x34, 0x82, 0x9F, 0x34, 0x02, 0x07, 0x09, 0x21, 0x00, 0x42, 0x00, 0x8D, 0x21, 0x00,
    0x82, 0x20, 0x00, 0xCA, 0x00, 0x00, 0xC7, 0x00, 0x00, 0x86, 0x20, 0x00, 0x8C, 0x21, 0x00, 0x04,
    0x41, 0x00, 0x41, 0x00, 0x27, 0x09, 0xBF, 0x34, 0x9F, 0x34, 0x82, 0xBF, 0x34, 0x84, 0x9F, 0x34,
    0x02, 0x07, 0x09, 0x21, 0x00, 0x41, 0x00, 0x8C, 0x21, 0x00, 0x82, 0x20, 0x00, 0xCB, 0x00, 0x00,
    0xC9, 0x00, 0x00, 0x85, 0x20, 0x00, 0x8B, 0x21, 0x00, 0x06, 0x41, 0x00, 0x21, 0x00, 0x27, 0x09,
    0xBF, 0x34, 0x9F, 0x34, 0xBF, 0x34, 0xBF, 0x34, 0x85, 0x9F, 0x34, 0x02, 0x07, 0x09, 0x21, 0x00,
    0x41, 0x00, 0x8B, 0x21, 0x00, 0x01, 0x20, 0x00, 0x20, 0x00, 0xCD, 0x00, 0x00, 0xCA, 0x00, 0x00,
    0x86, 0x20, 0x00, 0x89, 0x21, 0x00, 0x03, 0x41, 0x00, 0x21, 0x00, 0x07, 0x09, 0xBF, 0x34, 0x88,
    0x9F, 0x34, 0x02, 0x07, 0x09, 0x21, 0x00, 0x41, 0x00, 0x89, 0x21, 0x00, 0x82, 0x20, 0x00, 0xCE,
    0x00, 0x00, 0xCC, 0x00, 0x00, 0x84, 0x20, 0x00, 0x89, 0x21, 0x00, 0x03, 0x41, 0x00, 0x21, 0x00,
    0x07, 0x09, 0xBF, 0x34, 0x88, 0x9F, 0x34, 0x02, 0x07, 0x09, 0x21, 0x00, 0x41, 0x00, 0x89, 0x21,
    0x00, 0x01, 0x20, 0x00, 0x20, 0x00, 0xCF, 0x00, 0x00, 0xCD, 0x00, 0x00, 0x84, 0x20, 0x00, 0x88,
    0x21, 0x00, 0x02, 0x41, 0x00, 0x21, 0x00, 0x07, 0x09, 0x89, 0x9F, 0x34, 0x02, 0x07, 0x09, 0x21,
    0x00, 0x41, 0x00, 0x88, 0x21, 0x00, 0x01, 0x20, 0x00, 0x20, 0x00, 0xD0, 0x00, 0x00, 0xCE, 0x00,
    0x00, 0x84, 0x20, 0x00, 0x89, 0x21, 0x00, 0x00, 0xC5, 0x08, 0x88, 0x9F, 0x34, 0x01, 0x7F, 0x34,
    0xC5, 0x08, 0x89, 0x21, 0x00, 0x01, 0x20, 0x00, 0x20, 0x00, 0xD1, 0x00, 0x00, 0xCF, 0x00, 0x00,
    0x85, 0x20, 0x00, 0x87, 0x21, 0x00, 0x01, 0x41, 0x00, 0xDA, 0x2B, 0x85, 0x9F, 0x34, 0x03, 0x7F,
    0x34, 0x7F, 0x34, 0xBA, 0x2B, 0x41, 0x00, 0x87, 0x21, 0x00, 0x82, 0x20, 0x00, 0xD2, 0x00, 0x00,
    0xD0, 0x00, 0x00, 0x84, 0x20, 0x00, 0x86, 0x21, 0x00, 0x04, 0x41, 0x00, 0x21, 0x00, 0x8A, 0x11,
    0x9F, 0x34, 0x9F, 0x34, 0x84, 0x7F, 0x34, 0x03, 0x9F, 0x34, 0x8A, 0x11, 0x21, 0x00, 0x41, 0x00,
    0x86, 0x21, 0x00, 0x01, 0x20, 0x00, 0x20, 0x00, 0xD3, 0x00, 0x00, 0xD1, 0x00, 0x00, 0x02, 0x20,
    0x00, 0x00, 0x00, 0x00, 0x00, 0x82, 0x20, 0x00, 0x87, 0x21, 0x00, 0x01, 0x0E, 0x1A, 0x7F, 0x34,
    0x83, 0x9F, 0x34, 0x01, 0x7F, 0x34, 0x0E, 0x1A, 0x87, 0x21, 0x00, 0x82, 0x20, 0x00, 0xD4, 0x00,
    0x00, 0xD5, 0x00, 0x00, 0x82, 0x20, 0x00, 0x87, 0x21, 0x00, 0x05, 0x07, 0x09, 0xB2, 0x1A, 0x98,
    0x2B, 0x98, 0x2B, 0xB2, 0x1A, 0x07, 0x09, 0x87, 0x21, 0x00, 0x82, 0x20, 0x00, 0xD5, 0x00, 0x00,
    0xD6, 0x00, 0x00, 0x82, 0x20, 0x00, 0x93, 0x21, 0x00, 0x82, 0x20, 0x00, 0xD6, 0x00, 0x00, 0xD7,
    0x00, 0x00, 0x83, 0x20, 0x00, 0x8F, 0x21, 0x00, 0x83, 0x20, 0x00, 0xD7, 0x00, 0x00, 0xD8, 0x00,
    0x00, 0x84, 0x20, 0x00, 0x8B, 0x21, 0x00, 0x84, 0x20, 0x00, 0xD8, 0x00, 0x00, 0xDA, 0x00, 0x00,
    0x91, 0x20, 0x00, 0xDA, 0x00, 0x00, 0xDC, 0x00, 0x00, 0x8D, 0x20, 0x00, 0xDC, 0x00, 0x00, 0xE1,
    0x00, 0x00, 0x83, 0x20, 0x00, 0xE1, 0x00, 0x00, 0xFF, 0x00, 0x00, 0xC7, 0x00, 0x00, 0xFF, 0x00,
    0x00, 0xC7, 0x00, 0x00, 0xFF, 0x00, 0x00, 0xC7, 0x00, 0x00, 0xFF, 0x00, 0x00, 0xC7, 0x00, 0x00,
    0xFF, 0x00, 0x00, 0xC7, 0x00, 0x00, 0xFF, 0x00, 0x00, 0xC7, 0x00, 0x00, 0xFF, 0x00, 0x00, 0xC7,
    0x00, 0x00, 0xFF, 0x00, 0x00, 0xC7, 0x00, 0x00, 0xFF, 0x00, 0x00, 0xC7, 0x00, 0x00, 0xFF, 0x00,
    0x00, 0xC7, 0x00, 0x00, 0xFF, 0x00, 0x00, 0xC7, 0x00, 0x00, 0xFF, 0x00, 0x00, 0xC7, 0x00, 0x00,
    0xFF, 0x00, 0x00, 0xC7, 0x00, 0x00, 0xFF, 0x00, 0x00, 0xC7, 0x00, 0x00, 0xFF, 0x00, 0x00, 0xC7,
    0x00, 0x00, 0xFF, 0x00, 0x00, 0xC7, 0x00, 0x00,
};

static const uint8_t kSoundData[] WATCH_SETTINGS_ICON_FLASH = {
    0xFF, 0x00, 0x00, 0xC7, 0x00, 0x00, 0xFF, 0x00, 0x00, 0xC7, 0x00, 0x00, 0xFF, 0x00, 0x00, 0xC7,
    0x00, 0x00, 0xFF, 0x00, 0x00, 0xC7, 0x00, 0x00, 0xFF, 0x00, 0x00, 0xC7, 0x00, 0x00, 0xFF, 0x00,
    0x00, 0xC7, 0x00, 0x00, 0xFF, 0x00, 0x00, 0xC7, 0x00, 0x00, 0xFF, 0x00, 0x00, 0xC7, 0x00, 0x00,
    0xFF, 0x00, 0x00, 0xC7, 0x00, 0x00, 0xFF, 0x00, 0x00, 0xC7, 0x00, 0x00, 0xFF, 0x00, 0x00, 0xC7,
    0x00, 0x00, 0xFF, 0x00, 0x00, 0xC7, 0x00, 0x00, 0xFF, 0x00, 0x00, 0xC7, 0x00, 0x00, 0xFF, 0x00,
    0x00, 0xC7, 0x00, 0x00, 0xFF, 0x00, 0x00, 0xC7, 0x00, 0x00, 0xFF, 0x00, 0x00, 0xC7, 0x00, 0x00,
    0xFF, 0x00, 0x00, 0xC7, 0x00, 0x00, 0xFF, 0x00, 0x00, 0xC7, 0x00, 0x00, 0xFF, 0x00, 0x00, 0xC7,
    0x00, 0x00, 0xFF, 0x00, 0x00, 0xC7, 0x00, 0x00, 0xFF, 0x00, 0x00, 0xC7, 0x00, 0x00, 0xE5, 0x00,
    0x00, 0x84, 0x21, 0x08, 0xDC, 0x00, 0x00, 0xE2, 0x00, 0x00, 0x8D, 0x21, 0x08, 0x83, 0x01, 0x08,
    0xD2, 0x00, 0x00, 0xDF, 0x00, 0x00, 0x94, 0x21, 0x08, 0x82, 0x01, 0x08, 0xCF, 0x00, 0x00, 0xDA,
    0x00, 0x00, 0x82, 0x01, 0x00, 0x9A, 0x21, 0x08, 0x01, 0x01, 0x08, 0x01, 0x08, 0xCC, 0x00, 0x00,
    0xD8, 0x00, 0x00, 0x82, 0x01, 0x00, 0x9F, 0x21, 0x08, 0x00, 0x01, 0x08, 0xCA, 0x00, 0x00, 0xD7,
    0x00, 0x00, 0x01, 0x01, 0x00, 0x01, 0x00, 0xA3, 0x21, 0x08, 0xC9, 0x00, 0x00, 0xD3, 0x00, 0x00,
    0x01, 0x01, 0x00, 0x01, 0x00, 0x82, 0x01, 0x08, 0xA7, 0x21, 0x08, 0xC6, 0x00, 0x00, 0xCE, 0x00,
    0x00, 0x85, 0x01, 0x00, 0x01, 0x01, 0x08, 0x01, 0x08, 0x8F, 0x21, 0x08, 0x8A, 0x22, 0x08, 0x8E,
    0x21, 0x08, 0x01, 0x01, 0x08, 0x01, 0x08, 0xC4, 0x00, 0x00, 0xCD, 0x00, 0x00, 0x84, 0x01, 0x00,
    0x01, 0x01, 0x08, 0x01, 0x08, 0x8C, 0x21, 0x08, 0x85, 0x22, 0x08, 0x83, 0x22, 0x10, 0x89, 0x22,
    0x08, 0x8B, 0x21, 0x08, 0x01, 0x01, 0x08, 0x01, 0x08, 0xC3, 0x00, 0x00, 0xCC, 0x00, 0x00, 0x82,
    0x01, 0x00, 0x8E, 0x21, 0x08, 0x84, 0x22, 0x08, 0x91, 0x22, 0x10, 0x82, 0x22, 0x08, 0x89, 0x21,
    0x08, 0x00, 0x01, 0x08, 0xC3, 0x00, 0x00, 0xCA, 0x00, 0x00, 0x82, 0x01, 0x00, 0x8C, 0x21, 0x08,
    0x84, 0x22, 0x08, 0x87, 0x22, 0x10, 0x89, 0x42, 0x10, 0x82, 0x22, 0x10, 0x01, 0x22, 0x08, 0x22,
    0x10, 0x82, 0x22, 0x08, 0x88, 0x21, 0x08, 0x01, 0x01, 0x08, 0x01, 0x08, 0xC2, 0x00, 0x00, 0xC8,
    0x00, 0x00, 0x83, 0x01, 0x00, 0x8C, 0x21, 0x08, 0x83, 0x22, 0x08, 0x86, 0x22, 0x10, 0x8B, 0x42,
    0x10, 0x06, 0x64, 0x20, 0x2B, 0x51, 0x8E, 0x69, 0x4B, 0x59, 0x85, 0x20, 0x22, 0x10, 0x22, 0x10,
    0x83, 0x22, 0x08, 0x87, 0x21, 0x08, 0x01, 0x01, 0x08, 0x01, 0x08, 0xC1, 0x00, 0x00, 0xC5, 0x00,
    0x00, 0x85, 0x01, 0x00, 0x8A, 0x21, 0x08, 0x84, 0x22, 0x08, 0x85, 0x22, 0x10, 0x8A, 0x42, 0x10,
    0x04, 0x43, 0x10, 0x42, 0x10, 0x42, 0x10, 0x8E, 0x69, 0xFA, 0xCA, 0x82, 0x3D, 0xDB, 0x07, 0xFB,
    0xCA, 0xB0, 0x71, 0x22, 0x10, 0x42, 0x10, 0x22, 0x10, 0x22, 0x10, 0x22, 0x08, 0x22, 0x08, 0x87,
    0x21, 0x08, 0x01, 0x01, 0x08, 0x01, 0x08, 0xC0, 0x00, 0x00, 0xC3, 0x00, 0x00, 0x84, 0x01, 0x00,
    0x00, 0x01, 0x08, 0x8A, 0x21, 0x08, 0x84, 0x22, 0x08, 0x00, 0x22, 0x10, 0x8B, 0x42, 0x10, 0x84,
    0x43, 0x10, 0x05, 0x43, 0x18, 0x43, 0x10, 0x64, 0x18, 0x34, 0x92, 0x3D, 0xDB, 0x3D, 0xDB, 0x82,
    0x3D, 0xD3, 0x04, 0x3D, 0xDB, 0x3D, 0xDB, 0xF2, 0x81, 0x42, 0x10, 0x42, 0x10, 0x83, 0x22, 0x08,
    0x86, 0x21, 0x08, 0x02, 0x01, 0x08, 0x01, 0x08, 0x01, 0x00, 0xBF, 0x00, 0x00, 0xC1, 0x00, 0x00,
    0x84, 0x01, 0x00, 0x01, 0x01, 0x08, 0x01, 0x08, 0x8A, 0x21, 0x08, 0x82, 0x22, 0x08, 0x01, 0x22,
    0x10, 0x22, 0x10, 0x8A, 0x42, 0x10, 0x85, 0x43, 0x10, 0x06, 0x43, 0x18, 0x43, 0x18, 0x43, 0x10,
    0xE8, 0x38, 0xB8, 0xBA, 0x3D, 0xDB, 0x3D, 0xD3, 0x83, 0x3D, 0xDB, 0x06, 0x3D, 0xD3, 0x1D, 0xD3,
    0x1D, 0xD3, 0xE8, 0x40, 0x42, 0x10, 0x42, 0x10, 0x22, 0x10, 0x82, 0x22, 0x08, 0x86, 0x21, 0x08,
    0x03, 0x01, 0x08, 0x01, 0x08, 0x01, 0x00, 0x01, 0x00, 0xBD, 0x00, 0x00, 0xBF, 0x00, 0x00, 0x83,
    0x01, 0x00, 0x82, 0x01, 0x08, 0x8B, 0x21, 0x08, 0x82, 0x22, 0x08, 0x01, 0x22, 0x10, 0x22, 0x10,
    0x87, 0x42, 0x10, 0x83, 0x43, 0x10, 0x02, 0x43, 0x18, 0x43, 0x10, 0x43, 0x10, 0x83, 0x43, 0x18,
    0x04, 0x43, 0x10, 0x6C, 0x59, 0x1B, 0xCB, 0x5D, 0xDB, 0x3D, 0xD3, 0x85, 0x3D, 0xDB, 0x06, 0x1D,
    0xD3, 0x1D, 0xD3, 0xF2, 0x89, 0x42, 0x10, 0x42, 0x10, 0x22, 0x10, 0x22, 0x10, 0x83, 0x22, 0x08,
    0x85, 0x21, 0x08, 0x00, 0x01, 0x08, 0x82, 0x01, 0x00, 0xBC, 0x00, 0x00, 0xBD, 0x00, 0x00, 0x83,
    0x01, 0x00, 0x83, 0x01, 0x08, 0x8A, 0x21, 0x08, 0x01, 0x22, 0x08, 0x22, 0x08, 0x82, 0x22, 0x10,
    0x86, 0x42, 0x10, 0x82, 0x43, 0x10, 0x87, 0x43, 0x18, 0x07, 0x63, 0x18, 0x43, 0x18, 0x63, 0x18,
    0xF1, 0x81, 0x5D, 0xDB, 0x5D, 0xDB, 0x3D, 0xDB, 0x5D, 0xDB, 0x83, 0x3D, 0xDB, 0x07, 0x3D, 0xD3,
    0x3D, 0xD3, 0x1D, 0xD3, 0x3D, 0xD3, 0x56, 0xA2, 0x42, 0x10, 0x43, 0x10, 0x42, 0x10, 0x82, 0x22,
    0x10, 0x82, 0x22, 0x08, 0x84, 0x21, 0x08, 0x01, 0x01, 0x08, 0x01, 0x08, 0x83, 0x01, 0x00, 0xBA,
    0x00, 0x00, 0xBB, 0x00, 0x00, 0x83, 0x01, 0x00, 0x83, 0x01, 0x08, 0x89, 0x21, 0x08, 0x83, 0x22,
    0x08, 0x82, 0x22, 0x10, 0x85, 0x42, 0x10, 0x82, 0x43, 0x10, 0x88, 0x43, 0x18, 0x03, 0x64, 0x18,
    0x43, 0x18, 0xA6, 0x30, 0x96, 0xAA, 0x85, 0x5D, 0xDB, 0x00, 0x3D, 0xDB, 0x83, 0x3D, 0xD3, 0x06,
    0x1D, 0xD3, 0x3D, 0xD3, 0x76, 0xA2, 0x42, 0x10, 0x43, 0x10, 0x42, 0x10, 0x42, 0x10, 0x82, 0x22,
    0x10, 0x01, 0x22, 0x08, 0x22, 0x08, 0x85, 0x21, 0x08, 0x00, 0x01, 0x08, 0x83, 0x01, 0x00, 0xBA,
    0x00, 0x00, 0xB9, 0x00, 0x00, 0x83, 0x01, 0x00, 0x83, 0x01, 0x08, 0x8A, 0x21, 0x08, 0x82, 0x22,
    0x08, 0x83, 0x22, 0x10, 0x84, 0x42, 0x10, 0x83, 0x43, 0x10, 0x84, 0x43, 0x18, 0x83, 0x63, 0x18,
    0x05, 0x64, 0x18, 0x63, 0x18, 0x2A, 0x51, 0x1A, 0xC3, 0x5D, 0xDB, 0x5D, 0xD3, 0x83, 0x5D, 0xDB,
    0x82, 0x3D, 0xDB, 0x82, 0x3D, 0xD3, 0x04, 0x1D, 0xD3, 0x3D, 0xD3, 0x77, 0xA2, 0x43, 0x10, 0x43,
    0x10, 0x82, 0x42, 0x10, 0x01, 0x22, 0x10, 0x22, 0x10, 0x82, 0x22, 0x08, 0x84, 0x21, 0x08, 0x82,
    0x01, 0x08, 0x01, 0x01, 0x00, 0x01, 0x00, 0xBA, 0x00, 0x00, 0xB8, 0x00, 0x00, 0x83, 0x01, 0x00,
    0x82, 0x01, 0x08, 0x8A, 0x21, 0x08, 0x01, 0x22, 0x08, 0x22, 0x08, 0x84, 0x22, 0x10, 0x84, 0x42,
    0x10, 0x83, 0x43, 0x10, 0x84, 0x43, 0x18, 0x83, 0x63, 0x18, 0x03, 0x64, 0x18, 0x64, 0x18, 0x63,
    0x18, 0xCF, 0x71, 0x88, 0x5D, 0xDB, 0x82, 0x3D, 0xDB, 0x83, 0x3D, 0xD3, 0x02, 0x77, 0xA2, 0x43,
    0x10, 0x43, 0x10, 0x82, 0x42, 0x10, 0x82, 0x22, 0x10, 0x82, 0x22, 0x08, 0x84, 0x21, 0x08, 0x82,
    0x01, 0x08, 0x01, 0x01, 0x00, 0x01, 0x00, 0xB9, 0x00, 0x00, 0xB6, 0x00, 0x00, 0x83, 0x01, 0x00,
    0x82, 0x01, 0x08, 0x8B, 0x21, 0x08, 0x84, 0x22, 0x10, 0x84, 0x42, 0x10, 0x83, 0x43, 0x10, 0x86,
    0x43, 0x18, 0x83, 0x63, 0x18, 0x05, 0x64, 0x18, 0x64, 0x18, 0x85, 0x20, 0x74, 0x9A, 0x7D, 0xDB,
    0x7D, 0xDB, 0x87, 0x5D, 0xDB, 0x00, 0x3D, 0xDB, 0x85, 0x3D, 0xD3, 0x03, 0x77, 0xA2, 0x43, 0x10,
    0x43, 0x18, 0x43, 0x10, 0x82, 0x42, 0x10, 0x01, 0x22, 0x10, 0x22, 0x10, 0x83, 0x22, 0x08, 0x84,
    0x21, 0x08, 0x01, 0x01, 0x08, 0x01, 0x08, 0x82, 0x01, 0x00, 0xB8, 0x00, 0x00, 0xB5, 0x00, 0x00,
    0x82, 0x01, 0x00, 0x01, 0x01, 0x08, 0x01, 0x08, 0x8C, 0x21, 0x08, 0x83, 0x22, 0x10, 0x86, 0x42,
    0x10, 0x82, 0x43, 0x10, 0x87, 0x43, 0x18, 0x00, 0x63, 0x18, 0x84, 0x64, 0x18, 0x01, 0xE9, 0x40,
    0xF9, 0xBA, 0x84, 0x7D, 0xDB, 0x84, 0x5D, 0xDB, 0x01, 0x5D, 0xD3, 0x5D, 0xD3, 0x85, 0x3D, 0xD3,
    0x04, 0x77, 0xAA, 0x43, 0x18, 0x43, 0x18, 0x43, 0x10, 0x43, 0x10, 0x83, 0x42, 0x10, 0x00, 0x22,
    0x10, 0x82, 0x22, 0x08, 0x85, 0x21, 0x08, 0x03, 0x01, 0x08, 0x01, 0x08, 0x01, 0x00, 0x01, 0x00,
    0xB8, 0x00, 0x00, 0xB1, 0x00, 0x00, 0x85, 0x01, 0x00, 0x8C, 0x21, 0x08, 0x03, 0x22, 0x08, 0x22,
    0x08, 0x22, 0x10, 0x22, 0x10, 0x88, 0x42, 0x10, 0x82, 0x43, 0x10, 0x82, 0x43, 0x18, 0x83, 0x63,
    0x18, 0x84, 0x64, 0x18, 0x07, 0x64, 0x20, 0x64, 0x18, 0x8D, 0x61, 0x5C, 0xD3, 0x7D, 0xDB, 0x7D,
    0xD3, 0x7D, 0xDB, 0x7D, 0xDB, 0x85, 0x5D, 0xDB, 0x83, 0x5D, 0xD3, 0x84, 0x3D, 0xD3, 0x00, 0x77,
    0xA2, 0x82, 0x43, 0x18, 0x01, 0x43, 0x10, 0x43, 0x10, 0x83, 0x42, 0x10, 0x83, 0x22, 0x08, 0x85,
    0x21, 0x08, 0x00, 0x01, 0x08, 0x82, 0x01, 0x00, 0xB7, 0x00, 0x00, 0xAF, 0x00, 0x00, 0x84, 0x01,
    0x00, 0x8D, 0x21, 0x08, 0x03, 0x22, 0x08, 0x22, 0x08, 0x22, 0x10, 0x22, 0x10, 0x87, 0x42, 0x10,
    0x83, 0x43, 0x10, 0x82, 0x43, 0x18, 0x83, 0x63, 0x18, 0x84, 0x64, 0x18, 0x04, 0x64, 0x20, 0x64,
    0x18, 0x64, 0x20, 0x32, 0x8A, 0x9D, 0xDB, 0x85, 0x7D, 0xDB, 0x84, 0x5D, 0xDB, 0x83, 0x5D, 0xD3,
    0x84, 0x3D, 0xD3, 0x03, 0x77, 0xA2, 0x63, 0x18, 0x43, 0x18, 0x43, 0x18, 0x82, 0x43, 0x10, 0x83,
    0x42, 0x10, 0x00, 0x22, 0x10, 0x82, 0x22, 0x08, 0x86, 0x21, 0x08, 0x82, 0x01, 0x00, 0xB6, 0x00,
    0x00, 0xAE, 0x00, 0x00, 0x82, 0x01, 0x00, 0x8F, 0x21, 0x08, 0x82, 0x22, 0x10, 0x88, 0x42, 0x10,
    0x82, 0x43, 0x10, 0x83, 0x43, 0x18, 0x82, 0x63, 0x18, 0x85, 0x64, 0x18, 0x04, 0x64, 0x20, 0x64,
    0x20, 0xC7, 0x30, 0xD7, 0xAA, 0x9D, 0xDB, 0x87, 0x7D, 0xDB, 0x84, 0x5D, 0xDB, 0x83, 0x5D, 0xD3,
    0x83, 0x3D, 0xD3, 0x06, 0x77, 0xA2, 0x63, 0x18, 0x63, 0x18, 0x43, 0x18, 0x43, 0x18, 0x43, 0x10,
    0x43, 0x10, 0x83, 0x42, 0x10, 0x00, 0x22, 0x10, 0x83, 0x22, 0x08, 0x86, 0x21, 0x08, 0x82, 0x01,
    0x00, 0xB5, 0x00, 0x00, 0xAD, 0x00, 0x00, 0x82, 0x01, 0x00, 0x8E, 0x21, 0x08, 0x82, 0x22, 0x10,
    0x88, 0x42, 0x10, 0x83, 0x43, 0x10, 0x83, 0x43, 0x18, 0x00, 0x63, 0x18, 0x86, 0x64, 0x18, 0x04,
    0x64, 0x20, 0x84, 0x20, 0x64, 0x20, 0x4B, 0x51, 0x5B, 0xCB, 0x82, 0x9D, 0xDB, 0x86, 0x7D, 0xDB,
    0x01, 0x5D, 0xDB, 0x5D, 0xDB, 0x86, 0x5D, 0xD3, 0x83, 0x3D, 0xD3, 0x04, 0x77, 0xA2, 0x63, 0x18,
    0x64, 0x18, 0x43, 0x18, 0x43, 0x18, 0x83, 0x43, 0x10, 0x03, 0x42, 0x10, 0x42, 0x10, 0x22, 0x10,
    0x22, 0x10, 0x82, 0x22, 0x08, 0x87, 0x21, 0x08, 0x82, 0x01, 0x00, 0xB4, 0x00, 0x00, 0xAC, 0x00,
    0x00, 0x02, 0x01, 0x00, 0x01, 0x00, 0x01, 0x08, 0x8C, 0x21, 0x08, 0x00, 0x22, 0x08, 0x82, 0x22,
    0x10, 0x88, 0x42, 0x10, 0x83, 0x43, 0x10, 0x82, 0x43, 0x18, 0x82, 0x63, 0x18, 0x86, 0x64, 0x18,
    0x82, 0x64, 0x20, 0x00, 0xF0, 0x79, 0x85, 0x9D, 0xDB, 0x86, 0x7D, 0xDB, 0x87, 0x5D, 0xD3, 0x83,
    0x3D, 0xD3, 0x02, 0x77, 0xA2, 0x64, 0x18, 0x64, 0x18, 0x82, 0x43, 0x18, 0x82, 0x43, 0x10, 0x82,
    0x42, 0x10, 0x00, 0x22, 0x10, 0x83, 0x22, 0x08, 0x87, 0x21, 0x08, 0x82, 0x01, 0x00, 0xB3, 0x00,
    0x00, 0xAA, 0x00, 0x00, 0x00, 0x01, 0x00, 0x82, 0x01, 0x08, 0x8B, 0x21, 0x08, 0x01, 0x22, 0x08,
    0x22, 0x08, 0x82, 0x22, 0x10, 0x87, 0x42, 0x10, 0x84, 0x43, 0x10, 0x00, 0x43, 0x18, 0x83, 0x63,
    0x18, 0x85, 0x64, 0x18, 0x07, 0x64, 0x20, 0x64, 0x20, 0x65, 0x20, 0x64, 0x20, 0xA6, 0x28, 0x95,
    0xA2, 0xBD, 0xDB, 0xBD, 0xDB, 0x85, 0x9D, 0xDB, 0x84, 0x7D, 0xDB, 0x03, 0x5D, 0xD3, 0x5D, 0xD3,
    0x1A, 0xC3, 0xD9, 0xB2, 0x83, 0x5D, 0xD3, 0x84, 0x3D, 0xD3, 0x03, 0x77, 0xA2, 0x64, 0x18, 0x64,
    0x18, 0x63, 0x18, 0x82, 0x43, 0x18, 0x01, 0x43, 0x10, 0x43, 0x10, 0x82, 0x42, 0x10, 0x82, 0x22,
    0x10, 0x01, 0x22, 0x08, 0x22, 0x08, 0x88, 0x21, 0x08, 0x82, 0x01, 0x00, 0xB2, 0x00, 0x00, 0xA6,
    0x00, 0x00, 0x83, 0x01, 0x00, 0x01, 0x01, 0x08, 0x01, 0x08, 0x8B, 0x21, 0x08, 0x82, 0x22, 0x08,
    0x01, 0x22, 0x10, 0x22, 0x10, 0x87, 0x42, 0x10, 0x84, 0x43, 0x10, 0x00, 0x43, 0x18, 0x83, 0x63,
    0x18, 0x86, 0x64, 0x18, 0x05, 0x64, 0x20, 0x64, 0x20, 0x85, 0x20, 0x64, 0x20, 0x09, 0x49, 0x39,
    0xBB, 0x82, 0xBD, 0xDB, 0x85, 0x9D, 0xDB, 0x82, 0x7D, 0xDB, 0x82, 0x7D, 0xD3, 0x02, 0xD8, 0xB2,
    0xC8, 0x38, 0x34, 0x92, 0x83, 0x5D, 0xD3, 0x84, 0x3D, 0xD3, 0x03, 0x77, 0xA2, 0x64, 0x18, 0x64,
    0x18, 0x63, 0x18, 0x82, 0x43, 0x18, 0x82, 0x43, 0x10, 0x01, 0x42, 0x10, 0x42, 0x10, 0x82, 0x22,
    0x10, 0x01, 0x22, 0x08, 0x22, 0x08, 0x89, 0x21, 0x08, 0x82, 0x01, 0x00, 0xB1, 0x00, 0x00, 0xA5,
    0x00, 0x00, 0x82, 0x01, 0x00, 0x8D, 0x21, 0x08, 0x82, 0x22, 0x08, 0x82, 0x22, 0x10, 0x86, 0x42,
    0x10, 0x84, 0x43, 0x10, 0x85, 0x63, 0x18, 0x85, 0x64, 0x18, 0x06, 0x64, 0x20, 0x64, 0x20, 0x85,
    0x20, 0x65, 0x20, 0x65, 0x20, 0xAE, 0x69, 0x9C, 0xD3, 0x84, 0xBD, 0xDB, 0x85, 0x9D, 0xDB, 0x07,
    0x7D, 0xDB, 0x7D, 0xD3, 0x7D, 0xDB, 0x7D, 0xDB, 0x54, 0x92, 0x86, 0x28, 0x85, 0x20, 0x75, 0x9A,
    0x83, 0x5D, 0xD3, 0x84, 0x3D, 0xD3, 0x00, 0x77, 0xA2, 0x83, 0x64, 0x18, 0x82, 0x43, 0x18, 0x82,
    0x43, 0x10, 0x03, 0x42, 0x10, 0x42, 0x10, 0x22, 0x10, 0x22, 0x10, 0x82, 0x22, 0x08, 0x89, 0x21,
    0x08, 0x84, 0x01, 0x00, 0xAE, 0x00, 0x00, 0xA4, 0x00, 0x00, 0x00, 0x01, 0x00, 0x8D, 0x21, 0x08,
    0x83, 0x22, 0x08, 0x82, 0x22, 0x10, 0x86, 0x42, 0x10, 0x84, 0x43, 0x10, 0x85, 0x63, 0x18, 0x86,
    0x64, 0x18, 0x07, 0x64, 0x20, 0x64, 0x20, 0x85, 0x20, 0x64, 0x20, 0x85, 0x20, 0x73, 0x92, 0xDD,
    0xDB, 0xDD, 0xDB, 0x84, 0xBD, 0xDB, 0x85, 0x9D, 0xDB, 0x07, 0x7D, 0xD3, 0x7D, 0xDB, 0x5C, 0xD3,
    0xAF, 0x69, 0x85, 0x20, 0x86, 0x28, 0x85, 0x20, 0x55, 0x92, 0x84, 0x5D, 0xD3, 0x83, 0x3D, 0xD3,
    0x00, 0x97, 0xA2, 0x83, 0x64, 0x18, 0x00, 0x63, 0x18, 0x82, 0x43, 0x18, 0x01, 0x43, 0x10, 0x43,
    0x10, 0x82, 0x42, 0x10, 0x03, 0x22, 0x10, 0x22, 0x10, 0x22, 0x08, 0x22, 0x08, 0x8A, 0x21, 0x08,
    0x86, 0x01, 0x00, 0xAB, 0x00, 0x00, 0xA2, 0x00, 0x00, 0x8D, 0x21, 0x08, 0x83, 0x22, 0x08, 0x84,
    0x22, 0x10, 0x84, 0x42, 0x10, 0x85, 0x43, 0x10, 0x00, 0x43, 0x18, 0x84, 0x63, 0x18, 0x84, 0x64,
    0x18, 0x84, 0x64, 0x20, 0x04, 0x85, 0x20, 0x65, 0x20, 0xE8, 0x38, 0x18, 0xB3, 0xDD, 0xDB, 0x87,
    0xBD, 0xDB, 0x83, 0x9D, 0xDB, 0x08, 0x7D, 0xD3, 0x9D, 0xDB, 0x1A, 0xBB, 0x2B, 0x51, 0x85, 0x28,
    0x86, 0x28, 0x86, 0x28, 0x85, 0x20, 0x55, 0x9A, 0x84, 0x5D, 0xD3, 0x83, 0x3D, 0xD3, 0x02, 0x97,
    0xA2, 0x64, 0x18, 0x64, 0x20, 0x82, 0x64, 0x18, 0x02, 0x63, 0x18, 0x43, 0x18, 0x43, 0x18, 0x82,
    0x43, 0x10, 0x82, 0x42, 0x10, 0x01, 0x22, 0x10, 0x22, 0x10, 0x82, 0x22, 0x08, 0x89, 0x21, 0x08,
    0x01, 0x01, 0x08, 0x01, 0x08, 0x83, 0x01, 0x00, 0xAB, 0x00, 0x00, 0x9F, 0x00, 0x00, 0x8F, 0x21,
    0x08, 0x83, 0x22, 0x08, 0x83, 0x22, 0x10, 0x84, 0x42, 0x10, 0x84, 0x43, 0x10, 0x01, 0x43, 0x18,
    0x43, 0x18, 0x84, 0x63, 0x18, 0x84, 0x64, 0x18, 0x84, 0x64, 0x20, 0x04, 0x65, 0x20, 0x85, 0x20,
    0x85, 0x20, 0x6C, 0x59, 0x9B, 0xCB, 0x83, 0xDD, 0xDB, 0x85, 0xBD, 0xDB, 0x84, 0x9D, 0xDB, 0x01,
    0xB6, 0xA2, 0xC7, 0x30, 0x83, 0x86, 0x28, 0x01, 0x85, 0x28, 0x55, 0x9A, 0x84, 0x5D, 0xD3, 0x83,
    0x3D, 0xD3, 0x02, 0x97, 0xA2, 0x64, 0x20, 0x64, 0x20, 0x82, 0x64, 0x18, 0x03, 0x63, 0x18, 0x63,
    0x18, 0x43, 0x18, 0x43, 0x18, 0x82, 0x43, 0x10, 0x82, 0x42, 0x10, 0x01, 0x22, 0x10, 0x22, 0x10,
    0x82, 0x22, 0x08, 0x89, 0x21, 0x08, 0x82, 0x01, 0x08, 0x86, 0x01, 0x00, 0xA6, 0x00, 0x00, 0x9E,
    0x00, 0x00, 0x8C, 0x21, 0x08, 0x84, 0x22, 0x08, 0x82, 0x22, 0x10, 0x87, 0x42, 0x10, 0x82, 0x43,
    0x10, 0x83, 0x43, 0x18, 0x83, 0x63, 0x18, 0x84, 0x64, 0x18, 0x84, 0x64, 0x20, 0x83, 0x85, 0x20,
    0x00, 0x31, 0x82, 0x85, 0xDD, 0xDB, 0x86, 0xBD, 0xDB, 0x03, 0x9D, 0xD3, 0x9D, 0xDB, 0x9D, 0xDB,
    0x12, 0x82, 0x86, 0x86, 0x28, 0x00, 0x55, 0x9A, 0x84, 0x5D, 0xD3, 0x83, 0x3D, 0xD3, 0x02, 0x97,
    0xA2, 0x64, 0x20, 0x64, 0x20, 0x83, 0x64, 0x18, 0x00, 0x63, 0x18, 0x82, 0x43, 0x18, 0x01, 0x43,
    0x10, 0x43, 0x10, 0x83, 0x42, 0x10, 0x01, 0x22, 0x10, 0x22, 0x10, 0x82, 0x22, 0x08, 0x89, 0x21,
    0x08, 0x82, 0x01, 0x08, 0x86, 0x01, 0x00, 0xA5, 0x00, 0x00, 0x9E, 0x00, 0x00, 0x8B, 0x21, 0x08,
    0x84, 0x22, 0x08, 0x88, 0x42, 0x10, 0x83, 0x43, 0x10, 0x83, 0x43, 0x18, 0x82, 0x63, 0x18, 0x85,
    0x64, 0x18, 0x84, 0x64, 0x20, 0x83, 0x85, 0x20, 0x03, 0xA6, 0x30, 0xD6, 0xA2, 0xFD, 0xDB, 0xFD,
    0xDB, 0x85, 0xDD, 0xDB, 0x84, 0xBD, 0xDB, 0x05, 0x9D, 0xD3, 0x9D, 0xDB, 0x5B, 0xCB, 0x8D, 0x61,
    0x86, 0x28, 0xA6, 0x28, 0x85, 0x86, 0x28, 0x00, 0x55, 0x9A, 0x85, 0x5D, 0xD3, 0x82, 0x3D, 0xD3,
    0x03, 0x97, 0xA2, 0x64, 0x20, 0x65, 0x20, 0x64, 0x20, 0x83, 0x64, 0x18, 0x82, 0x43, 0x18, 0x82,
    0x43, 0x10, 0x83, 0x42, 0x10, 0x03, 0x22, 0x10, 0x22, 0x10, 0x22, 0x08, 0x22, 0x08, 0x89, 0x21,
    0x08, 0x82, 0x01, 0x08, 0x8B, 0x01, 0x00, 0xA0, 0x00, 0x00, 0x9C, 0x00, 0x00, 0x00, 0x01, 0x08,
    0x8A, 0x21, 0x08, 0x82, 0x22, 0x08, 0x82, 0x22, 0x10, 0x87, 0x42, 0x10, 0x82, 0x43, 0x10, 0x85,
    0x43, 0x18, 0x01, 0x63, 0x18, 0x63, 0x18, 0x85, 0x64, 0x18, 0x84, 0x64, 0x20, 0x84, 0x85, 0x20,
    0x01, 0x2A, 0x49, 0x7A, 0xC3, 0x83, 0xFD, 0xDB, 0x84, 0xDD, 0xDB, 0x83, 0xBD, 0xDB, 0x0D, 0x9D,
    0xDB, 0xBD, 0xDB, 0xF8, 0xB2, 0x09, 0x41, 0x86, 0x28, 0xA6, 0x28, 0x86, 0x28, 0x86, 0x28, 0xA6,
    0x28, 0x86, 0x28, 0x86, 0x28, 0xA6, 0x28, 0x86, 0x28, 0x55, 0x9A, 0x85, 0x5D, 0xD3, 0x82, 0x3D,
    0xD3, 0x03, 0x97, 0xA2, 0x64, 0x20, 0x85, 0x20, 0x64, 0x20, 0x83, 0x64, 0x18, 0x00, 0x63, 0x18,
    0x82, 0x43, 0x18, 0x82, 0x43, 0x10, 0x83, 0x42, 0x10, 0x03, 0x22, 0x10, 0x22, 0x10, 0x22, 0x08,
    0x22, 0x08, 0x89, 0x21, 0x08, 0x82, 0x01, 0x08, 0x8B, 0x01, 0x00, 0x9F, 0x00, 0x00, 0x9B, 0x00,
    0x00, 0x00, 0x01, 0x08, 0x89, 0x21, 0x08, 0x82, 0x22, 0x08, 0x84, 0x22, 0x10, 0x85, 0x42, 0x10,
    0x83, 0x43, 0x10, 0x83, 0x43, 0x18, 0x82, 0x63, 0x18, 0x85, 0x64, 0x18, 0x84, 0x64, 0x20, 0x85,
    0x85, 0x20, 0x02, 0xEF, 0x71, 0xDC, 0xD3, 0x1D, 0xDC, 0x83, 0xFD, 0xDB, 0x84, 0xDD, 0xDB, 0x84,
    0xBD, 0xDB, 0x03, 0x74, 0x92, 0xA6, 0x30, 0x86, 0x28, 0xA6, 0x30, 0x85, 0x86, 0x28, 0x02, 0xA6,
    0x28, 0x86, 0x28, 0x75, 0x9A, 0x85, 0x5D, 0xD3, 0x06, 0x3D, 0xD3, 0x3D, 0xCB, 0x3D, 0xD3, 0x97,
    0xA2, 0x65, 0x20, 0x85, 0x20, 0x64, 0x20, 0x85, 0x64, 0x18, 0x01, 0x43, 0x18, 0x43, 0x18, 0x82,
    0x43, 0x10, 0x84, 0x42, 0x10, 0x03, 0x22, 0x10, 0x22, 0x10, 0x22, 0x08, 0x22, 0x08, 0x93, 0x21,
    0x08, 0x83, 0x01, 0x00, 0x9F, 0x00, 0x00, 0x99, 0x00, 0x00, 0x82, 0x01, 0x08, 0x88, 0x21, 0x08,
    0x82, 0x22, 0x08, 0x84, 0x22, 0x10, 0x83, 0x42, 0x10, 0x83, 0x43, 0x10, 0x83, 0x43, 0x18, 0x82,
    0x63, 0x18, 0x86, 0x64, 0x18, 0x84, 0x64, 0x20, 0x86, 0x85, 0x20, 0x02, 0x94, 0x92, 0x1D, 0xDC,
    0x1D, 0xDC, 0x85, 0xFD, 0xDB, 0x83, 0xDD, 0xDB, 0x82, 0xBD, 0xDB, 0x01, 0x9D, 0xD3, 0xF0, 0x71,
    0x86, 0xA6, 0x28, 0x82, 0x86, 0x28, 0x02, 0xA6, 0x28, 0x86, 0x28, 0x75, 0x9A, 0x84, 0x5D, 0xD3,
    0x07, 0x3D, 0xD3, 0x3D, 0xD3, 0x3D, 0xCB, 0x3D, 0xD3, 0x97, 0xA2, 0x65, 0x20, 0x85, 0x20, 0x64,
    0x20, 0x85, 0x64, 0x18, 0x01, 0x63, 0x18, 0x63, 0x18, 0x83, 0x43, 0x10, 0x84, 0x42, 0x10, 0x00,
    0x22, 0x10, 0x82, 0x22, 0x08, 0x92, 0x21, 0x08, 0x01, 0x01, 0x08, 0x01, 0x08, 0x82, 0x01, 0x00,
    0x9E, 0x00, 0x00, 0x98, 0x00, 0x00, 0x82, 0x01, 0x08, 0x87, 0x21, 0x08, 0x01, 0x22, 0x08, 0x22,
    0x08, 0x85, 0x22, 0x10, 0x84, 0x42, 0x10, 0x82, 0x43, 0x10, 0x84, 0x43, 0x18, 0x82, 0x63, 0x18,
    0x83, 0x64, 0x18, 0x86, 0x64, 0x20, 0x84, 0x85, 0x20, 0x03, 0x85, 0x28, 0x85, 0x20, 0xE8, 0x38,
    0x58, 0xB3, 0x83, 0x1D, 0xDC, 0x84, 0xFD, 0xDB, 0x83, 0xDD, 0xDB, 0x05, 0xBD, 0xD3, 0xBD, 0xDB,
    0x5A, 0xC3, 0x4B, 0x51, 0xA6, 0x28, 0xA6, 0x30, 0x89, 0xA6, 0x28, 0x01, 0x86, 0x28, 0x75, 0x9A,
    0x84, 0x5D, 0xD3, 0x08, 0x3D, 0xD3, 0x3D, 0xD3, 0x3D, 0xCB, 0x3D, 0xCB, 0x97, 0xA2, 0x85, 0x20,
    0x85, 0x20, 0x65, 0x20, 0x64, 0x20, 0x85, 0x64, 0x18, 0x01, 0x63, 0x18, 0x43, 0x18, 0x82, 0x43,
    0x10, 0x85, 0x42, 0x10, 0x83, 0x22, 0x08, 0x92, 0x21, 0x08, 0x83, 0x01, 0x08, 0x00, 0x01, 0x00,
    0x9D, 0x00, 0x00, 0x96, 0x00, 0x00, 0x84, 0x01, 0x08, 0x85, 0x21, 0x08, 0x82, 0x22, 0x08, 0x83,
    0x22, 0x10, 0x84, 0x42, 0x10, 0x01, 0x43, 0x10, 0x43, 0x10, 0x87, 0x43, 0x18, 0x01, 0x63, 0x18,
    0x63, 0x18, 0x84, 0x64, 0x18, 0x84, 0x64, 0x20, 0x01, 0x65, 0x20, 0x65, 0x20, 0x84, 0x85, 0x20,
    0x04, 0x85, 0x28, 0x85, 0x20, 0x8D, 0x59, 0xDB, 0xD3, 0x3D, 0xDC, 0x83, 0x1D, 0xDC, 0x84, 0xFD,
    0xDB, 0x84, 0xDD, 0xDB, 0x03, 0xD7, 0xAA, 0xE8, 0x38, 0xA6, 0x28, 0xA7, 0x30, 0x89, 0xA6, 0x28,
    0x02, 0xA7, 0x30, 0xA6, 0x28, 0x75, 0x9A, 0x84, 0x5D, 0xD3, 0x09, 0x3D, 0xD3, 0x3D, 0xD3, 0x3D,
    0xCB, 0x3D, 0xD3, 0x97, 0xA2, 0x85, 0x20, 0x85, 0x20, 0x65, 0x20, 0x65, 0x20, 0x64, 0x20, 0x85,
    0x64, 0x18, 0x01, 0x63, 0x18, 0x43, 0x18, 0x82, 0x43, 0x10, 0x85, 0x42, 0x10, 0x00, 0x22, 0x10,
    0x86, 0x22, 0x08, 0x8D, 0x21, 0x08, 0x84, 0x01, 0x08, 0x85, 0x01, 0x00, 0x97, 0x00, 0x00, 0x96,
    0x00, 0x00, 0x82, 0x01, 0x08, 0x87, 0x21, 0x08, 0x03, 0x22, 0x08, 0x22, 0x08, 0x22, 0x10, 0x22,
    0x10, 0x86, 0x42, 0x10, 0x82, 0x43, 0x10, 0x86, 0x43, 0x18, 0x86, 0x64, 0x18, 0x84, 0x64, 0x20,
    0x00, 0x65, 0x20, 0x84, 0x85, 0x20, 0x05, 0x85, 0x28, 0x85, 0x20, 0x85, 0x28, 0x51, 0x82, 0x3D,
    0xDC, 0x3D, 0xE4, 0x84, 0x1D, 0xDC, 0x84, 0xFD, 0xDB, 0x83, 0xDD, 0xDB, 0x03, 0x32, 0x8A, 0xA6,
    0x28, 0xA6, 0x28, 0xA7, 0x30, 0x84, 0xA6, 0x28, 0x00, 0xA7, 0x28, 0x84, 0xA6, 0x28, 0x04, 0xA7,
    0x30, 0xA6, 0x28, 0x75, 0x9A, 0x5D, 0xD3, 0x5D, 0xCB, 0x82, 0x5D, 0xD3, 0x04, 0x3D, 0xD3, 0x3D,
    0xD3, 0x3D, 0xCB, 0x3D, 0xCB, 0x97, 0xA2, 0x82, 0x85, 0x20, 0x01, 0x65, 0x20, 0x65, 0x20, 0x85,
    0x64, 0x18, 0x01, 0x63, 0x18, 0x43, 0x18, 0x84, 0x43, 0x10, 0x83, 0x42, 0x10, 0x01, 0x22, 0x10,
    0x22, 0x10, 0x86, 0x22, 0x08, 0x86, 0x21, 0x08, 0x82, 0x22, 0x08, 0x83, 0x21, 0x08, 0x84, 0x01,
    0x08, 0x86, 0x01, 0x00, 0x95, 0x00, 0x00, 0x95, 0x00, 0x00, 0x82, 0x01, 0x08, 0x86, 0x21, 0x08,
    0x03, 0x22, 0x08, 0x22, 0x08, 0x22, 0x10, 0x22, 0x10, 0x85, 0x42, 0x10, 0x82, 0x43, 0x10, 0x85,
    0x43, 0x18, 0x82, 0x63, 0x18, 0x84, 0x64, 0x18, 0x84, 0x64, 0x20, 0x82, 0x65, 0x20, 0x84, 0x85,
    0x20, 0x04, 0xA6, 0x28, 0x85, 0x20, 0xC7, 0x30, 0x16, 0xAB, 0x3D, 0xE4, 0x82, 0x3D, 0xDC, 0x83,
    0x1D, 0xDC, 0x84, 0xFD, 0xDB, 0x08, 0xDD, 0xDB, 0xDD, 0xDB, 0x9C, 0xCB, 0xAE, 0x61, 0xA6, 0x28,
    0xA7, 0x30, 0xA7, 0x30, 0xA6, 0x28, 0xA6, 0x28, 0x88, 0xA7, 0x28, 0x05, 0xA6, 0x28, 0xA7, 0x30,
    0xA6, 0x28, 0x75, 0x9A, 0x5D, 0xD3, 0x5D, 0xCB, 0x82, 0x5D, 0xD3, 0x04, 0x3D, 0xD3, 0x3D, 0xD3,
    0x3D, 0xCB, 0x3D, 0xCB, 0x97, 0xA2, 0x82, 0x85, 0x20, 0x02, 0x65, 0x20, 0x65, 0x20, 0x64, 0x20,
    0x84, 0x64, 0x18, 0x01, 0x63, 0x18, 0x43, 0x18, 0x85, 0x43, 0x10, 0x83, 0x42, 0x10, 0x01, 0x22,
    0x10, 0x22, 0x10, 0x87, 0x22, 0x08, 0x82, 0x21, 0x08, 0x00, 0x22, 0x08, 0x8B, 0x21, 0x08, 0x00,
    0x01, 0x08, 0x87, 0x01, 0x00, 0x94, 0x00, 0x00, 0x95, 0x00, 0x00, 0x01, 0x01, 0x08, 0x01, 0x08,
    0x86, 0x21, 0x08, 0x01, 0x22, 0x08, 0x22, 0x08, 0x82, 0x22, 0x10, 0x83, 0x42, 0x10, 0x83, 0x43,
    0x10, 0x83, 0x43, 0x18, 0x83, 0x63, 0x18, 0x84, 0x64, 0x18, 0x84, 0x64, 0x20, 0x87, 0x85, 0x20,
    0x05, 0x85, 0x28, 0xA6, 0x28, 0x85, 0x28, 0x4B, 0x51, 0x9A, 0xC3, 0x3D, 0xE4, 0x82, 0x3D, 0xDC,
    0x84, 0x1D, 0xDC, 0x83, 0xFD, 0xDB, 0x04, 0xDD, 0xDB, 0xDD, 0xDB, 0x39, 0xB3, 0x0A, 0x49, 0xA6,
    0x28, 0x85, 0xA7, 0x30, 0x00, 0xA7, 0x28, 0x83, 0xA7, 0x30, 0x82, 0xA7, 0x28, 0x05, 0xA6, 0x28,
    0xA7, 0x30, 0xA6, 0x28, 0x75, 0x9A, 0x5D, 0xD3, 0x5D, 0xCB, 0x82, 0x5D, 0xD3, 0x00, 0x3D, 0xD3,
    0x82, 0x3D, 0xCB, 0x00, 0x97, 0xA2, 0x83, 0x85, 0x20, 0x01, 0x65, 0x20, 0x65, 0x20, 0x85, 0x64,
    0x18, 0x01, 0x63, 0x18, 0x43, 0x18, 0x85, 0x43, 0x10, 0x83, 0x42, 0x10, 0x03, 0x22, 0x10, 0x22,
    0x10, 0x22, 0x08, 0x22, 0x10, 0x87, 0x22, 0x08, 0x05, 0x21, 0x08, 0x22, 0x08, 0xC8, 0x38, 0x0B,
    0x49, 0xEA, 0x40, 0x64, 0x18, 0x88, 0x21, 0x08, 0x87, 0x01, 0x00, 0x93, 0x00, 0x00, 0x94, 0x00,
    0x00, 0x01, 0x01, 0x08, 0x01, 0x08, 0x85, 0x21, 0x08, 0x82, 0x22, 0x08, 0x82, 0x22, 0x10, 0x84,
    0x42, 0x10, 0x01, 0x43, 0x10, 0x43, 0x10, 0x85, 0x43, 0x18, 0x01, 0x63, 0x18, 0x63, 0x18, 0x85,
    0x64, 0x18, 0x83, 0x64, 0x20, 0x88, 0x85, 0x20, 0x82, 0x85, 0x28, 0x02, 0xEF, 0x71, 0x1C, 0xDC,
    0x3D, 0xE4, 0x82, 0x3D, 0xDC, 0x84, 0x1D, 0xDC, 0x84, 0xFD, 0xDB, 0x02, 0xDD, 0xDB, 0x95, 0x9A,
    0xC7, 0x30, 0x91, 0xA7, 0x30, 0x06, 0xA7, 0x28, 0x55, 0x9A, 0x5D, 0xD3, 0x5D, 0xCB, 0x5D, 0xD3,
    0x5D, 0xD3, 0x5D, 0xCB, 0x83, 0x3D, 0xCB, 0x00, 0x97, 0xA2, 0x83, 0x85, 0x20, 0x02, 0x65, 0x20,
    0x65, 0x20, 0x64, 0x20, 0x85, 0x64, 0x18, 0x01, 0x43, 0x18, 0x43, 0x18, 0x85, 0x43, 0x10, 0x82,
    0x42, 0x10, 0x83, 0x22, 0x10, 0x87, 0x22, 0x08, 0x01, 0xEA, 0x40, 0x59, 0xA2, 0x82, 0xBD, 0xC2,
    0x03, 0x9B, 0xB2, 0x70, 0x69, 0x22, 0x08, 0x22, 0x08, 0x87, 0x21, 0x08, 0x86, 0x01, 0x00, 0x92,
    0x00, 0x00, 0x93, 0x00, 0x00, 0x01, 0x01, 0x08, 0x01, 0x08, 0x86, 0x21, 0x08, 0x01, 0x22, 0x08,
    0x22, 0x08, 0x82, 0x22, 0x10, 0x83, 0x42, 0x10, 0x82, 0x43, 0x10, 0x84, 0x43, 0x18, 0x82, 0x63,
    0x18, 0x83, 0x64, 0x18, 0x84, 0x64, 0x20, 0x01, 0x65, 0x20, 0x65, 0x20, 0x86, 0x85, 0x20, 0x08,
    0x85, 0x28, 0x86, 0x28, 0x85, 0x28, 0x86, 0x28, 0x94, 0x92, 0x3D, 0xDC, 0x3D, 0xDC, 0x1D, 0xDC,
    0x3D, 0xDC, 0x83, 0x1D, 0xDC, 0x02, 0x1E, 0xDC, 0x1D, 0xDC, 0x1D, 0xDC, 0x83, 0xFD, 0xDB, 0x03,
    0xBD, 0xD3, 0xF0, 0x71, 0xA7, 0x28, 0xA7, 0x28, 0x91, 0xA7, 0x30, 0x02, 0xA7, 0x28, 0x55, 0x92,
    0x5D, 0xD3, 0x82, 0x5D, 0xCB, 0x84, 0x3D, 0xCB, 0x04, 0x98, 0xA2, 0x85, 0x20, 0x85, 0x28, 0x85,
    0x20, 0x85, 0x20, 0x82, 0x65, 0x20, 0x00, 0x64, 0x20, 0x85, 0x64, 0x18, 0x00, 0x43, 0x18, 0x86,
    0x43, 0x10, 0x82, 0x42, 0x10, 0x85, 0x22, 0x10, 0x04, 0x22, 0x08, 0x22, 0x08, 0x22, 0x10, 0x22,
    0x08, 0xEA, 0x40, 0x82, 0xBD, 0xC2, 0x06, 0xBD, 0xBA, 0xBD, 0xBA, 0xBD, 0xC2, 0xBD, 0xC2, 0xD3,
    0x79, 0x21, 0x08, 0x22, 0x08, 0x88, 0x21, 0x08, 0x85, 0x01, 0x00, 0x91, 0x00, 0x00, 0x92, 0x00,
    0x00, 0x01, 0x01, 0x08, 0x01, 0x08, 0x86, 0x21, 0x08, 0x01, 0x22, 0x08, 0x22, 0x08, 0x82, 0x22,
    0x10, 0x82, 0x42, 0x10, 0x84, 0x43, 0x18, 0x82, 0x63, 0x18, 0x85, 0x64, 0x18, 0x83, 0x64, 0x20,
    0x87, 0x85, 0x20, 0x84, 0x85, 0x28, 0x03, 0x86, 0x28, 0x85, 0x28, 0xE9, 0x40, 0x58, 0xB3, 0x87,
    0x1D, 0xDC, 0x02, 0x1E, 0xDC, 0x1D, 0xDC, 0x1D, 0xDC, 0x83, 0xFD, 0xDB, 0x01, 0x7A, 0xC3, 0x6C,
    0x59, 0x95, 0xA7, 0x30, 0x04, 0x55, 0x9A, 0x5D, 0xD3, 0x3D, 0xCB, 0x5D, 0xCB, 0x5D, 0xCB, 0x84,
    0x3D, 0xCB, 0x02, 0x98, 0xA2, 0x85, 0x20, 0x86, 0x28, 0x82, 0x85, 0x20, 0x02, 0x65, 0x20, 0x65,
    0x20, 0x64, 0x20, 0x85, 0x64, 0x18, 0x01, 0x43, 0x18, 0x43, 0x18, 0x85, 0x43, 0x10, 0x83, 0x42,
    0x10, 0x83, 0x22, 0x10, 0x07, 0x42, 0x10, 0x22, 0x08, 0x22, 0x10, 0x22, 0x10, 0x64, 0x18, 0x7B,
    0xAA, 0xBD, 0xC2, 0xBD, 0xBA, 0x82, 0xBD, 0xC2, 0x05, 0xBD, 0xBA, 0xBD, 0xBA, 0xBE, 0xBA, 0x90,
    0x69, 0x21, 0x08, 0x22, 0x08, 0x88, 0x21, 0x08, 0x85, 0x01, 0x00, 0x90, 0x00, 0x00, 0x92, 0x00,
    0x00, 0x00, 0x01, 0x08, 0x86, 0x21, 0x08, 0x01, 0x22, 0x08, 0x22, 0x08, 0x82, 0x22, 0x10, 0x05,
    0x42, 0x10, 0x42, 0x10, 0x43, 0x10, 0x42, 0x10, 0x43, 0x10, 0x43, 0x10, 0x83, 0x43, 0x18, 0x83,
    0x63, 0x18, 0x82, 0x64, 0x18, 0x84, 0x64, 0x20, 0x00, 0x84, 0x20, 0x86, 0x85, 0x20, 0x83, 0x85,
    0x28, 0x03, 0x86, 0x28, 0x86, 0x28, 0x8D, 0x61, 0xBB, 0xCB, 0x86, 0x1D, 0xDC, 0x02, 0x1E, 0xDC,
    0x1D, 0xDC, 0x1D, 0xDC, 0x84, 0xFD, 0xDB, 0x01, 0xF7, 0xAA, 0xE9, 0x38, 0x96, 0xA7, 0x30, 0x04,
    0x55, 0x92, 0x5D, 0xD3, 0x3D, 0xCB, 0x5D, 0xCB, 0x5D, 0xCB, 0x82, 0x3D, 0xCB, 0x04, 0x1D, 0xCB,
    0x3D, 0xCB, 0x98, 0xA2, 0x86, 0x20, 0x86, 0x28, 0x83, 0x85, 0x20, 0x02, 0x65, 0x20, 0x65, 0x20,
    0x64, 0x20, 0x85, 0x64, 0x18, 0x01, 0x43, 0x18, 0x43, 0x18, 0x85, 0x43, 0x10, 0x01, 0x42, 0x10,
    0x43, 0x10, 0x87, 0x42, 0x10, 0x03, 0x22, 0x08, 0x0B, 0x49, 0xBD, 0xC2, 0xBD, 0xBA, 0x82, 0xBD,
    0xC2, 0x07, 0xBE, 0xC2, 0xBE, 0xBA, 0xBD, 0xBA, 0xBD, 0xBA, 0xBE, 0xBA, 0x2C, 0x49, 0x21, 0x08,
    0x22, 0x08, 0x88, 0x21, 0x08, 0x85, 0x01, 0x00, 0x8F, 0x00, 0x00, 0x91, 0x00, 0x00, 0x00, 0x01,
    0x08, 0x87, 0x21, 0x08, 0x02, 0x22, 0x08, 0x22, 0x10, 0x22, 0x10, 0x84, 0x42, 0x10, 0x04, 0x43,
    0x18, 0xA6, 0x28, 0xC7, 0x30, 0xC7, 0x30, 0xC7, 0x38, 0x82, 0xE7, 0x38, 0x84, 0xE8, 0x38, 0x83,
    0xE8, 0x40, 0x8A, 0x09, 0x41, 0x07, 0x0A, 0x41, 0x0A, 0x49, 0x2A, 0x49, 0x2A, 0x49, 0x32, 0x82,
    0xFD, 0xDB, 0x1D, 0xDC, 0xFD, 0xDB, 0x86, 0x1D, 0xDC, 0x85, 0xFD, 0xDB, 0x00, 0x53, 0x8A, 0x98,
    0xA7, 0x30, 0x04, 0x75, 0x92, 0x5D, 0xD3, 0x3D, 0xCB, 0x5D, 0xCB, 0x5D, 0xCB, 0x82, 0x3D, 0xCB,
    0x04, 0x1D, 0xCB, 0x3D, 0xCB, 0x98, 0xA2, 0x86, 0x20, 0x86, 0x28, 0x84, 0x85, 0x20, 0x01, 0x65,
    0x20, 0x65, 0x20, 0x85, 0x64, 0x18, 0x02, 0x44, 0x18, 0x43, 0x18, 0x43, 0x18, 0x86, 0x43, 0x10,
    0x86, 0x42, 0x10, 0x06, 0x43, 0x10, 0x22, 0x10, 0x70, 0x61, 0xBD, 0xBA, 0xBD, 0xBA, 0xBD, 0xC2,
    0xBD, 0xC2, 0x83, 0xBE, 0xBA, 0x82, 0xBD, 0xBA, 0x02, 0xA7, 0x28, 0x22, 0x08, 0x22, 0x08, 0x88,
    0x21, 0x08, 0x85, 0x01, 0x00, 0x8E, 0x00, 0x00, 0x90, 0x00, 0x00, 0x01, 0x01, 0x08, 0x01, 0x08,
    0x86, 0x21, 0x08, 0x02, 0x22, 0x08, 0x22, 0x10, 0x22, 0x10, 0x83, 0x42, 0x10, 0x03, 0x09, 0x49,
    0x33, 0x92, 0xF9, 0xC2, 0x5C, 0xD3, 0x83, 0x7D, 0xDB, 0x87, 0x9D, 0xDB, 0x85, 0xBD, 0xDB, 0x87,
    0xDD, 0xDB, 0x92, 0xFD, 0xDB, 0x01, 0xBC, 0xCB, 0xAE, 0x69, 0x99, 0xA7, 0x30, 0x03, 0x76, 0x9A,
    0x5D, 0xCB, 0x3D, 0xCB, 0x5D, 0xCB, 0x83, 0x3D, 0xCB, 0x04, 0x1D, 0xCB, 0x3D, 0xCB, 0x98, 0xA2,
    0x86, 0x28, 0x86, 0x28, 0x84, 0x85, 0x20, 0x01, 0x65, 0x20, 0x65, 0x20, 0x85, 0x64, 0x18, 0x01,
    0x44, 0x18, 0x44, 0x18, 0x82, 0x43, 0x18, 0x85, 0x43, 0x10, 0x85, 0x42, 0x10, 0x04, 0x43, 0x10,
    0x22, 0x10, 0x6F, 0x61, 0xBD, 0xBA, 0xBD, 0xBA, 0x86, 0xBE, 0xBA, 0x05, 0xBD, 0xBA, 0xBE, 0xBA,
    0x59, 0xA2, 0x43, 0x10, 0x22, 0x08, 0x22, 0x08, 0x88, 0x21, 0x08, 0x84, 0x01, 0x00, 0x8E, 0x00,
    0x00, 0x90, 0x00, 0x00, 0x00, 0x01, 0x08, 0x86, 0x21, 0x08, 0x02, 0x22, 0x08, 0x22, 0x10, 0x22,
    0x10, 0x82, 0x42, 0x10, 0x02, 0xA6, 0x28, 0x75, 0x9A, 0x5D, 0xDB, 0x86, 0x7D, 0xDB, 0x87, 0x9D,
    0xDB, 0x85, 0xBD, 0xDB, 0x88, 0xDD, 0xDB, 0x8E, 0xFD, 0xDB, 0x03, 0xDD, 0xDB, 0xFD, 0xDB, 0x39,
    0xBB, 0x2A, 0x49, 0x98, 0xA7, 0x30, 0x03, 0xC7, 0x30, 0xA7, 0x30, 0x76, 0x92, 0x5D, 0xCB, 0x85,
    0x3D, 0xCB, 0x05, 0x1D, 0xCB, 0x1D, 0xCB, 0x78, 0xA2, 0x86, 0x28, 0x86, 0x28, 0x86, 0x20, 0x84,
    0x85, 0x20, 0x01, 0x65, 0x20, 0x65, 0x20, 0x85, 0x64, 0x18, 0x02, 0x44, 0x18, 0x43, 0x18, 0x43,
    0x18, 0x88, 0x43, 0x10, 0x83, 0x42, 0x10, 0x04, 0x43, 0x10, 0x42, 0x10, 0xC8, 0x38, 0xBD, 0xC2,
    0xBD, 0xBA, 0x87, 0xBE, 0xBA, 0x04, 0xBD, 0xBA, 0xBE, 0xBA, 0xB2, 0x71, 0x22, 0x08, 0x22, 0x08,
    0x89, 0x21, 0x08, 0x84, 0x01, 0x00, 0x8D, 0x00, 0x00, 0x8F, 0x00, 0x00, 0x01, 0x01, 0x08, 0x01,
    0x08, 0x85, 0x21, 0x08, 0x02, 0x22, 0x08, 0x22, 0x10, 0x22, 0x10, 0x82, 0x42, 0x10, 0x05, 0xE9,
    0x40, 0x1A, 0xCB, 0x5D, 0xDB, 0x5D, 0xDB, 0x5C, 0xDB, 0x5D, 0xDB, 0x87, 0x7D, 0xDB, 0x85, 0x9D,
    0xDB, 0x85, 0xBD, 0xDB, 0x89, 0xDD, 0xDB, 0x8A, 0xFD, 0xDB, 0x03, 0xDD, 0xDB, 0xFD, 0xDB, 0xDD,
    0xDB, 0xB5, 0x9A, 0x89, 0xA7, 0x30, 0x8A, 0xC7, 0x30, 0x87, 0xA7, 0x30, 0x01, 0x56, 0x92, 0x5D,
    0xCB, 0x85, 0x3D, 0xCB, 0x05, 0x1D, 0xCB, 0x1D, 0xCB, 0x78, 0xA2, 0x86, 0x28, 0xA6, 0x28, 0x86,
    0x28, 0x85, 0x85, 0x20, 0x00, 0x65, 0x20, 0x86, 0x64, 0x18, 0x00, 0x44, 0x18, 0x82, 0x43, 0x18,
    0x88, 0x43, 0x10, 0x82, 0x42, 0x10, 0x04, 0x43, 0x10, 0x43, 0x10, 0x16, 0x92, 0xBE, 0xBA, 0xBD,
    0xBA, 0x86, 0xBE, 0xBA, 0x03, 0xBD, 0xBA, 0xBD, 0xBA, 0xBE, 0xBA, 0xEA, 0x40, 0x82, 0x22, 0x08,
    0x88, 0x21, 0x08, 0x84, 0x01, 0x00, 0x8C, 0x00, 0x00, 0x8F, 0x00, 0x00, 0x00, 0x01, 0x08, 0x85,
    0x21, 0x08, 0x00, 0x22, 0x08, 0x82, 0x22, 0x10, 0x07, 0x42, 0x10, 0x42, 0x10, 0xC7, 0x38, 0x3B,
    0xD3, 0x5D, 0xDB, 0x5C, 0xDB, 0x5D, 0xDB, 0x5D, 0xDB, 0x88, 0x7D, 0xDB, 0x86, 0x9D, 0xDB, 0x85,
    0xBD, 0xDB, 0x02, 0xDD, 0xDB, 0xBD, 0xDB, 0xBD, 0xDB, 0x88, 0xDD, 0xDB, 0x85, 0xFD, 0xDB, 0x04,
    0xDD, 0xDB, 0xDD, 0xD3, 0xDD, 0xDB, 0xDD, 0xD3, 0x11, 0x7A, 0x87, 0xA7, 0x30, 0x84, 0xC7, 0x30,
    0x86, 0xC8, 0x30, 0x84, 0xC7, 0x30, 0x82, 0xA7, 0x30, 0x02, 0xC8, 0x30, 0xA7, 0x30, 0x56, 0x92,
    0x86, 0x3D, 0xCB, 0x06, 0x1D, 0xCB, 0x1D, 0xCB, 0x78, 0xA2, 0x86, 0x28, 0xA6, 0x28, 0x86, 0x28,
    0x86, 0x20, 0x85, 0x85, 0x20, 0x00, 0x65, 0x20, 0x88, 0x64, 0x18, 0x00, 0x43, 0x18, 0x8A, 0x43,
    0x10, 0x06, 0x42, 0x10, 0x43, 0x10, 0x43, 0x10, 0x85, 0x20, 0x7A, 0xAA, 0xBE, 0xBA, 0xBD, 0xBA,
    0x86, 0xBE, 0xBA, 0x03, 0xBD, 0xBA, 0xBD, 0xBA, 0x5A, 0xA2, 0x43, 0x10, 0x82, 0x22, 0x08, 0x87,
    0x21, 0x08, 0x84, 0x01, 0x00, 0x8C, 0x00, 0x00, 0x8E, 0x00, 0x00, 0x01, 0x01, 0x08, 0x01, 0x08,
    0x85, 0x21, 0x08, 0x08, 0x22, 0x08, 0x22, 0x10, 0x22, 0x10, 0x42, 0x10, 0x42, 0x10, 0x43, 0x18,
    0xD9, 0xBA, 0x5D, 0xDB, 0x5C, 0xDB, 0x82, 0x5D, 0xDB, 0x89, 0x7D, 0xDB, 0x86, 0x9D, 0xDB, 0x88,
    0xBD, 0xDB, 0x8F, 0xDD, 0xDB, 0x03, 0x5A, 0xC3, 0x6C, 0x59, 0xA7, 0x30, 0xC7, 0x30, 0x84, 0xA7,
    0x30, 0x82, 0xC7, 0x30, 0x90, 0xC8, 0x30, 0x04, 0xC7, 0x30, 0xA7, 0x30, 0xC8, 0x30, 0xA7, 0x30,
    0x56, 0x92, 0x86, 0x3D, 0xCB, 0x06, 0x1D, 0xCB, 0x1D, 0xCB, 0x78, 0xA2, 0x86, 0x28, 0xA6, 0x28,
    0x86, 0x28, 0x86, 0x20, 0x85, 0x85, 0x20, 0x01, 0x65, 0x20, 0x65, 0x20, 0x87, 0x64, 0x18, 0x03,
    0x63, 0x18, 0x63, 0x18, 0x43, 0x18, 0x43, 0x18, 0x8B, 0x43, 0x10, 0x03, 0xA8, 0x30, 0x9C, 0xB2,
    0xBD, 0xBA, 0xBD, 0xBA, 0x86, 0xBE, 0xBA, 0x06, 0xBD, 0xBA, 0xBE, 0xBA, 0x91, 0x69, 0x22, 0x08,
    0x22, 0x10, 0x22, 0x08, 0x22, 0x08, 0x87, 0x21, 0x08, 0x84, 0x01, 0x00, 0x8B, 0x00, 0x00, 0x8E,
    0x00, 0x00, 0x00, 0x01, 0x08, 0x85, 0x21, 0x08, 0x02, 0x22, 0x08, 0x22, 0x10, 0x22, 0x10, 0x82,
    0x42, 0x10, 0x02, 0xAF, 0x71, 0x5D, 0xDB, 0x5C, 0xDB, 0x84, 0x5D, 0xDB, 0x89, 0x7D, 0xDB, 0x86,
    0x9D, 0xDB, 0x89, 0xBD, 0xDB, 0x8C, 0xDD, 0xDB, 0x03, 0xF7, 0xAA, 0xE9, 0x40, 0xA7, 0x30, 0xC7,
    0x30, 0x83, 0xA7, 0x30, 0x82, 0xC7, 0x30, 0x95, 0xC8, 0x30, 0x01, 0xA7, 0x30, 0x56, 0x92, 0x86,
    0x3D, 0xCB, 0x07, 0x1D, 0xCB, 0x1D, 0xCB, 0x78, 0xA2, 0xA6, 0x28, 0xA6, 0x28, 0x86, 0x28, 0x86,
    0x28, 0x86, 0x20, 0x85, 0x85, 0x20, 0x01, 0x65, 0x20, 0x65, 0x20, 0x87, 0x64, 0x18, 0x00, 0x63,
    0x18, 0x83, 0x43, 0x18, 0x8A, 0x43, 0x10, 0x02, 0x2C, 0x49, 0xBE, 0xBA, 0xBD, 0xBA, 0x87, 0xBE,
    0xBA, 0x02, 0xBD, 0xBA, 0x9D, 0xB2, 0x86, 0x28, 0x82, 0x22, 0x08, 0x88, 0x21, 0x08, 0x83, 0x01,
    0x00, 0x8B, 0x00, 0x00, 0x8D, 0x00, 0x00, 0x01, 0x01, 0x08, 0x01, 0x08, 0x85, 0x21, 0x08, 0x01,
    0x22, 0x10, 0x22, 0x10, 0x82, 0x42, 0x10, 0x01, 0x43, 0x18, 0xFA, 0xC2, 0x88, 0x5D, 0xDB, 0x87,
    0x7D, 0xDB, 0x88, 0x9D, 0xDB, 0x89, 0xBD, 0xDB, 0x88, 0xDD, 0xDB, 0x07, 0xBD, 0xDB, 0x53, 0x8A,
    0xA7, 0x30, 0xA7, 0x30, 0xC7, 0x30, 0xA7, 0x30, 0xC7, 0x30, 0xA7, 0x30, 0x82, 0xC7, 0x30, 0x95,
    0xC8, 0x30, 0x03, 0xA8, 0x30, 0xC8, 0x30, 0xC7, 0x30, 0x56, 0x92, 0x85, 0x3D, 0xCB, 0x82, 0x1D,
    0xCB, 0x02, 0x78, 0xA2, 0xA6, 0x28, 0xA6, 0x28, 0x82, 0x86, 0x28, 0x00, 0x86, 0x20, 0x84, 0x85,
    0x20, 0x82, 0x65, 0x20, 0x87, 0x64, 0x18, 0x84, 0x43, 0x18, 0x8A, 0x43, 0x10, 0x02, 0xB2, 0x71,
    0xBE, 0xBA, 0xBD, 0xBA, 0x86, 0xBE, 0xBA, 0x06, 0xBD, 0xBA, 0xBE, 0xBA, 0xD4, 0x81, 0x22, 0x08,
    0x22, 0x10, 0x22, 0x08, 0x22, 0x08, 0x87, 0x21, 0x08, 0x84, 0x01, 0x00, 0x8A, 0x00, 0x00, 0x8D,
    0x00, 0x00, 0x00, 0x01, 0x08, 0x86, 0x21, 0x08, 0x01, 0x22, 0x10, 0x22, 0x10, 0x82, 0x42, 0x10,
    0x02, 0x09, 0x49, 0x3D, 0xDB, 0x3D, 0xDB, 0x87, 0x5D, 0xDB, 0x88, 0x7D, 0xDB, 0x88, 0x9D, 0xDB,
    0x8B, 0xBD, 0xDB, 0x00, 0xDD, 0xDB, 0x84, 0xBD, 0xDB, 0x04, 0xCF, 0x69, 0xA7, 0x30, 0xC7, 0x30,
    0xA7, 0x30, 0xA7, 0x30, 0x82, 0xC7, 0x30, 0x90, 0xC8, 0x30, 0x82, 0xC8, 0x38, 0x86, 0xC8, 0x30,
    0x01, 0xA8, 0x30, 0x56, 0x92, 0x85, 0x3D, 0xCB, 0x05, 0x1D, 0xCB, 0x1D, 0xC3, 0x1D, 0xCB, 0x78,
    0xA2, 0xA6, 0x28, 0xA6, 0x28, 0x82, 0x86, 0x28, 0x00, 0x86, 0x20, 0x85, 0x85, 0x20, 0x02, 0x65,
    0x20, 0x65, 0x20, 0x64, 0x20, 0x87, 0x64, 0x18, 0x00, 0x44, 0x18, 0x82, 0x43, 0x18, 0x8A, 0x43,
    0x10, 0x03, 0x44, 0x18, 0x59, 0x9A, 0xBE, 0xBA, 0xBD, 0xBA, 0x86, 0xBE, 0xBA, 0x06, 0xBD, 0xBA,
    0xBD, 0xBA, 0xA7, 0x30, 0x22, 0x08, 0x22, 0x10, 0x22, 0x08, 0x22, 0x08, 0x87, 0x21, 0x08, 0x83,
    0x01, 0x00, 0x8A, 0x00, 0x00, 0x8D, 0x00, 0x00, 0x00, 0x01, 0x08, 0x85, 0x21, 0x08, 0x08, 0x22,
    0x10, 0x22, 0x10, 0x42, 0x10, 0x42, 0x10, 0x43, 0x10, 0x42, 0x10, 0xAF, 0x71, 0x3D, 0xDB, 0x3C,
    0xDB, 0x8B, 0x5D, 0xDB, 0x88, 0x7D, 0xDB, 0x89, 0x9D, 0xDB, 0x8B, 0xBD, 0xDB, 0x04, 0xBD, 0xD3,
    0xE9, 0x40, 0xC7, 0x30, 0xC7, 0x30, 0xA7, 0x30, 0x82, 0xC7, 0x30, 0x86, 0xC8, 0x30, 0x03, 0xC8,
    0x38, 0xC8, 0x38, 0xC8, 0x30, 0xC8, 0x30, 0x88, 0xC8, 0x38, 0x00, 0xC8, 0x30, 0x82, 0xC8, 0x38,
    0x82, 0xC8, 0x30, 0x02, 0xC8, 0x38, 0xC8, 0x30, 0x56, 0x92, 0x84, 0x3D, 0xCB, 0x06, 0x1D, 0xCB,
    0x1D, 0xCB, 0x1D, 0xC3, 0x1D, 0xCB, 0x78, 0xA2, 0xA6, 0x28, 0xA6, 0x28, 0x83, 0x86, 0x28, 0x00,
    0x86, 0x20, 0x84, 0x85, 0x20, 0x82, 0x65, 0x20, 0x00, 0x64, 0x20, 0x86, 0x64, 0x18, 0x02, 0x44,
    0x18, 0x44, 0x18, 0x64, 0x18, 0x82, 0x43, 0x18, 0x02, 0x43, 0x10, 0x43, 0x10, 0x43, 0x18, 0x86,
    0x43, 0x10, 0x02, 0xC9, 0x38, 0xBD, 0xBA, 0xBD, 0xBA, 0x86, 0xBE, 0xBA, 0x02, 0xBD, 0xBA, 0xBE,
    0xBA, 0xF5, 0x81, 0x84, 0x22, 0x08, 0x86, 0x21, 0x08, 0x84, 0x01, 0x00, 0x89, 0x00, 0x00, 0x8C,
    0x00, 0x00, 0x01, 0x01, 0x08, 0x01, 0x08, 0x85, 0x21, 0x08, 0x0A, 0x22, 0x10, 0x22, 0x10, 0x42,
    0x10, 0x42, 0x10, 0x43, 0x10, 0x42, 0x10, 0x12, 0x8A, 0x3D, 0xDB, 0x3C, 0xDB, 0x3D, 0xDB, 0x3D,
    0xDB, 0x87, 0x5D, 0xDB, 0x8A, 0x7D, 0xDB, 0x87, 0x9D, 0xDB, 0x8B, 0xBD, 0xDB, 0x04, 0xBD, 0xD3,
    0xBD, 0xDB, 0x9D, 0xD3, 0x0A, 0x49, 0xA7, 0x30, 0x82, 0xC7, 0x30, 0x85, 0xC8, 0x30, 0x03, 0xC8,
    0x38, 0xC8, 0x30, 0xC8, 0x38, 0xC8, 0x30, 0x90, 0xC8, 0x38, 0x04, 0xC8, 0x30, 0xC8, 0x30, 0xC8,
    0x38, 0xC8, 0x30, 0x56, 0x92, 0x83, 0x3D, 0xCB, 0x82, 0x1D, 0xCB, 0x04, 0x1D, 0xC3, 0x1D, 0xCB,
    0x78, 0xA2, 0xA7, 0x28, 0xA7, 0x28, 0x83, 0x86, 0x28, 0x00, 0x86, 0x20, 0x85, 0x85, 0x20, 0x01,
    0x65, 0x20, 0x65, 0x20, 0x8A, 0x64, 0x18, 0x85, 0x43, 0x18, 0x85, 0x43, 0x10, 0x04, 0x43, 0x18,
    0x43, 0x10, 0xB2, 0x71, 0xBE, 0xBA, 0xBD, 0xBA, 0x87, 0xBE, 0xBA, 0x01, 0x9D, 0xB2, 0xA7, 0x28,
    0x83, 0x22, 0x08, 0x87, 0x21, 0x08, 0x83, 0x01, 0x00, 0x89, 0x00, 0x00, 0x8C, 0x00, 0x00, 0x00,
    0x01, 0x08, 0x86, 0x21, 0x08, 0x00, 0x22, 0x10, 0x82, 0x42, 0x10, 0x06, 0x43, 0x10, 0x42, 0x10,
    0x33, 0x92, 0x3D, 0xDB, 0x3C, 0xDB, 0x3D, 0xDB, 0x3D, 0xDB, 0x84, 0x5D, 0xDB, 0x01, 0xF9, 0xC2,
    0x8E, 0x69, 0x85, 0xAF, 0x71, 0x02, 0xCF, 0x71, 0xAF, 0x71, 0xCF, 0x71, 0x86, 0xD0, 0x71, 0x00,
    0xF0, 0x71, 0x84, 0xF0, 0x79, 0x04, 0xF1, 0x79, 0xD0, 0x71, 0x95, 0x9A, 0x9D, 0xDB, 0x9D, 0xD3,
    0x82, 0xBD, 0xDB, 0x83, 0xBD, 0xD3, 0x02, 0x9D, 0xD3, 0x0A, 0x41, 0xA7, 0x30, 0x87, 0xC8, 0x30,
    0x82, 0xC8, 0x38, 0x00, 0xC8, 0x30, 0x94, 0xC8, 0x38, 0x01, 0xC8, 0x30, 0x56, 0x92, 0x83, 0x3D,
    0xCB, 0x82, 0x1D, 0xCB, 0x04, 0x1D, 0xC3, 0x1D, 0xCB, 0x78, 0xA2, 0xA7, 0x28, 0xA7, 0x28, 0x84,
    0x86, 0x28, 0x00, 0x86, 0x20, 0x84, 0x85, 0x20, 0x82, 0x65, 0x20, 0x02, 0x64, 0x18, 0x65, 0x20,
    0x65, 0x20, 0x87, 0x64, 0x18, 0x00, 0x44, 0x18, 0x84, 0x43, 0x18, 0x86, 0x43, 0x10, 0x01, 0x65,
    0x20, 0x7B, 0xAA, 0x87, 0xBE, 0xBA, 0x04, 0xBD, 0xB2, 0xBE, 0xBA, 0xB2, 0x71, 0x22, 0x08, 0x22,
    0x10, 0x82, 0x22, 0x08, 0x86, 0x21, 0x08, 0x84, 0x01, 0x00, 0x88, 0x00, 0x00, 0x8C, 0x00, 0x00,
    0x00, 0x01, 0x08, 0x86, 0x21, 0x08, 0x00, 0x22, 0x10, 0x82, 0x42, 0x10, 0x04, 0x43, 0x10, 0x42,
    0x10, 0x33, 0x92, 0x3D, 0xDB, 0x3C, 0xDB, 0x82, 0x3D, 0xDB, 0x83, 0x5D, 0xDB, 0x03, 0xB8, 0xB2,
    0xC7, 0x38, 0xE8, 0x40, 0xE8, 0x40, 0x83, 0xE9, 0x40, 0x83, 0x09, 0x41, 0x85, 0x0A, 0x49, 0x85,
    0x2A, 0x49, 0x05, 0x2B, 0x51, 0x09, 0x41, 0xF1, 0x79, 0x9D, 0xDB, 0x9D, 0xD3, 0x9D, 0xDB, 0x84,
    0x9D, 0xD3, 0x03, 0xBD, 0xD3, 0x9D, 0xD3, 0x0A, 0x41, 0xA7, 0x30, 0x85, 0xC8, 0x30, 0x9A, 0xC8,
    0x38, 0x04, 0xC8, 0x30, 0x56, 0x92, 0x3D, 0xCB, 0x1D, 0xCB, 0x3D, 0xCB, 0x83, 0x1D, 0xCB, 0x04,
    0x1D, 0xC3, 0x1D, 0xC3, 0x78, 0xA2, 0xA7, 0x28, 0xA7, 0x28, 0x84, 0x86, 0x28, 0x00, 0x86, 0x20,
    0x84, 0x85, 0x20, 0x83, 0x65, 0x20, 0x89, 0x64, 0x18, 0x82, 0x44, 0x18, 0x84, 0x43, 0x18, 0x83,
    0x43, 0x10, 0x04, 0x43, 0x18, 0x43, 0x10, 0x4E, 0x59, 0xBE, 0xBA, 0xBD, 0xBA, 0x85, 0xBE, 0xBA,
    0x03, 0xBE, 0xB2, 0xBE, 0xB2, 0x7C, 0xAA, 0x64, 0x18, 0x84, 0x22, 0x08, 0x86, 0x21, 0x08, 0x83,
    0x01, 0x00, 0x88, 0x00, 0x00, 0x8B, 0x00, 0x00, 0x01, 0x01, 0x08, 0x01, 0x08, 0x85, 0x21, 0x08,
    0x00, 0x22, 0x08, 0x83, 0x42, 0x10, 0x04, 0x43, 0x10, 0x42, 0x10, 0x33, 0x92, 0x3D, 0xDB, 0x3C,
    0xDB, 0x83, 0x3D, 0xDB, 0x82, 0x5D, 0xDB, 0x01, 0xB8, 0xB2, 0xE9, 0x40, 0x84, 0x0A, 0x49, 0x02,
    0x2A, 0x49, 0x2A, 0x51, 0x2A, 0x51, 0x83, 0x2B, 0x51, 0x84, 0x4B, 0x51, 0x84, 0x4C, 0x51, 0x02,
    0x4C, 0x59, 0x2B, 0x51, 0x12, 0x82, 0x89, 0x9D, 0xD3, 0x00, 0x0A, 0x41, 0x85, 0xC8, 0x30, 0x8A,
    0xC8, 0x38, 0x88, 0xC9, 0x38, 0x87, 0xC8, 0x38, 0x02, 0xC8, 0x30, 0x56, 0x92, 0x3D, 0xCB, 0x84,
    0x1D, 0xCB, 0x82, 0x1D, 0xC3, 0x03, 0x78, 0xA2, 0xA7, 0x28, 0xA7, 0x28, 0xA6, 0x28, 0x84, 0x86,
    0x28, 0x00, 0x86, 0x20, 0x84, 0x85, 0x20, 0x83, 0x65, 0x20, 0x05, 0x6F, 0x59, 0x16, 0x92, 0x58,
    0xA2, 0x37, 0x92, 0x6F, 0x61, 0x85, 0x20, 0x82, 0x64, 0x18, 0x82, 0x44, 0x18, 0x01, 0x64, 0x18,
    0x64, 0x18, 0x84, 0x43, 0x18, 0x07, 0x43, 0x10, 0x43, 0x10, 0x43, 0x18, 0x43, 0x18, 0x64, 0x18,
    0x7A, 0xA2, 0xBE, 0xBA, 0xBD, 0xBA, 0x85, 0xBE, 0xBA, 0x04, 0xBD, 0xB2, 0xBE, 0xB2, 0x2D, 0x51,
    0x22, 0x08, 0x22, 0x10, 0x82, 0x22, 0x08, 0x86, 0x21, 0x08, 0x83, 0x01, 0x00, 0x88, 0x00, 0x00,
    0x8B, 0x00, 0x00, 0x00, 0x01, 0x08, 0x86, 0x21, 0x08, 0x00, 0x22, 0x10, 0x83, 0x42, 0x10, 0x04,
    0x43, 0x18, 0x43, 0x10, 0x33, 0x92, 0x3D, 0xDB, 0x3C, 0xDB, 0x83, 0x3D, 0xDB, 0x04, 0x5D, 0xDB,
    0x3D, 0xDB, 0x5D, 0xDB, 0xB8, 0xB2, 0xE8, 0x40, 0x85, 0x0A, 0x49, 0x83, 0x2A, 0x49, 0x85, 0x2B,
    0x51, 0x84, 0x4B, 0x51, 0x03, 0x4C, 0x51, 0x4C, 0x59, 0x2A, 0x49, 0x12, 0x82, 0x89, 0x9D, 0xD3,
    0x01, 0x0A, 0x41, 0xC7, 0x30, 0x84, 0xC8, 0x30, 0x88, 0xC8, 0x38, 0x85, 0xC9, 0x38, 0x00, 0xE9,
    0x38, 0x86, 0xC9, 0x38, 0x83, 0xC8, 0x38, 0x04, 0xC9, 0x38, 0xC8, 0x30, 0x56, 0x92, 0x1D, 0xCB,
    0x1D, 0xC3, 0x82, 0x1D, 0xCB, 0x83, 0x1D, 0xC3, 0x04, 0x78, 0xA2, 0xA7, 0x28, 0xA7, 0x30, 0xA7,
    0x28, 0xA6, 0x28, 0x84, 0x86, 0x28, 0x85, 0x85, 0x20, 0x04, 0x65, 0x20, 0xA7, 0x30, 0x58, 0x9A,
    0xDE, 0xC2, 0xDE, 0xC2, 0x82, 0xDE, 0xBA, 0x01, 0x79, 0xA2, 0xC8, 0x30, 0x86, 0x64, 0x18, 0x00,
    0x44, 0x18, 0x83, 0x43, 0x18, 0x82, 0x43, 0x10, 0x04, 0x44, 0x18, 0x43, 0x10, 0x4F, 0x59, 0xBE,
    0xBA, 0xBD, 0xB2, 0x84, 0xBE, 0xBA, 0x05, 0xBE, 0xB2, 0xBD, 0xB2, 0xBE, 0xB2, 0x17, 0x8A, 0x22,
    0x08, 0x22, 0x10, 0x83, 0x22, 0x08, 0x85, 0x21, 0x08, 0x84, 0x01, 0x00, 0x87, 0x00, 0x00, 0x8B,
    0x00, 0x00, 0x00, 0x01, 0x08, 0x85, 0x21, 0x08, 0x01, 0x22, 0x08, 0x22, 0x10, 0x83, 0x42, 0x10,
    0x04, 0x43, 0x18, 0x43, 0x10, 0x13, 0x92, 0x3D, 0xDB, 0x3C, 0xD3, 0x85, 0x3D, 0xDB, 0x02, 0x5D,
    0xDB, 0xB8, 0xB2, 0xE8, 0x40, 0x85, 0x0A, 0x49, 0x82, 0x2A, 0x49, 0x88, 0x2B, 0x51, 0x01, 0x4B,
    0x51, 0x4B, 0x51, 0x82, 0x4C, 0x51, 0x03, 0x0A, 0x49, 0x12, 0x82, 0x9D, 0xD3, 0x7D, 0xD3, 0x86,
    0x9D, 0xD3, 0x01, 0x7D, 0xD3, 0x0A, 0x41, 0x84, 0xC8, 0x30, 0x88, 0xC8, 0x38, 0x82, 0xC9, 0x38,
    0x88, 0xE9, 0x38, 0x83, 0xC9, 0x38, 0x82, 0xC8, 0x38, 0x05, 0xC9, 0x38, 0xC8, 0x38, 0x56, 0x92,
    0x1D, 0xCB, 0x1D, 0xC3, 0x1D, 0xCB, 0x83, 0x1D, 0xC3, 0x07, 0xFD, 0xC2, 0x1E, 0xC3, 0x78, 0xA2,
    0xA7, 0x28, 0xA7, 0x30, 0xA7, 0x28, 0xA6, 0x28, 0xA6, 0x28, 0x83, 0x86, 0x28, 0x00, 0x86, 0x20,
    0x85, 0x85, 0x20, 0x03, 0x37, 0x92, 0xDE, 0xC2, 0xBD, 0xBA, 0xDD, 0xBA, 0x82, 0xBD, 0xBA, 0x02,
    0xBE, 0xBA, 0x7A, 0xA2, 0x86, 0x28, 0x85, 0x64, 0x18, 0x04, 0x44, 0x18, 0x43, 0x18, 0x44, 0x18,
    0x43, 0x18, 0x43, 0x18, 0x82, 0x43, 0x10, 0x05, 0x43, 0x18, 0x43, 0x10, 0x65, 0x20, 0x7B, 0xAA,
    0xBE, 0xBA, 0xBD, 0xB2, 0x82, 0xBE, 0xBA, 0x83, 0xBE, 0xB2, 0x01, 0x9D, 0xB2, 0x86, 0x28, 0x84,
    0x22, 0x08, 0x86, 0x21, 0x08, 0x83, 0x01, 0x00, 0x87, 0x00, 0x00, 0x8B, 0x00, 0x00, 0x00, 0x01,
    0x08, 0x85, 0x21, 0x08, 0x01, 0x22, 0x08, 0x22, 0x10, 0x83, 0x42, 0x10, 0x04, 0x43, 0x18, 0x43,
    0x10, 0x13, 0x92, 0x3D, 0xDB, 0x3C, 0xD3, 0x85, 0x3D, 0xDB, 0x02, 0x5D, 0xDB, 0xB8, 0xB2, 0xE8,
    0x40, 0x84, 0x0A, 0x49, 0x82, 0x2A, 0x49, 0x00, 0x2B, 0x49, 0x88, 0x2B, 0x51, 0x01, 0x4B, 0x51,
    0x4B, 0x51, 0x82, 0x4C, 0x51, 0x03, 0x0B, 0x49, 0x12, 0x82, 0x9D, 0xD3, 0x7D, 0xD3, 0x86, 0x9D,
    0xD3, 0x01, 0x7D, 0xD3, 0x0A, 0x41, 0x83, 0xC8, 0x30, 0x88, 0xC8, 0x38, 0x01, 0xC9, 0x38, 0xC9,
    0x38, 0x8C, 0xE9, 0x38, 0x82, 0xC9, 0x38, 0x05, 0xC8, 0x38, 0xC8, 0x38, 0xC9, 0x38, 0xC8, 0x38,
    0x56, 0x92, 0x1D, 0xCB, 0x84, 0x1D, 0xC3, 0x06, 0x1E, 0xC3, 0xFD, 0xC2, 0x1E, 0xC3, 0x78, 0xA2,
    0xA7, 0x28, 0xA7, 0x30, 0xA7, 0x28, 0x82, 0xA6, 0x28, 0x83, 0x86, 0x28, 0x00, 0x86, 0x20, 0x83,
    0x85, 0x20, 0x02, 0x2C, 0x51, 0xDE, 0xC2, 0xDD, 0xBA, 0x83, 0xDE, 0xBA, 0x03, 0xBE, 0xBA, 0xBD,
    0xBA, 0xBE, 0xBA, 0x16, 0x8A, 0x85, 0x64, 0x18, 0x82, 0x44, 0x18, 0x01, 0x43, 0x18, 0x43, 0x18,
    0x83, 0x43, 0x10, 0x05, 0x43, 0x18, 0x43, 0x10, 0xB2, 0x71, 0xBE, 0xBA, 0xBD, 0xB2, 0xBE, 0xBA,
    0x84, 0xBE, 0xB2, 0x04, 0xBD, 0xB2, 0xBE, 0xB2, 0x4E, 0x59, 0x22, 0x08, 0x42, 0x10, 0x82, 0x22,
    0x08, 0x86, 0x21, 0x08, 0x83, 0x01, 0x00, 0x87, 0x00, 0x00, 0x8A, 0x00, 0x00, 0x01, 0x01, 0x08,
    0x01, 0x08, 0x85, 0x21, 0x08, 0x01, 0x22, 0x08, 0x22, 0x10, 0x83, 0x42, 0x10, 0x04, 0x43, 0x18,
    0x43, 0x10, 0x13, 0x92, 0x3D, 0xDB, 0x3C, 0xD3, 0x84, 0x3D, 0xDB, 0x03, 0x3D, 0xD3, 0x3D, 0xDB,
    0xB8, 0xB2, 0xE8, 0x40, 0x84, 0x0A, 0x49, 0x82, 0x2A, 0x49, 0x00, 0x2B, 0x49, 0x88, 0x2B, 0x51,
    0x01, 0x4B, 0x51, 0x4B, 0x51, 0x82, 0x4C, 0x51, 0x01, 0x0B, 0x49, 0x12, 0x82, 0x84, 0x7D, 0xD3,
    0x01, 0x9D, 0xD3, 0x9D, 0xD3, 0x82, 0x7D, 0xD3, 0x04, 0x0A, 0x41, 0xC8, 0x30, 0xC8, 0x30, 0xC8,
    0x38, 0xC8, 0x30, 0x87, 0xC8, 0x38, 0x04, 0xC9, 0x38, 0xC9, 0x38, 0xE9, 0x38, 0xE9, 0x38, 0xC9,
    0x38, 0x82, 0xE9, 0x38, 0x82, 0xE9, 0x40, 0x85, 0xE9, 0x38, 0x82, 0xC9, 0x38, 0x04, 0xC8, 0x38,
    0xC9, 0x38, 0xC8, 0x38, 0x56, 0x92, 0x1D, 0xCB, 0x82, 0x1D, 0xC3, 0x82, 0x1E, 0xC3, 0x05, 0xFD,
    0xC2, 0xFE, 0xC2, 0x78, 0xA2, 0xA7, 0x28, 0xA7, 0x30, 0xA7, 0x28, 0x82, 0xA6, 0x28, 0x83, 0x86,
    0x28, 0x09, 0x86, 0x20, 0x85, 0x20, 0x85, 0x20, 0x86, 0x20, 0x85, 0x20, 0xD3, 0x79, 0xDD, 0xBA,
    0xDD, 0xBA, 0xDE, 0xBA, 0xDE, 0xBA, 0x83, 0xBE, 0xBA, 0x02, 0xBD, 0xBA, 0xBE, 0xBA, 0x6F, 0x61,
    0x84, 0x64, 0x18, 0x01, 0x44, 0x18, 0x44, 0x18, 0x82, 0x64, 0x18, 0x07, 0x44, 0x18, 0x44, 0x18,
    0x43, 0x18, 0x43, 0x18, 0x64, 0x18, 0x43, 0x18, 0xC8, 0x30, 0xBD, 0xB2, 0x86, 0xBE, 0xB2, 0x04,
    0xBD, 0xB2, 0xBE, 0xB2, 0x16, 0x8A, 0x22, 0x10, 0x42, 0x08, 0x83, 0x22, 0x08, 0x85, 0x21, 0x08,
    0x84, 0x01, 0x00, 0x86, 0x00, 0x00, 0x8A, 0x00, 0x00, 0x00, 0x01, 0x08, 0x86, 0x21, 0x08, 0x01,
    0x22, 0x08, 0x22, 0x10, 0x83, 0x42, 0x10, 0x04, 0x43, 0x18, 0x43, 0x10, 0x13, 0x92, 0x3D, 0xDB,
    0x3D, 0xD3, 0x84, 0x3D, 0xDB, 0x03, 0x3D, 0xD3, 0x3D, 0xDB, 0xB8, 0xB2, 0xE8, 0x40, 0x84, 0x0A,
    0x49, 0x05, 0x2A, 0x49, 0x2A, 0x49, 0x2B, 0x49, 0x2B, 0x49, 0x2B, 0x51, 0x2B, 0x49, 0x86, 0x2B,
    0x51, 0x01, 0x4B, 0x51, 0x4B, 0x51, 0x82, 0x4C, 0x51, 0x01, 0x0B, 0x49, 0x12, 0x82, 0x88, 0x7D,
    0xD3, 0x05, 0x7D, 0xCB, 0x0A, 0x41, 0xC8, 0x30, 0xC8, 0x38, 0xC8, 0x30, 0xC8, 0x30, 0x86, 0xC8,
    0x38, 0x06, 0xC9, 0x38, 0xC9, 0x38, 0xE9, 0x38, 0xE9, 0x38, 0xC9, 0x38, 0xE9, 0x38, 0xE9, 0x38,
    0x86, 0xE9, 0x40, 0x84, 0xE9, 0x38, 0x83, 0xC9, 0x38, 0x01, 0xC8, 0x38, 0x56, 0x92, 0x82, 0x1D,
    0xC3, 0x83, 0x1E, 0xC3, 0x08, 0xFD, 0xC2, 0xFE, 0xC2, 0x78, 0xA2, 0xA7, 0x28, 0xA7, 0x30, 0xA7,
    0x28, 0xA7, 0x28, 0xA6, 0x28, 0xA6, 0x28, 0x83, 0x86, 0x28, 0x08, 0x86, 0x20, 0x85, 0x20, 0x85,
    0x20, 0x86, 0x20, 0x85, 0x20, 0xF5, 0x81, 0xDD, 0xBA, 0xDD, 0xBA, 0xDE, 0xBA, 0x84, 0xBE, 0xBA,
    0x03, 0xBD, 0xBA, 0xBD, 0xBA, 0x9C, 0xB2, 0xA7, 0x30, 0x88, 0x64, 0x18, 0x09, 0x44, 0x18, 0x44,
    0x18, 0x43, 0x18, 0x43, 0x18, 0x43, 0x10, 0x43, 0x18, 0x43, 0x10, 0x38, 0x92, 0xBE, 0xB2, 0xBD,
    0xB2, 0x86, 0xBE, 0xB2, 0x01, 0x7C, 0xAA, 0x65, 0x18, 0x84, 0x22, 0x08, 0x86, 0x21, 0x08, 0x83,
    0x01, 0x00, 0x86, 0x00, 0x00, 0x8A, 0x00, 0x00, 0x00, 0x01, 0x08, 0x85, 0x21, 0x08, 0x02, 0x22,
    0x08, 0x22, 0x08, 0x22, 0x10, 0x83, 0x42, 0x10, 0x04, 0x43, 0x18, 0x43, 0x10, 0x13, 0x92, 0x3D,
    0xDB, 0x1D, 0xD3, 0x84, 0x3D, 0xDB, 0x03, 0x3D, 0xD3, 0x3D, 0xD3, 0xB8, 0xB2, 0xE9, 0x40, 0x84,
    0x0A, 0x49, 0x00, 0x2A, 0x49, 0x83, 0x2B, 0x49, 0x87, 0x2B, 0x51, 0x01, 0x4B, 0x51, 0x4B, 0x51,
    0x82, 0x4C, 0x51, 0x01, 0x0B, 0x49, 0xF2, 0x79, 0x88, 0x7D, 0xD3, 0x05, 0x5D, 0xCB, 0x0A, 0x41,
    0xC8, 0x30, 0xC8, 0x38, 0xC8, 0x30, 0xC8, 0x30, 0x86, 0xC8, 0x38, 0x01, 0xC9, 0x38, 0xC9, 0x38,
    0x83, 0xE9, 0x38, 0x82, 0xE9, 0x40, 0x82, 0xEA, 0x40, 0x01, 0xE9, 0x40, 0xE9, 0x40, 0x82, 0xE9,
    0x38, 0x01, 0xC9, 0x38, 0xE9, 0x38, 0x83, 0xC9, 0x38, 0x03, 0xC8, 0x38, 0x56, 0x92, 0x1D, 0xC3,
    0x1D, 0xC3, 0x83, 0x1E, 0xC3, 0x07, 0xFE, 0xC2, 0xFD, 0xC2, 0xFE, 0xC2, 0x58, 0x9A, 0xA7, 0x30,
    0xA7, 0x30, 0xA7, 0x28, 0xA7, 0x28, 0x82, 0xA6, 0x28, 0x82, 0x86, 0x28, 0x07, 0x86, 0x20, 0x86,
    0x20, 0x85, 0x20, 0x86, 0x20, 0x85, 0x20, 0xB1, 0x71, 0xDE, 0xBA, 0xBD, 0xBA, 0x86, 0xBE, 0xBA,
    0x02, 0xBD, 0xBA, 0xBE, 0xBA, 0xF5, 0x81, 0x88, 0x64, 0x18, 0x83, 0x44, 0x18, 0x05, 0x43, 0x10,
    0x64, 0x18, 0x43, 0x10, 0x70, 0x61, 0xBE, 0xB2, 0xBD, 0xB2, 0x85, 0xBE, 0xB2, 0x04, 0x9E, 0xB2,
    0xBE, 0xB2, 0xEA, 0x40, 0x22, 0x08, 0x42, 0x10, 0x82, 0x22, 0x08, 0x86, 0x21, 0x08, 0x83, 0x01,
    0x00, 0x86, 0x00, 0x00, 0x8A, 0x00, 0x00, 0x00, 0x01, 0x08, 0x85, 0x21, 0x08, 0x02, 0x22, 0x08,
    0x22, 0x08, 0x22, 0x10, 0x82, 0x42, 0x10, 0x05, 0x43, 0x10, 0x43, 0x18, 0x43, 0x18, 0x13, 0x92,
    0x1D, 0xDB, 0x1D, 0xD3, 0x82, 0x3D, 0xDB, 0x83, 0x3D, 0xD3, 0x01, 0xB8, 0xB2, 0xE9, 0x40, 0x84,
    0x0A, 0x49, 0x01, 0x2A, 0x49, 0x2A, 0x49, 0x82, 0x2B, 0x49, 0x87, 0x2B, 0x51, 0x01, 0x4B, 0x51,
    0x4B, 0x51, 0x82, 0x4C, 0x51, 0x03, 0x0B, 0x49, 0xF2, 0x79, 0x7D, 0xD3, 0x5D, 0xD3, 0x86, 0x7D,
    0xD3, 0x05, 0x5D, 0xCB, 0x0A, 0x41, 0xC8, 0x30, 0xC8, 0x38, 0xC8, 0x30, 0xC8, 0x30, 0x85, 0xC8,
    0x38, 0x01, 0xC9, 0x38, 0xC9, 0x38, 0x84, 0xE9, 0x38, 0x00, 0xE9, 0x40, 0x86, 0xEA, 0x40, 0x00,
    0xE9, 0x40, 0x84, 0xE9, 0x38, 0x82, 0xC9, 0x38, 0x03, 0xC8, 0x38, 0x56, 0x92, 0x1E, 0xC3, 0x1D,
    0xC3, 0x82, 0x1E, 0xC3, 0x06, 0xFE, 0xC2, 0xFE, 0xC2, 0xFD, 0xC2, 0xFE, 0xC2, 0x58, 0x9A, 0xA7,
    0x30, 0xA7, 0x30, 0x82, 0xA7, 0x28, 0x01, 0xA6, 0x28, 0xA6, 0x28, 0x82, 0x86, 0x28, 0x08, 0x86,
    0x20, 0x86, 0x20, 0x85, 0x20, 0x86, 0x20, 0x85, 0x20, 0xE9, 0x38, 0xDE, 0xBA, 0xBD, 0xBA, 0xBD,
    0xBA, 0x86, 0xBE, 0xBA, 0x02, 0xBD, 0xBA, 0xBD, 0xBA, 0xC9, 0x38, 0x87, 0x64, 0x18, 0x83, 0x44,
    0x18, 0x03, 0x43, 0x18, 0x64, 0x18, 0x43, 0x10, 0xC9, 0x38, 0x87, 0xBE, 0xB2, 0x04, 0x9D, 0xB2,
    0xBE, 0xB2, 0x71, 0x61, 0x22, 0x08, 0x42, 0x10, 0x83, 0x22, 0x08, 0x85, 0x21, 0x08, 0x83, 0x01,
    0x00, 0x86, 0x00, 0x00, 0x8A, 0x00, 0x00, 0x00, 0x01, 0x08, 0x85, 0x21, 0x08, 0x01, 0x22, 0x08,
    0x22, 0x10, 0x83, 0x42, 0x10, 0x07, 0x43, 0x10, 0x43, 0x18, 0x43, 0x18, 0x13, 0x92, 0x1D, 0xDB,
    0x1D, 0xD3, 0x1D, 0xDB, 0x1D, 0xD3, 0x82, 0x3D, 0xD3, 0x03, 0x1D, 0xD3, 0x3D, 0xD3, 0xB8, 0xB2,
    0xE9, 0x40, 0x84, 0x0A, 0x49, 0x83, 0x2A, 0x49, 0x00, 0x2B, 0x49, 0x89, 0x2B, 0x51, 0x05, 0x2C,
    0x51, 0x4C, 0x51, 0x4C, 0x51, 0x0A, 0x49, 0xF2, 0x79, 0x7D, 0xD3, 0x87, 0x5D, 0xD3, 0x01, 0x5D,
    0xCB, 0x0A, 0x41, 0x83, 0xC8, 0x30, 0x85, 0xC8, 0x38, 0x03, 0xC9, 0x38, 0xC9, 0x38, 0xE9, 0x38,
    0xC9, 0x38, 0x82, 0xE9, 0x38, 0x88, 0xEA, 0x40, 0x04, 0xE9, 0x38, 0xE9, 0x40, 0xE9, 0x38, 0xC9,
    0x38, 0xE9, 0x38, 0x82, 0xC9, 0x38, 0x05, 0xC8, 0x38, 0x36, 0x92, 0x1E, 0xC3, 0x1D, 0xC3, 0x1E,
    0xC3, 0x1E, 0xC3, 0x82, 0xFE, 0xC2, 0x04, 0xFD, 0xC2, 0xFE, 0xC2, 0x58, 0x9A, 0xA7, 0x30, 0xA7,
    0x30, 0x82, 0xA7, 0x28, 0x01, 0xA6, 0x28, 0xA6, 0x28, 0x82, 0x86, 0x28, 0x01, 0x86, 0x20, 0x86,
    0x20, 0x83, 0x85, 0x20, 0x02, 0xB2, 0x79, 0xBE, 0xBA, 0xBD, 0xBA, 0x86, 0xBE, 0xBA, 0x02, 0xBD,
    0xBA, 0xBE, 0xBA, 0xF5, 0x81, 0x88, 0x64, 0x18, 0x82, 0x44, 0x18, 0x04, 0x43, 0x18, 0x44, 0x18,
    0x43, 0x18, 0x64, 0x18, 0x5A, 0xA2, 0x86, 0xBE, 0xB2, 0x04, 0x9D, 0xB2, 0xBE, 0xB2, 0xF6, 0x81,
    0x22, 0x08, 0x42, 0x08, 0x83, 0x22, 0x08, 0x85, 0x21, 0x08, 0x84, 0x01, 0x00, 0x85, 0x00, 0x00,
    0x8A, 0x00, 0x00, 0x00, 0x01, 0x08, 0x85, 0x21, 0x08, 0x01, 0x22, 0x08, 0x22, 0x10, 0x83, 0x42,
    0x10, 0x03, 0x43, 0x10, 0x43, 0x18, 0x43, 0x18, 0x13, 0x92, 0x84, 0x1D, 0xD3, 0x05, 0x3D, 0xD3,
    0x3D, 0xD3, 0x1D, 0xD3, 0x3D, 0xD3, 0xB8, 0xB2, 0xE9, 0x40, 0x84, 0x0A, 0x49, 0x82, 0x2A, 0x49,
    0x82, 0x2B, 0x49, 0x88, 0x2B, 0x51, 0x04, 0x2C, 0x51, 0x2C, 0x51, 0x4C, 0x51, 0x0A, 0x49, 0xF2,
    0x79, 0x88, 0x5D, 0xD3, 0x05, 0x5D, 0xCB, 0x0A, 0x41, 0xC8, 0x30, 0xC8, 0x38, 0xC8, 0x30, 0xC8,
    0x30, 0x85, 0xC8, 0x38, 0x06, 0xC9, 0x38, 0xC9, 0x38, 0xE9, 0x38, 0xC9, 0x38, 0xE9, 0x38, 0xE9,
    0x38, 0xE9, 0x40, 0x83, 0xEA, 0x40, 0x00, 0x0A, 0x41, 0x83, 0xEA, 0x40, 0x04, 0xE9, 0x40, 0xE9,
    0x38, 0xE9, 0x38, 0xC9, 0x38, 0xE9, 0x38, 0x82, 0xC9, 0x38, 0x04, 0xC8, 0x38, 0x36, 0x92, 0x1E,
    0xC3, 0xFD, 0xC2, 0x1E, 0xC3, 0x83, 0xFE, 0xC2, 0x04, 0xFD, 0xC2, 0xFE, 0xC2, 0x58, 0x9A, 0xA7,
    0x30, 0xA7, 0x30, 0x82, 0xA7, 0x28, 0x01, 0xA6, 0x28, 0xA6, 0x28, 0x82, 0x86, 0x28, 0x01, 0x86,
    0x20, 0x86, 0x20, 0x84, 0x85, 0x20, 0x02, 0x37, 0x92, 0xBE, 0xBA, 0xBD, 0xBA, 0x87, 0xBE, 0xBA,
    0x01, 0x9D, 0xB2, 0xA7, 0x28, 0x87, 0x64, 0x18, 0x82, 0x44, 0x18, 0x06, 0x43, 0x18, 0x43, 0x18,
    0x64, 0x18, 0x43, 0x10, 0xD5, 0x81, 0xBE, 0xB2, 0x9D, 0xB2, 0x84, 0xBE, 0xB2, 0x03, 0x9E, 0xB2,
    0xBE, 0xB2, 0x5B, 0xA2, 0x43, 0x10, 0x84, 0x22, 0x08, 0x86, 0x21, 0x08, 0x83, 0x01, 0x00, 0x85,
    0x00, 0x00, 0x8A, 0x00, 0x00, 0x00, 0x01, 0x08, 0x85, 0x21, 0x08, 0x01, 0x22, 0x08, 0x22, 0x10,
    0x83, 0x42, 0x10, 0x03, 0x43, 0x10, 0x43, 0x18, 0x43, 0x18, 0x13, 0x92, 0x85, 0x1D, 0xD3, 0x04,
    0x3D, 0xD3, 0x1D, 0xD3, 0x3D, 0xD3, 0x98, 0xB2, 0xE9, 0x40, 0x84, 0x0A, 0x49, 0x82, 0x2A, 0x49,
    0x83, 0x2B, 0x49, 0x87, 0x2B, 0x51, 0x04, 0x2C, 0x51, 0x2C, 0x51, 0x4C, 0x51, 0x2B, 0x49, 0xF2,
    0x79, 0x86, 0x5D, 0xD3, 0x07, 0x5D, 0xCB, 0x5D, 0xD3, 0x5D, 0xCB, 0x0A, 0x41, 0xC8, 0x30, 0xC8,
    0x38, 0xC8, 0x30, 0xC8, 0x30, 0x85, 0xC8, 0x38, 0x83, 0xC9, 0x38, 0x03, 0xE9, 0x38, 0xE9, 0x38,
    0xE9, 0x40, 0xE9, 0x40, 0x83, 0xEA, 0x40, 0x00, 0x0A, 0x41, 0x82, 0xEA, 0x40, 0x02, 0xE9, 0x40,
    0xE9, 0x38, 0xE9, 0x38, 0x84, 0xC9, 0x38, 0x03, 0xC8, 0x38, 0x36, 0x92, 0x1E, 0xC3, 0xFD, 0xC2,
    0x84, 0xFE, 0xC2, 0x04, 0xFD, 0xC2, 0xFE, 0xC2, 0x58, 0x9A, 0xA7, 0x30, 0xA7, 0x30, 0x82, 0xA7,
    0x28, 0x01, 0xA6, 0x28, 0xA6, 0x28, 0x83, 0x86, 0x28, 0x01, 0x86, 0x20, 0x86, 0x20, 0x83, 0x85,
    0x20, 0x02, 0xC8, 0x30, 0x9C, 0xB2, 0xBD, 0xBA, 0x86, 0xBE, 0xBA, 0x02, 0xBD, 0xB2, 0xBE, 0xBA,
    0x6F, 0x61, 0x87, 0x64, 0x18, 0x84, 0x44, 0x18, 0x04, 0x64, 0x18, 0x43, 0x10, 0x4F, 0x59, 0xBE,
    0xB2, 0x9D, 0xB2, 0x86, 0xBE, 0xB2, 0x03, 0x9D, 0xB2, 0x86, 0x20, 0x22, 0x08, 0x42, 0x08, 0x82,
    0x22, 0x08, 0x86, 0x21, 0x08, 0x83, 0x01, 0x00, 0x85, 0x00, 0x00, 0x8A, 0x00, 0x00, 0x00, 0x01,
    0x08, 0x85, 0x21, 0x08, 0x01, 0x22, 0x08, 0x22, 0x10, 0x83, 0x42, 0x10, 0x03, 0x43, 0x10, 0x43,
    0x18, 0x43, 0x18, 0x13, 0x92, 0x87, 0x1D, 0xD3, 0x02, 0x3D, 0xD3, 0x98, 0xB2, 0xE9, 0x40, 0x84,
    0x0A, 0x49, 0x82, 0x2A, 0x49, 0x83, 0x2B, 0x49, 0x02, 0x2B, 0x51, 0x2B, 0x49, 0x2B, 0x49, 0x84,
    0x2B, 0x51, 0x82, 0x2C, 0x51, 0x03, 0x0A, 0x49, 0xF2, 0x79, 0x5D, 0xD3, 0x5D, 0xCB, 0x84, 0x5D,
    0xD3, 0x07, 0x5D, 0xCB, 0x5D, 0xD3, 0x3D, 0xCB, 0x0A, 0x41, 0xC8, 0x30, 0xC8, 0x38, 0xC8, 0x30,
    0xC8, 0x30, 0x85, 0xC8, 0x38, 0x83, 0xC9, 0x38, 0x82, 0xE9, 0x38, 0x00, 0xE9, 0x40, 0x87, 0xEA,
    0x40, 0x02, 0xE9, 0x40, 0xE9, 0x38, 0xE9, 0x38, 0x84, 0xC9, 0x38, 0x03, 0xC8, 0x38, 0x36, 0x92,
    0x1E, 0xC3, 0xFD, 0xC2, 0x84, 0xFE, 0xC2, 0x04, 0xDD, 0xC2, 0xFE, 0xC2, 0x58, 0x9A, 0xA7, 0x30,
    0xA7, 0x30, 0x82, 0xA7, 0x28, 0x01, 0xA6, 0x28, 0xA6, 0x28, 0x83, 0x86, 0x28, 0x01, 0x86, 0x20,
    0x86, 0x20, 0x82, 0x85, 0x20, 0x04, 0x86, 0x20, 0x85, 0x20, 0x70, 0x61, 0xBE, 0xBA, 0xBD, 0xBA,
    0x85, 0xBE, 0xBA, 0x02, 0xBD, 0xB2, 0xBE, 0xBA, 0x17, 0x92, 0x87, 0x64, 0x18, 0x84, 0x44, 0x18,
    0x04, 0x64, 0x18, 0x43, 0x10, 0xEA, 0x38, 0xBE, 0xB2, 0x9E, 0xB2, 0x85, 0xBE, 0xB2, 0x04, 0x9E,
    0xB2, 0xBE, 0xB2, 0xEA, 0x38, 0x22, 0x08, 0x42, 0x10, 0x83, 0x22, 0x08, 0x85, 0x21, 0x08, 0x83,
    0x01, 0x00, 0x85, 0x00, 0x00, 0x89, 0x00, 0x00, 0x00, 0x01, 0x08, 0x86, 0x21, 0x08, 0x01, 0x22,
    0x08, 0x22, 0x10, 0x83, 0x42, 0x10, 0x03, 0x43, 0x10, 0x43, 0x18, 0x43, 0x18, 0x13, 0x92, 0x88,
    0x1D, 0xD3, 0x01, 0x98, 0xB2, 0xE9, 0x40, 0x84, 0x0A, 0x49, 0x82, 0x2A, 0x49, 0x86, 0x2B, 0x49,
    0x84, 0x2B, 0x51, 0x82, 0x2C, 0x51, 0x05, 0x0A, 0x49, 0xF1, 0x79, 0x5D, 0xD3, 0x3D, 0xCB, 0x5D,
    0xD3, 0x5D, 0xD3, 0x84, 0x5D, 0xCB, 0x01, 0x3D, 0xCB, 0x0A, 0x41, 0x83, 0xC8, 0x30, 0x86, 0xC8,
    0x38, 0x82, 0xC9, 0x38, 0x82, 0xE9, 0x38, 0x01, 0xE9, 0x40, 0xE9, 0x40, 0x86, 0xEA, 0x40, 0x82,
    0xE9, 0x38, 0x84, 0xC9, 0x38, 0x03, 0xC8, 0x38, 0x36, 0x92, 0xFE, 0xC2, 0xFD, 0xC2, 0x84, 0xFE,
    0xC2, 0x04, 0xDD, 0xC2, 0xFE, 0xC2, 0x58, 0x9A, 0xA7, 0x30, 0xA7, 0x30, 0x82, 0xA7, 0x28, 0x01,
    0xA6, 0x28, 0xA6, 0x28, 0x83, 0x86, 0x28, 0x01, 0x86, 0x20, 0x86, 0x20, 0x84, 0x85, 0x20, 0x01,
    0x86, 0x28, 0x7B, 0xAA, 0x88, 0xBE, 0xBA, 0x01, 0x9C, 0xB2, 0xA7, 0x28, 0x87, 0x64, 0x18, 0x83,
    0x44, 0x18, 0x03, 0x64, 0x18, 0x43, 0x10, 0xA7, 0x28, 0x9D, 0xAA, 0x86, 0xBE, 0xB2, 0x04, 0x9E,
    0xAA, 0xBE, 0xB2, 0x2D, 0x51, 0x22, 0x08, 0x42, 0x10, 0x83, 0x22, 0x08, 0x85, 0x21, 0x08, 0x83,
    0x01, 0x00, 0x85, 0x00, 0x00, 0x89, 0x00, 0x00, 0x00, 0x01, 0x08, 0x86, 0x21, 0x08, 0x01, 0x22,
    0x08, 0x22, 0x10, 0x83, 0x42, 0x10, 0x03, 0x43, 0x10, 0x43, 0x18, 0x43, 0x18, 0x13, 0x92, 0x88,
    0x1D, 0xD3, 0x01, 0x98, 0xB2, 0xE9, 0x40, 0x85, 0x0A, 0x49, 0x01, 0x2A, 0x49, 0x2A, 0x49, 0x86,
    0x2B, 0x49, 0x84, 0x2B, 0x51, 0x82, 0x2C, 0x51, 0x03, 0x0A, 0x49, 0xF1, 0x79, 0x5D, 0xD3, 0x3D,
    0xCB, 0x86, 0x5D, 0xCB, 0x01, 0x3D, 0xCB, 0x0A, 0x41, 0x85, 0xC8, 0x30, 0x85, 0xC8, 0x38, 0x01,
    0xC9, 0x38, 0xC9, 0x38, 0x83, 0xE9, 0x38, 0x01, 0xE9, 0x40, 0xE9, 0x40, 0x82, 0xEA, 0x40, 0x02,
    0xE9, 0x40, 0xEA, 0x40, 0xE9, 0x40, 0x82, 0xE9, 0x38, 0x84, 0xC9, 0x38, 0x03, 0xC8, 0x38, 0x36,
    0x92, 0xFE, 0xC2, 0xFD, 0xC2, 0x84, 0xFE, 0xC2, 0x04, 0xDD, 0xBA, 0xFE, 0xC2, 0x58, 0x9A, 0xA7,
    0x30, 0xA7, 0x30, 0x82, 0xA7, 0x28, 0x01, 0xA6, 0x28, 0xA6, 0x28, 0x83, 0x86, 0x28, 0x01, 0x86,
    0x20, 0x86, 0x20, 0x84, 0x85, 0x20, 0x03, 0x65, 0x20, 0xB2, 0x71, 0xBE, 0xBA, 0xBD, 0xBA, 0x85,
    0xBE, 0xBA, 0x02, 0xBD, 0xB2, 0xBE, 0xBA, 0x0B, 0x49, 0x89, 0x64, 0x18, 0x82, 0x44, 0x18, 0x04,
    0x43, 0x10, 0x64, 0x18, 0x5B, 0xA2, 0xBE, 0xB2, 0x9E, 0xB2, 0x84, 0xBE, 0xB2, 0x04, 0x9E, 0xAA,
    0xBE, 0xB2, 0x70, 0x61, 0x22, 0x08, 0x42, 0x10, 0x83, 0x22, 0x08, 0x85, 0x21, 0x08, 0x83, 0x01,
    0x00, 0x85, 0x00, 0x00, 0x89, 0x00, 0x00, 0x00, 0x01, 0x08, 0x85, 0x21, 0x08, 0x02, 0x22, 0x08,
    0x22, 0x08, 0x22, 0x10, 0x83, 0x42, 0x10, 0x03, 0x43, 0x10, 0x43, 0x18, 0x43, 0x18, 0x13, 0x92,
    0x88, 0x1D, 0xD3, 0x01, 0x98, 0xB2, 0xE9, 0x40, 0x87, 0x0A, 0x49, 0x86, 0x2B, 0x49, 0x86, 0x2B,
    0x51, 0x02, 0x2C, 0x51, 0x0A, 0x49, 0xF1, 0x79, 0x89, 0x3D, 0xCB, 0x00, 0x0A, 0x41, 0x86, 0xC8,
    0x30, 0x84, 0xC8, 0x38, 0x82, 0xC9, 0x38, 0x84, 0xE9, 0x38, 0x82, 0xE9, 0x40, 0x84, 0xE9, 0x38,
    0x83, 0xC9, 0x38, 0x05, 0xC8, 0x38, 0xC9, 0x38, 0xC8, 0x38, 0x36, 0x92, 0xFE, 0xC2, 0xFD, 0xC2,
    0x84, 0xFE, 0xC2, 0x04, 0xDD, 0xBA, 0xFE, 0xC2, 0x58, 0x9A, 0xA7, 0x30, 0xA7, 0x30, 0x82, 0xA7,
    0x28, 0x01, 0xA6, 0x28, 0xA6, 0x28, 0x83, 0x86, 0x28, 0x01, 0x86, 0x20, 0x86, 0x20, 0x84, 0x85,
    0x20, 0x02, 0x65, 0x20, 0xEA, 0x40, 0xBD, 0xBA, 0x86, 0xBE, 0xBA, 0x02, 0xBD, 0xB2, 0xBE, 0xB2,
    0x70, 0x61, 0x8A, 0x64, 0x18, 0x06, 0x44, 0x18, 0x43, 0x10, 0x44, 0x18, 0x43, 0x10, 0x38, 0x92,
    0xBE, 0xB2, 0x9E, 0xB2, 0x84, 0xBE, 0xB2, 0x04, 0x9E, 0xAA, 0xBE, 0xB2, 0xB3, 0x71, 0x22, 0x08,
    0x42, 0x10, 0x83, 0x22, 0x08, 0x85, 0x21, 0x08, 0x84, 0x01, 0x00, 0x84, 0x00, 0x00, 0x89, 0x00,
    0x00, 0x00, 0x01, 0x08, 0x85, 0x21, 0x08, 0x02, 0x22, 0x08, 0x22, 0x08, 0x22, 0x10, 0x83, 0x42,
    0x10, 0x03, 0x43, 0x10, 0x43, 0x18, 0x43, 0x18, 0x13, 0x92, 0x88, 0x1D, 0xD3, 0x01, 0x98, 0xB2,
    0xE9, 0x40, 0x88, 0x0A, 0x49, 0x00, 0x0B, 0x49, 0x84, 0x2B, 0x49, 0x86, 0x2B, 0x51, 0x02, 0x2C,
    0x51, 0x0A, 0x49, 0xD1, 0x79, 0x89, 0x3D, 0xCB, 0x01, 0x0A, 0x41, 0xC7, 0x30, 0x85, 0xC8, 0x30,
    0x85, 0xC8, 0x38, 0x82, 0xC9, 0x38, 0x02, 0xE9, 0x38, 0xE9, 0x38, 0xC9, 0x38, 0x87, 0xE9, 0x38,
    0x83, 0xC9, 0x38, 0x06, 0xC8, 0x38, 0xC8, 0x38, 0xC9, 0x38, 0xC8, 0x38, 0x36, 0x92, 0xFE, 0xC2,
    0xFD, 0xC2, 0x84, 0xFE, 0xC2, 0x04, 0xDD, 0xBA, 0xDE, 0xC2, 0x58, 0x9A, 0xA7, 0x28, 0xA7, 0x30,
    0x82, 0xA7, 0x28, 0x00, 0xA6, 0x28, 0x84, 0x86, 0x28, 0x01, 0x86, 0x20, 0x86, 0x20, 0x85, 0x85,
    0x20, 0x03, 0x86, 0x20, 0x7A, 0xA2, 0xBE, 0xBA, 0xBD, 0xBA, 0x84, 0xBE, 0xBA, 0x02, 0xBD, 0xB2,
    0xBE, 0xB2, 0xD4, 0x79, 0x8B, 0x64, 0x18, 0x05, 0x43, 0x10, 0x44, 0x18, 0x43, 0x10, 0xF6, 0x81,
    0xBE, 0xB2, 0x9E, 0xB2, 0x84, 0xBE, 0xB2, 0x04, 0x9E, 0xAA, 0x9E, 0xB2, 0xD5, 0x79, 0x22, 0x08,
    0x42, 0x08, 0x83, 0x22, 0x08, 0x85, 0x21, 0x08, 0x84, 0x01, 0x00, 0x84, 0x00, 0x00, 0x89, 0x00,
    0x00, 0x00, 0x01, 0x08, 0x85, 0x21, 0x08, 0x02, 0x22, 0x08, 0x22, 0x08, 0x22, 0x10, 0x83, 0x42,
    0x10, 0x03, 0x43, 0x10, 0x43, 0x18, 0x43, 0x18, 0x13, 0x92, 0x88, 0x1D, 0xD3, 0x01, 0x98, 0xB2,
    0xE9, 0x40, 0x88, 0x0A, 0x49, 0x82, 0x0B, 0x49, 0x82, 0x2B, 0x49, 0x86, 0x2B, 0x51, 0x02, 0x2C,
    0x51, 0x0A, 0x49, 0xD1, 0x79, 0x88, 0x3D, 0xCB, 0x02, 0x1D, 0xCB, 0xEA, 0x40, 0xC7, 0x30, 0x87,
    0xC8, 0x30, 0x84, 0xC8, 0x38, 0x82, 0xC9, 0x38, 0x04, 0xE9, 0x38, 0xC9, 0x38, 0xC9, 0x38, 0xE9,
    0x38, 0xC9, 0x38, 0x83, 0xE9, 0x38, 0x83, 0xC9, 0x38, 0x82, 0xC8, 0x38, 0x04, 0xC9, 0x38, 0xC8,
    0x38, 0x36, 0x92, 0xFE, 0xC2, 0xDD, 0xC2, 0x84, 0xFE, 0xC2, 0x04, 0xDD, 0xBA, 0xDE, 0xC2, 0x58,
    0x9A, 0xA7, 0x28, 0xA7, 0x30, 0x82, 0xA7, 0x28, 0x00, 0xA6, 0x28, 0x84, 0x86, 0x28, 0x82, 0x86,
    0x20, 0x85, 0x85, 0x20, 0x02, 0x16, 0x8A, 0xBE, 0xBA, 0xBD, 0xB2, 0x82, 0xBE, 0xBA, 0x83, 0xBE,
    0xB2, 0x00, 0x17, 0x8A, 0x8B, 0x64, 0x18, 0x05, 0x43, 0x10, 0x44, 0x18, 0x43, 0x10, 0xD4, 0x79,
    0xBE, 0xB2, 0x9E, 0xB2, 0x83, 0xBE, 0xB2, 0x05, 0x9E, 0xB2, 0x9E, 0xAA, 0x9E, 0xB2, 0xF7, 0x81,
    0x22, 0x08, 0x42, 0x08, 0x83, 0x22, 0x08, 0x85, 0x21, 0x08, 0x84, 0x01, 0x00, 0x84, 0x00, 0x00,
    0x89, 0x00, 0x00, 0x00, 0x01, 0x08, 0x85, 0x21, 0x08, 0x02, 0x22, 0x08, 0x22, 0x08, 0x22, 0x10,
    0x83, 0x42, 0x10, 0x05, 0x43, 0x10, 0x43, 0x18, 0x43, 0x18, 0x13, 0x8A, 0x1D, 0xD3, 0xFD, 0xD2,
    0x84, 0x1D, 0xD3, 0x03, 0xFD, 0xD2, 0x1D, 0xD3, 0x98, 0xB2, 0xE9, 0x40, 0x88, 0x0A, 0x49, 0x82,
    0x0B, 0x49, 0x82, 0x2B, 0x49, 0x86, 0x2B, 0x51, 0x02, 0x2C, 0x51, 0x0A, 0x49, 0xD1, 0x79, 0x88,
    0x3D, 0xCB, 0x04, 0x1D, 0xCB, 0xEA, 0x40, 0xC7, 0x30, 0xC8, 0x30, 0xA8, 0x30, 0x85, 0xC8, 0x30,
    0x01, 0xC8, 0x38, 0xC8, 0x30, 0x83, 0xC8, 0x38, 0x86, 0xC9, 0x38, 0x01, 0xE9, 0x38, 0xE9, 0x38,
    0x84, 0xC9, 0x38, 0x85, 0xC8, 0x38, 0x02, 0x36, 0x8A, 0xFE, 0xC2, 0xDD, 0xBA, 0x83, 0xFE, 0xC2,
    0x05, 0xDE, 0xC2, 0xDD, 0xBA, 0xDE, 0xC2, 0x58, 0x9A, 0xA7, 0x28, 0xA7, 0x30, 0x82, 0xA7, 0x28,
    0x00, 0xA6, 0x28, 0x84, 0x86, 0x28, 0x82, 0x86, 0x20, 0x85, 0x85, 0x20, 0x03, 0xD3, 0x79, 0xBE,
    0xBA, 0xBD, 0xB2, 0xBE, 0xBA, 0x85, 0xBE, 0xB2, 0x00, 0x39, 0x92, 0x8B, 0x64, 0x18, 0x07, 0x43,
    0x10, 0x44, 0x18, 0x43, 0x10, 0xB3, 0x71, 0xBE, 0xB2, 0x9E, 0xB2, 0xBE, 0xB2, 0xBE, 0xB2, 0x82,
    0x9E, 0xB2, 0x04, 0x9E, 0xAA, 0x9E, 0xB2, 0x18, 0x8A, 0x22, 0x08, 0x42, 0x08, 0x83, 0x22, 0x08,
    0x84, 0x21, 0x08, 0x01, 0x21, 0x00, 0x21, 0x00, 0x83, 0x01, 0x00, 0x84, 0x00, 0x00, 0x89, 0x00,
    0x00, 0x00, 0x01, 0x08, 0x85, 0x21, 0x08, 0x02, 0x22, 0x08, 0x22, 0x08, 0x22, 0x10, 0x83, 0x42,
    0x10, 0x05, 0x43, 0x10, 0x43, 0x18, 0x43, 0x10, 0x13, 0x8A, 0x1D, 0xD3, 0xFD, 0xD2, 0x84, 0x1D,
    0xD3, 0x03, 0xFD, 0xD2, 0x1D, 0xD3, 0x98, 0xAA, 0xE9, 0x40, 0x88, 0x0A, 0x49, 0x82, 0x0B, 0x49,
    0x85, 0x2B, 0x49, 0x83, 0x2B, 0x51, 0x03, 0x2C, 0x51, 0x0A, 0x49, 0xD1, 0x79, 0x3D, 0xCB, 0x86,
    0x1D, 0xCB, 0x05, 0x3D, 0xCB, 0x1D, 0xCB, 0xEA, 0x40, 0xA7, 0x30, 0xC8, 0x30, 0xA7, 0x30, 0x89,
    0xC8, 0x30, 0x85, 0xC8, 0x38, 0x86, 0xC9, 0x38, 0x84, 0xC8, 0x38, 0x06, 0xC8, 0x30, 0xC8, 0x38,
    0xC8, 0x38, 0xC8, 0x30, 0x36, 0x8A, 0xFE, 0xC2, 0xDD, 0xBA, 0x82, 0xFE, 0xC2, 0x06, 0xDE, 0xC2,
    0xDE, 0xC2, 0xDD, 0xBA, 0xDE, 0xBA, 0x58, 0x9A, 0xA7, 0x28, 0xA7, 0x30, 0x82, 0xA7, 0x28, 0x00,
    0xA6, 0x28, 0x83, 0x86, 0x28, 0x82, 0x86, 0x20, 0x86, 0x85, 0x20, 0x02, 0xB2, 0x71, 0xBE, 0xBA,
    0xBD, 0xB2, 0x86, 0xBE, 0xB2, 0x00, 0x5A, 0x9A, 0x8B, 0x64, 0x18, 0x06, 0x43, 0x10, 0x44, 0x18,
    0x43, 0x10, 0xB2, 0x69, 0xBE, 0xB2, 0x9E, 0xAA, 0xBE, 0xB2, 0x83, 0x9E, 0xB2, 0x02, 0x9E, 0xAA,
    0x9E, 0xB2, 0x18, 0x8A, 0x85, 0x22, 0x08, 0x84, 0x21, 0x08, 0x01, 0x21, 0x00, 0x21, 0x00, 0x83,
    0x01, 0x00, 0x84, 0x00, 0x00, 0x89, 0x00, 0x00, 0x00, 0x01, 0x08, 0x85, 0x21, 0x08, 0x03, 0x22,
    0x08, 0x22, 0x08, 0x22, 0x10, 0x22, 0x10, 0x82, 0x42, 0x10, 0x03, 0x43, 0x10, 0x43, 0x18, 0x43,
    0x10, 0x13, 0x8A, 0x84, 0xFD, 0xD2, 0x05, 0x1D, 0xD3, 0x1D, 0xD3, 0xFD, 0xD2, 0x1D, 0xD3, 0x98,
    0xAA, 0xE9, 0x40, 0x89, 0x0A, 0x49, 0x01, 0x0B, 0x49, 0x0B, 0x49, 0x87, 0x2B, 0x49, 0x04, 0x2B,
    0x51, 0x2B, 0x51, 0x2C, 0x51, 0x0A, 0x49, 0xD1, 0x79, 0x88, 0x1D, 0xCB, 0x05, 0x1D, 0xC3, 0xEA,
    0x40, 0xA7, 0x30, 0xC8, 0x30, 0xA7, 0x30, 0xA8, 0x30, 0x89, 0xC8, 0x30, 0x8F, 0xC8, 0x38, 0x82,
    0xC8, 0x30, 0x11, 0xC8, 0x38, 0xC8, 0x30, 0x36, 0x8A, 0xFE, 0xC2, 0xDD, 0xBA, 0xFE, 0xC2, 0xDE,
    0xC2, 0xDE, 0xC2, 0xDE, 0xBA, 0xDE, 0xBA, 0xDD, 0xBA, 0xDE, 0xBA, 0x58, 0x9A, 0xA7, 0x28, 0xA7,
    0x30, 0xA7, 0x28, 0xA7, 0x28, 0xA6, 0x28, 0x84, 0x86, 0x28, 0x82, 0x86, 0x20, 0x86, 0x85, 0x20,
    0x02, 0xB2, 0x71, 0xBE, 0xB2, 0xBD, 0xB2, 0x86, 0xBE, 0xB2, 0x00, 0x59, 0x9A, 0x8B, 0x64, 0x18,
    0x05, 0x43, 0x10, 0x44, 0x18, 0x43, 0x10, 0xB2, 0x69, 0xBE, 0xB2, 0x9E, 0xAA, 0x84, 0x9E, 0xB2,
    0x02, 0x9E, 0xAA, 0x9E, 0xAA, 0x18, 0x8A, 0x85, 0x22, 0x08, 0x84, 0x21, 0x08, 0x01, 0x21, 0x00,
    0x21, 0x00, 0x83, 0x01, 0x00, 0x84, 0x00, 0x00, 0x89, 0x00, 0x00, 0x00, 0x01, 0x08, 0x85, 0x21,
    0x08, 0x03, 0x22, 0x08, 0x22, 0x08, 0x22, 0x10, 0x22, 0x10, 0x82, 0x42, 0x10, 0x05, 0x43, 0x10,
    0x43, 0x18, 0x43, 0x10, 0x13, 0x8A, 0xFD, 0xD2, 0xFD, 0xCA, 0x83, 0xFD, 0xD2, 0x04, 0x1D, 0xD3,
    0xFD, 0xD2, 0x1D, 0xD3, 0x98, 0xAA, 0xE9, 0x40, 0x89, 0x0A, 0x49, 0x01, 0x0B, 0x49, 0x0B, 0x49,
    0x87, 0x2B, 0x49, 0x04, 0x2B, 0x51, 0x2B, 0x51, 0x2C, 0x51, 0x0A, 0x49, 0xD1, 0x79, 0x88, 0x1D,
    0xCB, 0x03, 0x1D, 0xC3, 0xEA, 0x40, 0xA7, 0x30, 0xC7, 0x30, 0x82, 0xA7, 0x30, 0x01, 0xC8, 0x30,
    0xA8, 0x30, 0x88, 0xC8, 0x30, 0x8A, 0xC8, 0x38, 0x01, 0xC8, 0x30, 0xC8, 0x38, 0x85, 0xC8, 0x30,
    0x04, 0x16, 0x8A, 0xFE, 0xC2, 0xDD, 0xBA, 0xDE, 0xC2, 0xDE, 0xC2, 0x82, 0xDE, 0xBA, 0x02, 0xDD,
    0xBA, 0xDE, 0xBA, 0x38, 0x9A, 0x83, 0xA7, 0x28, 0x00, 0xA6, 0x28, 0x84, 0x86, 0x28, 0x82, 0x86,
    0x20, 0x86, 0x85, 0x20, 0x02, 0xD4, 0x79, 0xBE, 0xB2, 0xBD, 0xB2, 0x86, 0xBE, 0xB2, 0x00, 0x39,
    0x92, 0x8B, 0x64, 0x18, 0x05, 0x43, 0x10, 0x44, 0x18, 0x43, 0x10, 0xB3, 0x71, 0x9E, 0xB2, 0x9E,
    0xAA, 0x84, 0x9E, 0xB2, 0x04, 0x9E, 0xAA, 0x9E, 0xAA, 0x18, 0x8A, 0x22, 0x08, 0x42, 0x08, 0x83,
    0x22, 0x08, 0x84, 0x21, 0x08, 0x01, 0x21, 0x00, 0x21, 0x00, 0x83, 0x01, 0x00, 0x84, 0x00, 0x00,
    0x89, 0x00, 0x00, 0x00, 0x01, 0x08, 0x85, 0x21, 0x08, 0x03, 0x22, 0x08, 0x22, 0x08, 0x22, 0x10,
    0x22, 0x10, 0x82, 0x42, 0x10, 0x05, 0x43, 0x10, 0x43, 0x18, 0x43, 0x10, 0xF3, 0x89, 0xFD, 0xD2,
    0xFD, 0xCA, 0x85, 0xFD, 0xD2, 0x02, 0x1D, 0xD3, 0x98, 0xAA, 0xE9, 0x38, 0x89, 0x0A, 0x49, 0x82,
    0x0B, 0x49, 0x88, 0x2B, 0x49, 0x02, 0x2C, 0x51, 0x0A, 0x49, 0xD1, 0x79, 0x88, 0x1D, 0xCB, 0x03,
    0x1D, 0xC3, 0xEA, 0x40, 0xA7, 0x30, 0xC7, 0x30, 0x82, 0xA7, 0x30, 0x05, 0xC7, 0x30, 0xA7, 0x30,
    0xA7, 0x30, 0xC8, 0x30, 0xC8, 0x30, 0xA8, 0x30, 0x88, 0xC8, 0x30, 0x00, 0xC8, 0x38, 0x8D, 0xC8,
    0x30, 0x02, 0x15, 0x8A, 0xDE, 0xC2, 0xDD, 0xBA, 0x84, 0xDE, 0xBA, 0x02, 0xDD, 0xBA, 0xDE, 0xBA,
    0x38, 0x9A, 0x83, 0xA7, 0x28, 0x84, 0x86, 0x28, 0x82, 0x86, 0x20, 0x87, 0x85, 0x20, 0x00, 0x17,
    0x8A, 0x86, 0xBE, 0xB2, 0x02, 0x9E, 0xB2, 0xBE, 0xB2, 0x17, 0x8A, 0x8B, 0x64, 0x18, 0x05, 0x43,
    0x10, 0x44, 0x18, 0x43, 0x10, 0xD4, 0x79, 0x9E, 0xB2, 0x9E, 0xAA, 0x82, 0x9E, 0xB2, 0x83, 0x9E,
    0xAA, 0x02, 0xF7, 0x81, 0x22, 0x08, 0x42, 0x08, 0x83, 0x22, 0x08, 0x84, 0x21, 0x08, 0x00, 0x21,
    0x00, 0x84, 0x01, 0x00, 0x84, 0x00, 0x00, 0x89, 0x00, 0x00, 0x00, 0x01, 0x08, 0x85, 0x21, 0x08,
    0x03, 0x22, 0x08, 0x22, 0x08, 0x22, 0x10, 0x22, 0x10, 0x82, 0x42, 0x10, 0x05, 0x43, 0x10, 0x43,
    0x18, 0x43, 0x10, 0xF3, 0x89, 0xFD, 0xD2, 0xFD, 0xCA, 0x84, 0xFD, 0xD2, 0x03, 0xFD, 0xCA, 0xFD,
    0xD2, 0x98, 0xAA, 0xE9, 0x38, 0x89, 0x0A, 0x49, 0x82, 0x0B, 0x49, 0x88, 0x2B, 0x49, 0x02, 0x2C,
    0x51, 0x0A, 0x49, 0xD1, 0x79, 0x88, 0x1D, 0xCB, 0x03, 0x1D, 0xC3, 0xE9, 0x40, 0xA7, 0x30, 0xC7,
    0x30, 0x86, 0xA7, 0x30, 0x03, 0xC8, 0x30, 0xC8, 0x30, 0xA8, 0x30, 0xA8, 0x30, 0x94, 0xC8, 0x30,
    0x03, 0xA8, 0x30, 0x15, 0x8A, 0xDE, 0xBA, 0xDD, 0xBA, 0x84, 0xDE, 0xBA, 0x06, 0xDD, 0xBA, 0xDE,
    0xBA, 0x38, 0x9A, 0xA7, 0x28, 0xA7, 0x28, 0xA6, 0x28, 0xA6, 0x28, 0x84, 0x86, 0x28, 0x82, 0x86,
    0x20, 0x86, 0x85, 0x20, 0x01, 0x86, 0x20, 0x7B, 0xA2, 0x86, 0xBE, 0xB2, 0x02, 0x9D, 0xB2, 0xBE,
    0xB2, 0xD4, 0x79, 0x8A, 0x64, 0x18, 0x08, 0x44, 0x10, 0x43, 0x10, 0x44, 0x18, 0x43, 0x10, 0xF6,
    0x81, 0x9E, 0xB2, 0x9E, 0xAA, 0x9E, 0xB2, 0x9E, 0xB2, 0x84, 0x9E, 0xAA, 0x02, 0xD5, 0x79, 0x22,
    0x08, 0x42, 0x10, 0x83, 0x22, 0x08, 0x84, 0x21, 0x08, 0x00, 0x21, 0x00, 0x84, 0x01, 0x00, 0x84,
    0x00, 0x00, 0x89, 0x00, 0x00, 0x00, 0x01, 0x08, 0x85, 0x21, 0x08, 0x03, 0x22, 0x08, 0x22, 0x08,
    0x22, 0x10, 0x22, 0x10, 0x82, 0x42, 0x10, 0x05, 0x43, 0x10, 0x43, 0x18, 0x43, 0x10, 0xF3, 0x89,
    0xFD, 0xD2, 0xFD, 0xCA, 0x84, 0xFD, 0xD2, 0x03, 0xFD, 0xCA, 0xFD, 0xD2, 0x98, 0xAA, 0xE9, 0x38,
    0x8A, 0x0A, 0x49, 0x01, 0x0B, 0x49, 0x0B, 0x49, 0x88, 0x2B, 0x49, 0x02, 0x2C, 0x51, 0x0A, 0x49,
    0xD1, 0x79, 0x88, 0x1D, 0xCB, 0x01, 0xFD, 0xC2, 0xE9, 0x40, 0x89, 0xA7, 0x30, 0x03, 0xC8, 0x30,
    0xA7, 0x30, 0xA8, 0x30, 0xA8, 0x30, 0x93, 0xC8, 0x30, 0x03, 0xA7, 0x30, 0x15, 0x8A, 0xDE, 0xBA,
    0xDD, 0xBA, 0x84, 0xDE, 0xBA, 0x05, 0xDD, 0xBA, 0xDE, 0xBA, 0x38, 0x9A, 0xA7, 0x28, 0xA7, 0x28,
    0xA6, 0x28, 0x85, 0x86, 0x28, 0x01, 0x86, 0x20, 0x86, 0x20, 0x84, 0x85, 0x20, 0x03, 0x65, 0x20,
    0x85, 0x20, 0x65, 0x20, 0xEA, 0x38, 0x87, 0xBE, 0xB2, 0x02, 0x9D, 0xB2, 0xBE, 0xB2, 0x70, 0x61,
    0x8A, 0x64, 0x18, 0x05, 0x43, 0x10, 0x43, 0x10, 0x44, 0x18, 0x43, 0x10, 0x38, 0x92, 0x9E, 0xB2,
    0x87, 0x9E, 0xAA, 0x02, 0xB3, 0x71, 0x22, 0x08, 0x42, 0x10, 0x83, 0x22, 0x08, 0x84, 0x21, 0x08,
    0x00, 0x21, 0x00, 0x84, 0x01, 0x00, 0x84, 0x00, 0x00, 0x89, 0x00, 0x00, 0x00, 0x01, 0x00, 0x86,
    0x21, 0x08, 0x02, 0x22, 0x08, 0x22, 0x10, 0x22, 0x10, 0x83, 0x42, 0x10, 0x04, 0x43, 0x18, 0x43,
    0x10, 0xF3, 0x89, 0xFD, 0xD2, 0xFD, 0xCA, 0x84, 0xFD, 0xD2, 0x03, 0xFD, 0xCA, 0xFD, 0xCA, 0x78,
    0xAA, 0xE9, 0x38, 0x89, 0x0A, 0x49, 0x84, 0x0B, 0x49, 0x86, 0x2B, 0x49, 0x04, 0x2B, 0x51, 0x0A,
    0x49, 0xD1, 0x71, 0x1D, 0xCB, 0xFD, 0xCA, 0x86, 0x1D, 0xCB, 0x01, 0xFD, 0xC2, 0xE9, 0x40, 0x90,
    0xA7, 0x30, 0x88, 0xC8, 0x30, 0x82, 0xA8, 0x30, 0x08, 0xC8, 0x30, 0xC8, 0x30, 0xA8, 0x30, 0xA7,
    0x30, 0xC8, 0x30, 0xA7, 0x30, 0x15, 0x8A, 0xDE, 0xBA, 0xDD, 0xBA, 0x84, 0xDE, 0xBA, 0x05, 0xBD,
    0xBA, 0xDE, 0xBA, 0x38, 0x9A, 0xA7, 0x28, 0xA7, 0x28, 0xA6, 0x28, 0x83, 0x86, 0x28, 0x82, 0x86,
    0x20, 0x85, 0x85, 0x20, 0x05, 0x65, 0x20, 0x85, 0x20, 0x65, 0x20, 0x92, 0x69, 0xBE, 0xB2, 0xBD,
    0xB2, 0x85, 0xBE, 0xB2, 0x02, 0x9E, 0xB2, 0xBE, 0xB2, 0x0B, 0x41, 0x89, 0x64, 0x18, 0x05, 0x44,
    0x18, 0x43, 0x10, 0x44, 0x18, 0x43, 0x10, 0x64, 0x18, 0x5B, 0x9A, 0x88, 0x9E, 0xAA, 0x02, 0x70,
    0x61, 0x22, 0x08, 0x22, 0x10, 0x83, 0x22, 0x08, 0x84, 0x21, 0x08, 0x00, 0x21, 0x00, 0x83, 0x01,
    0x00, 0x85, 0x00, 0x00, 0x89, 0x00, 0x00, 0x00, 0x01, 0x00, 0x86, 0x21, 0x08, 0x00, 0x22, 0x08,
    0x82, 0x22, 0x10, 0x82, 0x42, 0x10, 0x04, 0x43, 0x18, 0x43, 0x10, 0xF3, 0x89, 0xFD, 0xD2, 0xFD,
    0xCA, 0x83, 0xFD, 0xD2, 0x82, 0xFD, 0xCA, 0x05, 0x78, 0xAA, 0xC8, 0x38, 0x0A, 0x41, 0x0A, 0x49,
    0x0A, 0x49, 0x0A, 0x41, 0x85, 0x0A, 0x49, 0x88, 0x0B, 0x49, 0x82, 0x2B, 0x49, 0x04, 0x2B, 0x51,
    0x0A, 0x49, 0xB1, 0x71, 0x1D, 0xCB, 0xFD, 0xC2, 0x85, 0x1D, 0xCB, 0x02, 0xFD, 0xCA, 0xFD, 0xC2,
    0xE9, 0x40, 0xA0, 0xA7, 0x30, 0x04, 0xA8, 0x30, 0xA7, 0x30, 0x15, 0x8A, 0xDE, 0xBA, 0xDD, 0xBA,
    0x84, 0xDE, 0xBA, 0x04, 0xBD, 0xBA, 0xDE, 0xBA, 0x38, 0x92, 0xA6, 0x28, 0xA7, 0x28, 0x83, 0x86,
    0x28, 0x83, 0x86, 0x20, 0x84, 0x85, 0x20, 0x82, 0x65, 0x20, 0x01, 0x86, 0x20, 0x7B, 0xA2, 0x88,
    0xBE, 0xB2, 0x01, 0x9D, 0xAA, 0x86, 0x28, 0x83, 0x64, 0x18, 0x86, 0x44, 0x18, 0x04, 0x43, 0x10,
    0x44, 0x18, 0x43, 0x10, 0x87, 0x28, 0x9D, 0xAA, 0x88, 0x9E, 0xAA, 0x02, 0x2D, 0x49, 0x22, 0x08,
    0x22, 0x10, 0x83, 0x22, 0x08, 0x84, 0x21, 0x08, 0x00, 0x21, 0x00, 0x83, 0x01, 0x00, 0x85, 0x00,
    0x00, 0x8A, 0x00, 0x00, 0x00, 0x01, 0x00, 0x85, 0x21, 0x08, 0x00, 0x22, 0x08, 0x82, 0x22, 0x10,
    0x82, 0x42, 0x10, 0x06, 0x43, 0x18, 0x43, 0x10, 0xF3, 0x89, 0xFD, 0xD2, 0xFD, 0xCA, 0xFD, 0xD2,
    0xFD, 0xD2, 0x84, 0xFD, 0xCA, 0x03, 0x78, 0xAA, 0xC8, 0x38, 0x0A, 0x41, 0x0A, 0x49, 0x82, 0x0A,
    0x41, 0x85, 0x0A, 0x49, 0x8A, 0x0B, 0x49, 0x04, 0x2B, 0x51, 0x0A, 0x41, 0xB1, 0x71, 0x1D, 0xCB,
    0xFD, 0xC2, 0x83, 0x1D, 0xCB, 0x00, 0xFD, 0xCA, 0x82, 0xFD, 0xC2, 0x00, 0xE9, 0x38, 0xA0, 0xA7,
    0x30, 0x04, 0xA8, 0x30, 0xA7, 0x30, 0x15, 0x8A, 0xDE, 0xBA, 0xDD, 0xBA, 0x84, 0xDE, 0xBA, 0x04,
    0xBD, 0xBA, 0xDE, 0xBA, 0x38, 0x92, 0xA6, 0x28, 0xA7, 0x28, 0x83, 0x86, 0x28, 0x82, 0x86, 0x20,
    0x85, 0x85, 0x20, 0x05, 0x65, 0x20, 0x85, 0x20, 0x65, 0x20, 0x70, 0x61, 0xBE, 0xB2, 0x9E, 0xB2,
    0x85, 0xBE, 0xB2, 0x02, 0x9E, 0xB2, 0xBE, 0xB2, 0x17, 0x8A, 0x84, 0x64, 0x18, 0x85, 0x44, 0x18,
    0x04, 0x43, 0x10, 0x43, 0x10, 0x44, 0x18, 0x43, 0x10, 0xEA, 0x38, 0x89, 0x9E, 0xAA, 0x00, 0xEA,
    0x38, 0x85, 0x22, 0x08, 0x84, 0x21, 0x08, 0x00, 0x21, 0x00, 0x83, 0x01, 0x00, 0x85, 0x00, 0x00,
    0x8A, 0x00, 0x00, 0x00, 0x01, 0x00, 0x85, 0x21, 0x08, 0x00, 0x22, 0x08, 0x82, 0x22, 0x10, 0x82,
    0x42, 0x10, 0x02, 0x43, 0x18, 0x43, 0x10, 0xF3, 0x89, 0x88, 0xFD, 0xCA, 0x03, 0x78, 0xAA, 0xC8,
    0x38, 0x0A, 0x41, 0xEA, 0x40, 0x82, 0x0A, 0x41, 0x85, 0x0A, 0x49, 0x8A, 0x0B, 0x49, 0x04, 0x2B,
    0x49, 0x0A, 0x41, 0xB1, 0x71, 0xFD, 0xCA, 0xFD, 0xC2, 0x82, 0xFD, 0xCA, 0x84, 0xFD, 0xC2, 0x04,
    0xE9, 0x38, 0xA7, 0x28, 0xA7, 0x30, 0xA7, 0x30, 0xA7, 0x28, 0x9D, 0xA7, 0x30, 0x03, 0xA7, 0x28,
    0x15, 0x8A, 0xDE, 0xBA, 0xDD, 0xBA, 0x84, 0xDE, 0xBA, 0x04, 0xBD, 0xBA, 0xBE, 0xBA, 0x38, 0x92,
    0xA6, 0x28, 0xA6, 0x28, 0x82, 0x86, 0x28, 0x83, 0x86, 0x20, 0x84, 0x85, 0x20, 0x05, 0x65, 0x20,
    0x85, 0x20, 0x65, 0x20, 0xA8, 0x30, 0x7C, 0xAA, 0x9E, 0xB2, 0x86, 0xBE, 0xB2, 0x02, 0x9E, 0xB2,
    0xBE, 0xB2, 0x6F, 0x59, 0x84, 0x64, 0x18, 0x85, 0x44, 0x18, 0x04, 0x43, 0x10, 0x43, 0x10, 0x44,
    0x18, 0x43, 0x10, 0x4F, 0x59, 0x89, 0x9E, 0xAA, 0x00, 0x86, 0x20, 0x84, 0x22, 0x08, 0x85, 0x21,
    0x08, 0x00, 0x21, 0x00, 0x83, 0x01, 0x00, 0x85, 0x00, 0x00, 0x8A, 0x00, 0x00, 0x00, 0x01, 0x00,
    0x85, 0x21, 0x08, 0x00, 0x22, 0x08, 0x83, 0x22, 0x10, 0x06, 0x42, 0x10, 0x42, 0x10, 0x43, 0x18,
    0x43, 0x10, 0xF3, 0x89, 0xFD, 0xCA, 0xDD, 0xCA, 0x84, 0xFD, 0xCA, 0x05, 0xDD, 0xCA, 0xFD, 0xCA,
    0x78, 0xAA, 0xC8, 0x38, 0xEA, 0x40, 0xE9, 0x40, 0x82, 0x0A, 0x41, 0x85, 0x0A, 0x49, 0x8A, 0x0B,
    0x49, 0x05, 0x2B, 0x49, 0x0A, 0x41, 0xB1, 0x71, 0xFD, 0xCA, 0xFD, 0xC2, 0xFD, 0xCA, 0x85, 0xFD,
    0xC2, 0x01, 0xDD, 0xC2, 0xE9, 0x38, 0x87, 0xA7, 0x28, 0x00, 0xA7, 0x30, 0x82, 0xA7, 0x28, 0x01,
    0xA7, 0x30, 0xA7, 0x28, 0x90, 0xA7, 0x30, 0x06, 0xA7, 0x28, 0xA7, 0x28, 0xA7, 0x30, 0xA7, 0x28,
    0x15, 0x8A, 0xDE, 0xBA, 0xBD, 0xBA, 0x82, 0xDE, 0xBA, 0x08, 0xBE, 0xBA, 0xBE, 0xBA, 0xBD, 0xBA,
    0xBE, 0xBA, 0x38, 0x92, 0x86, 0x28, 0xA6, 0x28, 0x86, 0x28, 0x86, 0x28, 0x83, 0x86, 0x20, 0x85,
    0x85, 0x20, 0x05, 0x65, 0x20, 0x85, 0x20, 0x85, 0x20, 0x17, 0x8A, 0xBE, 0xB2, 0x9E, 0xB2, 0x87,
    0xBE, 0xB2, 0x01, 0x9D, 0xAA, 0xA7, 0x28, 0x83, 0x64, 0x18, 0x86, 0x44, 0x18, 0x04, 0x43, 0x10,
    0x43, 0x10, 0x44, 0x10, 0x43, 0x10, 0xD5, 0x79, 0x88, 0x9E, 0xAA, 0x01, 0x5B, 0x9A, 0x43, 0x10,
    0x84, 0x22, 0x08, 0x84, 0x21, 0x08, 0x00, 0x21, 0x00, 0x84, 0x01, 0x00, 0x85, 0x00, 0x00, 0x8A,
    0x00, 0x00, 0x00, 0x01, 0x00, 0x85, 0x21, 0x08, 0x00, 0x22, 0x08, 0x83, 0x22, 0x10, 0x08, 0x42,
    0x10, 0x42, 0x10, 0x43, 0x18, 0x43, 0x10, 0xF3, 0x89, 0xFD, 0xCA, 0xDD, 0xCA, 0xFD, 0xCA, 0xDD,
    0xCA, 0x82, 0xFD, 0xCA, 0x09, 0xDD, 0xCA, 0xFD, 0xCA, 0x78, 0xAA, 0xC8, 0x38, 0xEA, 0x40, 0xE9,
    0x40, 0xEA, 0x40, 0xEA, 0x40, 0x0A, 0x41, 0x0A, 0x41, 0x85, 0x0A, 0x49, 0x89, 0x0B, 0x49, 0x03,
    0x2B, 0x49, 0x0A, 0x41, 0xB1, 0x71, 0xFD, 0xCA, 0x87, 0xFD, 0xC2, 0x01, 0xDD, 0xC2, 0xE9, 0x38,
    0x91, 0xA7, 0x28, 0x82, 0xA7, 0x30, 0x85, 0xA7, 0x28, 0x00, 0xA7, 0x30, 0x84, 0xA7, 0x28, 0x06,
    0xA7, 0x30, 0xA7, 0x28, 0x15, 0x82, 0xDE, 0xBA, 0xBD, 0xBA, 0xDE, 0xBA, 0xDE, 0xBA, 0x82, 0xBE,
    0xBA, 0x06, 0xBD, 0xBA, 0xBE, 0xBA, 0x38, 0x92, 0x86, 0x28, 0xA6, 0x28, 0x86, 0x28, 0x86, 0x28,
    0x82, 0x86, 0x20, 0x85, 0x85, 0x20, 0x05, 0x65, 0x20, 0x85, 0x20, 0x65, 0x20, 0xB2, 0x71, 0xBE,
    0xB2, 0x9D, 0xB2, 0x86, 0xBE, 0xB2, 0x02, 0x9E, 0xB2, 0xBE, 0xB2, 0xD5, 0x79, 0x84, 0x64, 0x18,
    0x83, 0x44, 0x18, 0x85, 0x43, 0x10, 0x01, 0x64, 0x18, 0x5B, 0x9A, 0x88, 0x9E, 0xAA, 0x00, 0xF6,
    0x81, 0x85, 0x22, 0x08, 0x84, 0x21, 0x08, 0x85, 0x01, 0x00, 0x85, 0x00, 0x00, 0x8A, 0x00, 0x00,
    0x00, 0x01, 0x00, 0x86, 0x21, 0x08, 0x00, 0x22, 0x08, 0x82, 0x22, 0x10, 0x05, 0x42, 0x10, 0x42,
    0x10, 0x43, 0x18, 0x43, 0x10, 0xF3, 0x89, 0xFD, 0xCA, 0x84, 0xDD, 0xCA, 0x0B, 0xFD, 0xCA, 0xDD,
    0xCA, 0xFD, 0xCA, 0x78, 0xAA, 0xC8, 0x38, 0xEA, 0x40, 0xE9, 0x40, 0xE9, 0x40, 0xEA, 0x40, 0xEA,
    0x40, 0x0A, 0x41, 0x0A, 0x41, 0x84, 0x0A, 0x49, 0x89, 0x0B, 0x49, 0x02, 0x2B, 0x49, 0xEA, 0x40,
    0xB1, 0x71, 0x88, 0xFD, 0xC2, 0x01, 0xDD, 0xC2, 0xE9, 0x38, 0xA2, 0xA7, 0x28, 0x02, 0x15, 0x82,
    0xDE, 0xBA, 0xBD, 0xBA, 0x84, 0xBE, 0xBA, 0x07, 0xBD, 0xBA, 0xBE, 0xBA, 0x38, 0x92, 0x86, 0x28,
    0xA6, 0x28, 0x86, 0x28, 0x86, 0x20, 0x86, 0x20, 0x88, 0x85, 0x20, 0x03, 0x65, 0x20, 0xC9, 0x38,
    0xBE, 0xB2, 0x9E, 0xB2, 0x87, 0xBE, 0xB2, 0x07, 0x9E, 0xB2, 0x9E, 0xB2, 0xC9, 0x30, 0x64, 0x18,
    0x64, 0x18, 0x44, 0x18, 0x44, 0x18, 0x64, 0x18, 0x83, 0x44, 0x18, 0x83, 0x43, 0x10, 0x02, 0x44,
    0x18, 0x43, 0x10, 0xC9, 0x30, 0x89, 0x9E, 0xAA, 0x00, 0x71, 0x61, 0x85, 0x22, 0x08, 0x84, 0x21,
    0x08, 0x84, 0x01, 0x00, 0x86, 0x00, 0x00, 0x8A, 0x00, 0x00, 0x00, 0x01, 0x00, 0x86, 0x21, 0x08,
    0x00, 0x22, 0x08, 0x82, 0x22, 0x10, 0x04, 0x42, 0x10, 0x42, 0x10, 0x43, 0x10, 0x43, 0x10, 0xF3,
    0x89, 0x87, 0xDD, 0xCA, 0x08, 0xFD, 0xCA, 0x78, 0xAA, 0xC8, 0x38, 0xEA, 0x40, 0xE9, 0x40, 0xE9,
    0x40, 0xEA, 0x40, 0xEA, 0x40, 0x0A, 0x41, 0x82, 0xEA, 0x40, 0x83, 0x0A, 0x49, 0x88, 0x0B, 0x49,
    0x04, 0x2B, 0x49, 0xEA, 0x40, 0xB1, 0x71, 0xFD, 0xC2, 0xDD, 0xC2, 0x86, 0xFD, 0xC2, 0x01, 0xDD,
    0xC2, 0xC9, 0x38, 0x88, 0xA7, 0x28, 0x83, 0xA6, 0x28, 0x95, 0xA7, 0x28, 0x02, 0xF5, 0x81, 0xBE,
    0xBA, 0xBD, 0xBA, 0x84, 0xBE, 0xBA, 0x06, 0xBD, 0xB2, 0xBE, 0xBA, 0x38, 0x92, 0x86, 0x28, 0x86,
    0x28, 0x86, 0x20, 0x86, 0x20, 0x87, 0x85, 0x20, 0x05, 0x65, 0x20, 0x85, 0x20, 0x65, 0x18, 0x91,
    0x69, 0xBE, 0xB2, 0x9D, 0xB2, 0x86, 0xBE, 0xB2, 0x04, 0x9E, 0xB2, 0xBE, 0xB2, 0xD5, 0x79, 0x44,
    0x18, 0x64, 0x18, 0x82, 0x44, 0x18, 0x01, 0x44, 0x10, 0x44, 0x10, 0x86, 0x43, 0x10, 0x02, 0x44,
    0x10, 0x43, 0x10, 0x70, 0x59, 0x89, 0x9E, 0xAA, 0x00, 0xEA, 0x38, 0x84, 0x22, 0x08, 0x85, 0x21,
    0x08, 0x84, 0x01, 0x00, 0x86, 0x00, 0x00, 0x8A, 0x00, 0x00, 0x00, 0x01, 0x00, 0x86, 0x21, 0x08,
    0x00, 0x22, 0x08, 0x83, 0x22, 0x10, 0x03, 0x42, 0x10, 0x43, 0x10, 0x43, 0x10, 0xF3, 0x89, 0x88,
    0xDD, 0xCA, 0x04, 0x78, 0xAA, 0xC8, 0x38, 0xEA, 0x40, 0xE9, 0x40, 0xE9, 0x40, 0x86, 0xEA, 0x40,
    0x02, 0x0A, 0x41, 0x0A, 0x49, 0x0A, 0x49, 0x89, 0x0B, 0x49, 0x03, 0xEA, 0x40, 0xB1, 0x71, 0xFD,
    0xC2, 0xDD, 0xC2, 0x86, 0xFD, 0xC2, 0x04, 0xDD, 0xC2, 0xC9, 0x38, 0xA6, 0x28, 0xA7, 0x28, 0xA6,
    0x28, 0x82, 0xA7, 0x28, 0x03, 0xA6, 0x28, 0xA7, 0x28, 0xA6, 0x28, 0xA7, 0x28, 0x89, 0xA6, 0x28,
    0x82, 0xA7, 0x28, 0x01, 0xA6, 0x28, 0xA6, 0x28, 0x84, 0xA7, 0x28, 0x82, 0xA6, 0x28, 0x04, 0xA7,
    0x28, 0xA6, 0x28, 0xF5, 0x81, 0xBE, 0xBA, 0xBD, 0xBA, 0x84, 0xBE, 0xBA, 0x06, 0xBD, 0xB2, 0xBE,
    0xBA, 0x38, 0x92, 0x86, 0x20, 0x86, 0x28, 0x86, 0x20, 0x86, 0x20, 0x85, 0x85, 0x20, 0x82, 0x65,
    0x20, 0x04, 0x85, 0x20, 0x65, 0x18, 0xD4, 0x79, 0xBE, 0xB2, 0x9E, 0xB2, 0x86, 0xBE, 0xB2, 0x09,
    0x9E, 0xB2, 0x9D, 0xAA, 0xA7, 0x28, 0x44, 0x18, 0x64, 0x18, 0x44, 0x18, 0x43, 0x10, 0x44, 0x18,
    0x44, 0x10, 0x44, 0x10, 0x88, 0x43, 0x10, 0x00, 0x19, 0x8A, 0x88, 0x9E, 0xAA, 0x01, 0x7D, 0xA2,
    0x64, 0x18, 0x84, 0x22, 0x08, 0x84, 0x21, 0x08, 0x85, 0x01, 0x00, 0x86, 0x00, 0x00, 0x8A, 0x00,
    0x00, 0x01, 0x01, 0x00, 0x01, 0x00, 0x85, 0x21, 0x08, 0x00, 0x22, 0x08, 0x83, 0x22, 0x10, 0x03,
    0x42, 0x10, 0x43, 0x10, 0x43, 0x10, 0xF3, 0x89, 0x88, 0xDD, 0xCA, 0x02, 0x58, 0xAA, 0xC8, 0x38,
    0xEA, 0x40, 0x82, 0xE9, 0x40, 0x86, 0xEA, 0x40, 0x84, 0x0A, 0x49, 0x86, 0x0B, 0x49, 0x01, 0xEA,
    0x40, 0xB1, 0x71, 0x85, 0xDD, 0xC2, 0x06, 0xFD, 0xC2, 0xDD, 0xC2, 0xFD, 0xC2, 0xDD, 0xBA, 0xC9,
    0x38, 0xA6, 0x28, 0xA7, 0x28, 0x88, 0xA6, 0x28, 0x01, 0x86, 0x28, 0x86, 0x28, 0x93, 0xA6, 0x28,
    0x04, 0xA7, 0x28, 0xA6, 0x28, 0xF5, 0x81, 0xBE, 0xBA, 0xBD, 0xBA, 0x84, 0xBE, 0xBA, 0x05, 0xBD,
    0xB2, 0xBE, 0xB2, 0x38, 0x92, 0x86, 0x20, 0x86, 0x28, 0x86, 0x20, 0x84, 0x85, 0x20, 0x83, 0x65,
    0x20, 0x05, 0x65, 0x18, 0x85, 0x20, 0x64, 0x18, 0xB3, 0x71, 0xBE, 0xB2, 0x9E, 0xB2, 0x85, 0xBE,
    0xB2, 0x05, 0x9E, 0xAA, 0x9E, 0xB2, 0x4F, 0x59, 0x44, 0x18, 0x64, 0x18, 0x43, 0x18, 0x8C, 0x43,
    0x10, 0x00, 0xA8, 0x30, 0x89, 0x9E, 0xAA, 0x00, 0xF7, 0x81, 0x85, 0x22, 0x08, 0x84, 0x21, 0x08,
    0x85, 0x01, 0x00, 0x86, 0x00, 0x00, 0x8B, 0x00, 0x00, 0x00, 0x01, 0x00, 0x86, 0x21, 0x08, 0x00,
    0x22, 0x08, 0x83, 0x22, 0x10, 0x02, 0x43, 0x10, 0x42, 0x10, 0xF3, 0x89, 0x88, 0xDD, 0xCA, 0x01,
    0x58, 0xA2, 0xC8, 0x38, 0x84, 0xE9, 0x40, 0x86, 0xEA, 0x40, 0x00, 0x0A, 0x41, 0x82, 0x0A, 0x49,
    0x86, 0x0B, 0x49, 0x01, 0xEA, 0x40, 0xB1, 0x71, 0x88, 0xDD, 0xC2, 0x01, 0xDD, 0xBA, 0xC9, 0x38,
    0x82, 0xA6, 0x28, 0x00, 0x86, 0x28, 0x82, 0xA6, 0x28, 0x01, 0x86, 0x28, 0x86, 0x28, 0x82, 0xA6,
    0x28, 0x85, 0x86, 0x28, 0x86, 0xA6, 0x28, 0x83, 0x86, 0x28, 0x83, 0xA6, 0x28, 0x04, 0xA7, 0x28,
    0x86, 0x28, 0xF5, 0x81, 0xBE, 0xBA, 0xBD, 0xB2, 0x84, 0xBE, 0xBA, 0x04, 0xBE, 0xB2, 0xBE, 0xB2,
    0x38, 0x92, 0x86, 0x20, 0x86, 0x20, 0x84, 0x85, 0x20, 0x83, 0x65, 0x20, 0x06, 0x65, 0x18, 0x65,
    0x18, 0x65, 0x20, 0x64, 0x18, 0x0C, 0x49, 0xBE, 0xB2, 0x9E, 0xB2, 0x84, 0xBE, 0xB2, 0x06, 0x9D,
    0xAA, 0x9E, 0xB2, 0xF6, 0x81, 0x43, 0x18, 0x64, 0x18, 0x43, 0x18, 0x43, 0x18, 0x8C, 0x43, 0x10,
    0x00, 0x92, 0x69, 0x89, 0x9E, 0xAA, 0x00, 0x4E, 0x51, 0x84, 0x22, 0x08, 0x85, 0x21, 0x08, 0x84,
    0x01, 0x00, 0x87, 0x00, 0x00, 0x8B, 0x00, 0x00, 0x00, 0x01, 0x00, 0x86, 0x21, 0x08, 0x01, 0x22,
    0x08, 0x22, 0x08, 0x82, 0x22, 0x10, 0x02, 0x43, 0x10, 0x42, 0x10, 0xF3, 0x89, 0x88, 0xDD, 0xCA,
    0x01, 0x58, 0xA2, 0xC8, 0x38, 0x84, 0xE9, 0x40, 0x86, 0xEA, 0x40, 0x01, 0x0A, 0x41, 0x0A, 0x41,
    0x82, 0x0A, 0x49, 0x85, 0x0B, 0x49, 0x01, 0xEA, 0x40, 0xB1, 0x71, 0x88, 0xDD, 0xC2, 0x04, 0xDD,
    0xBA, 0xC9, 0x38, 0x86, 0x28, 0xA6, 0x28, 0xA6, 0x28, 0x82, 0x86, 0x28, 0x01, 0xA6, 0x28, 0xA6,
    0x28, 0x83, 0x86, 0x28, 0x00, 0xA6, 0x28, 0x8E, 0x86, 0x28, 0x82, 0xA6, 0x28, 0x06, 0x86, 0x28,
    0x86, 0x28, 0xA7, 0x28, 0x86, 0x28, 0xF5, 0x81, 0xBE, 0xBA, 0xBD, 0xB2, 0x82, 0xBE, 0xBA, 0x83,
    0xBE, 0xB2, 0x02, 0x38, 0x92, 0x85, 0x20, 0x86, 0x20, 0x82, 0x85, 0x20, 0x84, 0x65, 0x20, 0x11,
    0x65, 0x18, 0x65, 0x18, 0x64, 0x18, 0x64, 0x18, 0x65, 0x18, 0x64, 0x18, 0x17, 0x8A, 0xBE, 0xB2,
    0x9D, 0xAA, 0x9E, 0xB2, 0x9E, 0xB2, 0x9E, 0xAA, 0x9D, 0xAA, 0x9E, 0xB2, 0x5A, 0x9A, 0x86, 0x20,
    0x44, 0x18, 0x44, 0x18, 0x8D, 0x43, 0x10, 0x01, 0x65, 0x18, 0x5C, 0x9A, 0x88, 0x9E, 0xAA, 0x01,
    0x9E, 0xA2, 0x86, 0x20, 0x84, 0x22, 0x08, 0x85, 0x21, 0x08, 0x84, 0x01, 0x00, 0x87, 0x00, 0x00,
    0x8B, 0x00, 0x00, 0x00, 0x01, 0x00, 0x86, 0x21, 0x08, 0x01, 0x22, 0x08, 0x22, 0x08, 0x82, 0x22,
    0x10, 0x02, 0x43, 0x10, 0x42, 0x10, 0xF3, 0x89, 0x88, 0xDD, 0xCA, 0x01, 0x58, 0xA2, 0xC8, 0x38,
    0x85, 0xE9, 0x40, 0x86, 0xEA, 0x40, 0x04, 0x0A, 0x41, 0x0A, 0x41, 0xEA, 0x40, 0x0A, 0x41, 0x0A,
    0x41, 0x84, 0x0B, 0x49, 0x01, 0xEA, 0x40, 0x91, 0x71, 0x88, 0xDD, 0xC2, 0x02, 0xDD, 0xBA, 0xC9,
    0x38, 0x86, 0x28, 0x82, 0xA6, 0x28, 0x9C, 0x86, 0x28, 0x05, 0xA6, 0x28, 0x86, 0x28, 0xF5, 0x81,
    0xBE, 0xBA, 0xBD, 0xB2, 0xBE, 0xBA, 0x85, 0xBE, 0xB2, 0x04, 0x38, 0x92, 0x85, 0x20, 0x86, 0x20,
    0x85, 0x20, 0x85, 0x20, 0x84, 0x65, 0x20, 0x01, 0x65, 0x18, 0x65, 0x18, 0x84, 0x64, 0x18, 0x03,
    0xA6, 0x28, 0x38, 0x8A, 0xBE, 0xB2, 0xBE, 0xB2, 0x82, 0x9E, 0xB2, 0x03, 0x39, 0x92, 0xA7, 0x28,
    0x43, 0x10, 0x44, 0x18, 0x8E, 0x43, 0x10, 0x00, 0x4F, 0x51, 0x89, 0x9E, 0xAA, 0x00, 0xF7, 0x81,
    0x85, 0x22, 0x08, 0x84, 0x21, 0x08, 0x85, 0x01, 0x00, 0x87, 0x00, 0x00, 0x8B, 0x00, 0x00, 0x01,
    0x01, 0x00, 0x01, 0x00, 0x86, 0x21, 0x08, 0x00, 0x22, 0x08, 0x82, 0x22, 0x10, 0x02, 0x42, 0x10,
    0x42, 0x10, 0xF3, 0x81, 0x88, 0xDD, 0xCA, 0x01, 0x58, 0xA2, 0xC8, 0x38, 0x82, 0xE9, 0x40, 0x88,
    0xEA, 0x40, 0x01, 0x0A, 0x41, 0x0A, 0x41, 0x83, 0x0A, 0x49, 0x84, 0x0B, 0x49, 0x01, 0xEA, 0x40,
    0xB1, 0x71, 0x88, 0xDD, 0xC2, 0x03, 0xBD, 0xBA, 0xC8, 0x38, 0x86, 0x28, 0xA6, 0x28, 0xA0, 0x86,
    0x28, 0x02, 0xF5, 0x81, 0xBE, 0xBA, 0xBD, 0xB2, 0x86, 0xBE, 0xB2, 0x00, 0x38, 0x92, 0x82, 0x85,
    0x20, 0x84, 0x65, 0x20, 0x01, 0x65, 0x18, 0x65, 0x18, 0x87, 0x64, 0x18, 0x07, 0x4E, 0x51, 0xF6,
    0x81, 0x39, 0x92, 0x17, 0x82, 0x4F, 0x59, 0x65, 0x18, 0x43, 0x10, 0x44, 0x18, 0x8E, 0x43, 0x10,
    0x01, 0x64, 0x18, 0x5B, 0x9A, 0x89, 0x9E, 0xAA, 0x00, 0x2D, 0x49, 0x84, 0x22, 0x08, 0x85, 0x21,
    0x08, 0x84, 0x01, 0x00, 0x88, 0x00, 0x00, 0x8C, 0x00, 0x00, 0x00, 0x01, 0x00, 0x86, 0x21, 0x08,
    0x06, 0x22, 0x08, 0x22, 0x08, 0x22, 0x10, 0x22, 0x10, 0x42, 0x10, 0x42, 0x10, 0xF3, 0x81, 0x88,
    0xDD, 0xCA, 0x01, 0x58, 0xA2, 0xA7, 0x30, 0x86, 0xC8, 0x38, 0x86, 0xC9, 0x38, 0x86, 0xE9, 0x40,
    0x03, 0xEA, 0x40, 0xEA, 0x40, 0xC8, 0x38, 0x90, 0x69, 0x88, 0xDD, 0xC2, 0x03, 0xBD, 0xBA, 0xC8,
    0x38, 0x86, 0x28, 0xA6, 0x28, 0xA0, 0x86, 0x28, 0x02, 0xF5, 0x81, 0xBE, 0xB2, 0xBD, 0xB2, 0x86,
    0xBE, 0xB2, 0x02, 0x38, 0x92, 0x85, 0x20, 0x85, 0x20, 0x84, 0x65, 0x20, 0x01, 0x65, 0x18, 0x65,
    0x18, 0x89, 0x64, 0x18, 0x00, 0x44, 0x18, 0x94, 0x43, 0x10, 0x00, 0x4E, 0x51, 0x89, 0x9E, 0xAA,
    0x01, 0x5C, 0x9A, 0x64, 0x18, 0x84, 0x22, 0x08, 0x84, 0x21, 0x08, 0x85, 0x01, 0x00, 0x88, 0x00,
    0x00, 0x8C, 0x00, 0x00, 0x00, 0x01, 0x00, 0x86, 0x21, 0x08, 0x82, 0x22, 0x08, 0x05, 0x22, 0x10,
    0x42, 0x10, 0x22, 0x10, 0xF3, 0x81, 0xDD, 0xCA, 0xDD, 0xC2, 0x86, 0xDD, 0xCA, 0x01, 0x79, 0xAA,
    0x4D, 0x59, 0x85, 0x6E, 0x61, 0x8D, 0x6F, 0x61, 0x04, 0x6F, 0x69, 0x6F, 0x69, 0x90, 0x69, 0x6F,
    0x61, 0xF4, 0x81, 0x88, 0xDD, 0xC2, 0x01, 0xBD, 0xBA, 0xC8, 0x38, 0x8C, 0x86, 0x28, 0x00, 0x86,
    0x20, 0x8E, 0x86, 0x28, 0x00, 0x86, 0x20, 0x84, 0x86, 0x28, 0x02, 0xF5, 0x81, 0xBE, 0xB2, 0xBD,
    0xB2, 0x86, 0xBE, 0xB2, 0x02, 0x18, 0x92, 0x85, 0x20, 0x85, 0x20, 0x83, 0x65, 0x20, 0x01, 0x65,
    0x18, 0x65, 0x18, 0x88, 0x64, 0x18, 0x05, 0x44, 0x18, 0x64, 0x18, 0x64, 0x18, 0x43, 0x18, 0x63,
    0x10, 0x64, 0x18, 0x90, 0x43, 0x10, 0x01, 0x65, 0x18, 0x5B, 0x9A, 0x87, 0x9E, 0xAA, 0x02, 0x9E,
    0xA2, 0x9E, 0xAA, 0x93, 0x69, 0x84, 0x22, 0x08, 0x85, 0x21, 0x08, 0x85, 0x01, 0x00, 0x88, 0x00,
    0x00, 0x8C, 0x00, 0x00, 0x01, 0x01, 0x00, 0x01, 0x00, 0x86, 0x21, 0x08, 0x07, 0x22, 0x08, 0x22,
    0x08, 0x22, 0x10, 0x42, 0x10, 0x22, 0x10, 0xD2, 0x79, 0xDD, 0xCA, 0xDD, 0xC2, 0x88, 0xDD, 0xCA,
    0xA1, 0xDD, 0xC2, 0x01, 0xBD, 0xBA, 0xC8, 0x38, 0x8C, 0x86, 0x28, 0x8F, 0x86, 0x20, 0x82, 0x86,
    0x28, 0x05, 0x86, 0x20, 0x86, 0x28, 0x86, 0x20, 0xF5, 0x81, 0xBE, 0xB2, 0xBD, 0xB2, 0x84, 0xBE,
    0xB2, 0x04, 0x9E, 0xB2, 0xBE, 0xB2, 0x18, 0x92, 0x85, 0x20, 0x85, 0x20, 0x82, 0x65, 0x20, 0x01,
    0x65, 0x18, 0x65, 0x18, 0x87, 0x64, 0x18, 0x03, 0x44, 0x18, 0x44, 0x18, 0x43, 0x18, 0x43, 0x18,
    0x94, 0x43, 0x10, 0x00, 0x92, 0x69, 0x89, 0x9E, 0xAA, 0x01, 0x9E, 0xA2, 0x87, 0x20, 0x83, 0x22,
    0x08, 0x85, 0x21, 0x08, 0x85, 0x01, 0x00, 0x89, 0x00, 0x00, 0x8D, 0x00, 0x00, 0x00, 0x01, 0x00,
    0x86, 0x21, 0x08, 0x07, 0x22, 0x08, 0x22, 0x08, 0x22, 0x10, 0x42, 0x10, 0x22, 0x10, 0x6F, 0x69,
    0xDD, 0xCA, 0xDD, 0xC2, 0x86, 0xDD, 0xCA, 0xA2, 0xDD, 0xC2, 0x02, 0xDE, 0xC2, 0xBD, 0xBA, 0xA7,
    0x30, 0x82, 0x86, 0x28, 0x01, 0x86, 0x20, 0x86, 0x28, 0x83, 0x86, 0x20, 0x00, 0x86, 0x28, 0x96,
    0x86, 0x20, 0x04, 0x86, 0x28, 0x86, 0x20, 0xF5, 0x81, 0xBE, 0xB2, 0xBD, 0xB2, 0x84, 0xBE, 0xB2,
    0x08, 0x9E, 0xB2, 0xBE, 0xB2, 0x18, 0x8A, 0x85, 0x20, 0x85, 0x20, 0x65, 0x20, 0x65, 0x20, 0x65,
    0x18, 0x65, 0x18, 0x86, 0x64, 0x18, 0x82, 0x44, 0x18, 0x00, 0x43, 0x18, 0x95, 0x43, 0x10, 0x00,
    0xC9, 0x30, 0x88, 0x9E, 0xAA, 0x02, 0x9E, 0xA2, 0x9E, 0xAA, 0xD5, 0x71, 0x84, 0x22, 0x08, 0x85,
    0x21, 0x08, 0x85, 0x01, 0x00, 0x89, 0x00, 0x00, 0x8D, 0x00, 0x00, 0x00, 0x01, 0x00, 0x87, 0x21,
    0x08, 0x04, 0x22, 0x08, 0x22, 0x08, 0x42, 0x10, 0x22, 0x10, 0xE9, 0x40, 0x87, 0xDD, 0xCA, 0xA1,
    0xDD, 0xC2, 0x07, 0xDE, 0xC2, 0xDE, 0xC2, 0xBD, 0xBA, 0xBD, 0xBA, 0x4E, 0x59, 0x86, 0x20, 0x86,
    0x28, 0x86, 0x28, 0x8C, 0x86, 0x20, 0x00, 0x85, 0x20, 0x8F, 0x86, 0x20, 0x04, 0x86, 0x28, 0x85,
    0x20, 0xF5, 0x81, 0xBE, 0xB2, 0xBD, 0xB2, 0x84, 0xBE, 0xB2, 0x07, 0x9E, 0xB2, 0xBE, 0xB2, 0x18,
    0x8A, 0x85, 0x20, 0x85, 0x20, 0x65, 0x20, 0x65, 0x18, 0x65, 0x18, 0x86, 0x64, 0x18, 0x82, 0x44,
    0x18, 0x97, 0x43, 0x10, 0x00, 0x39, 0x8A, 0x88, 0x9E, 0xAA, 0x02, 0x9E, 0xA2, 0x9E, 0xA2, 0xA7,
    0x28, 0x83, 0x22, 0x08, 0x86, 0x21, 0x08, 0x84, 0x01, 0x00, 0x8A, 0x00, 0x00, 0x8D, 0x00, 0x00,
    0x01, 0x01, 0x00, 0x01, 0x00, 0x86, 0x21, 0x08, 0x07, 0x22, 0x08, 0x22, 0x08, 0x22, 0x10, 0x22,
    0x10, 0x43, 0x10, 0x7A, 0xB2, 0xDD, 0xCA, 0xDD, 0xC2, 0x82, 0xDD, 0xCA, 0xA1, 0xDD, 0xC2, 0x00,
    0xDE, 0xC2, 0x82, 0xDE, 0xBA, 0x06, 0xDD, 0xBA, 0xDD, 0xBA, 0xBD, 0xBA, 0xB1, 0x71, 0x86, 0x20,
    0x86, 0x20, 0x86, 0x28, 0x83, 0x86, 0x20, 0x05, 0x85, 0x20, 0x86, 0x20, 0x86, 0x20, 0x85, 0x20,
    0x85, 0x20, 0x86, 0x20, 0x83, 0x85, 0x20, 0x86, 0x86, 0x20, 0x01, 0x85, 0x20, 0x85, 0x20, 0x82,
    0x86, 0x20, 0x82, 0x85, 0x20, 0x04, 0x86, 0x28, 0x85, 0x20, 0xF5, 0x81, 0xBE, 0xB2, 0x9D, 0xB2,
    0x84, 0xBE, 0xB2, 0x06, 0x9E, 0xB2, 0xBE, 0xB2, 0x18, 0x8A, 0x65, 0x20, 0x85, 0x20, 0x65, 0x18,
    0x65, 0x18, 0x86, 0x64, 0x18, 0x82, 0x44, 0x18, 0x92, 0x43, 0x10, 0x00, 0x22, 0x10, 0x82, 0x43,
    0x10, 0x01, 0x42, 0x10, 0x92, 0x61, 0x88, 0x9E, 0xAA, 0x02, 0x9E, 0xA2, 0x9E, 0xAA, 0xB5, 0x71,
    0x83, 0x22, 0x08, 0x86, 0x21, 0x08, 0x85, 0x01, 0x00, 0x8A, 0x00, 0x00, 0x8E, 0x00, 0x00, 0x00,
    0x01, 0x00, 0x87, 0x21, 0x08, 0x08, 0x22, 0x08, 0x22, 0x08, 0x42, 0x10, 0x22, 0x10, 0x6F, 0x61,
    0xDD, 0xCA, 0xDD, 0xC2, 0xDD, 0xCA, 0xDD, 0xCA, 0xA1, 0xDD, 0xC2, 0x86, 0xDE, 0xBA, 0x05, 0xDD,
    0xBA, 0xDE, 0xBA, 0x16, 0x8A, 0xA7, 0x30, 0x86, 0x20, 0x86, 0x20, 0x97, 0x85, 0x20, 0x00, 0x86,
    0x20, 0x82, 0x85, 0x20, 0x04, 0x86, 0x20, 0x85, 0x20, 0xF5, 0x79, 0xBE, 0xB2, 0x9D, 0xB2, 0x84,
    0xBE, 0xB2, 0x05, 0x9E, 0xB2, 0xBE, 0xB2, 0x18, 0x8A, 0x65, 0x18, 0x85, 0x20, 0x65, 0x18, 0x86,
    0x64, 0x18, 0x82, 0x44, 0x18, 0x90, 0x43, 0x10, 0x07, 0x42, 0x10, 0x42, 0x10, 0x43, 0x10, 0x22,
    0x10, 0x22, 0x10, 0x43, 0x10, 0x22, 0x08, 0x0C, 0x41, 0x88, 0x9E, 0xAA, 0x03, 0x9E, 0xA2, 0x9E,
    0xA2, 0x7D, 0xA2, 0x86, 0x20, 0x82, 0x22, 0x08, 0x86, 0x21, 0x08, 0x85, 0x01, 0x00, 0x8B, 0x00,
    0x00, 0x8E, 0x00, 0x00, 0x01, 0x01, 0x00, 0x01, 0x00, 0x87, 0x21, 0x08, 0x05, 0x22, 0x08, 0x22,
    0x10, 0x42, 0x10, 0x43, 0x18, 0x59, 0xAA, 0xDD, 0xCA, 0x99, 0xDD, 0xC2, 0x01, 0xBD, 0xC2, 0xBD,
    0xC2, 0x85, 0xDD, 0xC2, 0x88, 0xDE, 0xBA, 0x07, 0xBD, 0xBA, 0xBD, 0xBA, 0xBE, 0xBA, 0x7A, 0xA2,
    0xEA, 0x40, 0x85, 0x20, 0x86, 0x20, 0x86, 0x20, 0x99, 0x85, 0x20, 0x04, 0x86, 0x20, 0x85, 0x20,
    0xD5, 0x79, 0xBE, 0xB2, 0x9D, 0xB2, 0x84, 0xBE, 0xB2, 0x04, 0x9E, 0xB2, 0xBE, 0xB2, 0x18, 0x8A,
    0x65, 0x18, 0x85, 0x20, 0x87, 0x64, 0x18, 0x01, 0x44, 0x18, 0x44, 0x18, 0x8E, 0x43, 0x10, 0x84,
    0x42, 0x10, 0x05, 0x22, 0x10, 0x22, 0x10, 0x43, 0x10, 0x22, 0x08, 0xA8, 0x28, 0x7D, 0xA2, 0x88,
    0x9E, 0xAA, 0x02, 0x9E, 0xA2, 0x9E, 0xA2, 0x71, 0x59, 0x82, 0x22, 0x08, 0x87, 0x21, 0x08, 0x85,
    0x01, 0x00, 0x8B, 0x00, 0x00, 0x8F, 0x00, 0x00, 0x00, 0x01, 0x00, 0x87, 0x21, 0x08, 0x05, 0x22,
    0x08, 0x22, 0x08, 0x22, 0x10, 0x22, 0x10, 0xA7, 0x30, 0xBC, 0xBA, 0x97, 0xDD, 0xC2, 0x88, 0xBD,
    0xC2, 0x86, 0xBE, 0xBA, 0x01, 0xDE, 0xBA, 0xDE, 0xBA, 0x82, 0xBE, 0xBA, 0x06, 0xBD, 0xBA, 0xBE,
    0xBA, 0xBD, 0xB2, 0x6F, 0x59, 0x85, 0x20, 0x86, 0x20, 0x86, 0x20, 0x98, 0x85, 0x20, 0x04, 0x86,
    0x20, 0x85, 0x20, 0xD5, 0x79, 0xBE, 0xB2, 0x9D, 0xB2, 0x84, 0xBE, 0xB2, 0x04, 0x9E, 0xB2, 0xBE,
    0xB2, 0x18, 0x8A, 0x65, 0x18, 0x65, 0x20, 0x86, 0x64, 0x18, 0x01, 0x44, 0x18, 0x44, 0x18, 0x89,
    0x43, 0x10, 0x82, 0x42, 0x10, 0x83, 0x22, 0x10, 0x82, 0x42, 0x10, 0x05, 0x22, 0x08, 0x22, 0x08,
    0x42, 0x10, 0x22, 0x08, 0x65, 0x18, 0x5B, 0x92, 0x88, 0x9E, 0xAA, 0x05, 0x9E, 0xA2, 0x9E, 0xA2,
    0x3A, 0x92, 0x43, 0x10, 0x22, 0x08, 0x22, 0x08, 0x87, 0x21, 0x08, 0x85, 0x01, 0x00, 0x8C, 0x00,
    0x00, 0x8F, 0x00, 0x00, 0x01, 0x01, 0x00, 0x01, 0x00, 0x87, 0x21, 0x08, 0x05, 0x22, 0x08, 0x22,
    0x08, 0x22, 0x10, 0x22, 0x10, 0xC8, 0x38, 0x9B, 0xB2, 0x95, 0xDD, 0xC2, 0x87, 0xBD, 0xC2, 0x8E,
    0xBE, 0xBA, 0x06, 0xBD, 0xBA, 0xBE, 0xBA, 0xBE, 0xBA, 0xD3, 0x79, 0x86, 0x28, 0x85, 0x20, 0x86,
    0x20, 0x97, 0x85, 0x20, 0x04, 0x86, 0x20, 0x85, 0x20, 0xD5, 0x79, 0xBE, 0xB2, 0x9D, 0xB2, 0x84,
    0xBE, 0xB2, 0x04, 0x9E, 0xB2, 0xBE, 0xB2, 0x17, 0x8A, 0x64, 0x18, 0x65, 0x18, 0x85, 0x64, 0x18,
    0x01, 0x44, 0x18, 0x44, 0x18, 0x8A, 0x43, 0x10, 0x01, 0x42, 0x10, 0x42, 0x10, 0x84, 0x22, 0x10,
    0x84, 0x22, 0x08, 0x04, 0x42, 0x10, 0x22, 0x08, 0xD5, 0x79, 0x9E, 0xAA, 0x9E, 0xA2, 0x85, 0x9E,
    0xAA, 0x83, 0x9E, 0xA2, 0x02, 0xCA, 0x30, 0x22, 0x08, 0x22, 0x08, 0x87, 0x21, 0x08, 0x86, 0x01,
    0x00, 0x8C, 0x00, 0x00, 0x90, 0x00, 0x00, 0x01, 0x01, 0x00, 0x01, 0x08, 0x87, 0x21, 0x08, 0x05,
    0x22, 0x08, 0x22, 0x08, 0x22, 0x10, 0x22, 0x10, 0x85, 0x20, 0xF4, 0x89, 0x92, 0xDD, 0xC2, 0x87,
    0xBD, 0xC2, 0x86, 0xBE, 0xBA, 0x01, 0xBD, 0xBA, 0xBD, 0xBA, 0x89, 0xBE, 0xBA, 0x05, 0xBD, 0xBA,
    0xBE, 0xBA, 0x38, 0x9A, 0xC8, 0x30, 0x85, 0x20, 0x86, 0x20, 0x96, 0x85, 0x20, 0x04, 0x86, 0x20,
    0x85, 0x20, 0xD5, 0x79, 0xBE, 0xB2, 0x9E, 0xB2, 0x84, 0xBE, 0xB2, 0x04, 0x9E, 0xB2, 0xBE, 0xB2,
    0x17, 0x8A, 0x64, 0x18, 0x65, 0x18, 0x85, 0x64, 0x18, 0x01, 0x43, 0x18, 0x43, 0x18, 0x88, 0x43,
    0x10, 0x82, 0x42, 0x10, 0x8B, 0x22, 0x08, 0x00, 0x87, 0x20, 0x86, 0x9E, 0xAA, 0x84, 0x9E, 0xA2,
    0x02, 0x93, 0x69, 0x21, 0x08, 0x22, 0x08, 0x87, 0x21, 0x08, 0x86, 0x01, 0x00, 0x8D, 0x00, 0x00,
    0x90, 0x00, 0x00, 0x02, 0x01, 0x00, 0x01, 0x00, 0x01, 0x08, 0x87, 0x21, 0x08, 0x01, 0x22, 0x08,
    0x22, 0x08, 0x82, 0x22, 0x10, 0x03, 0xC9, 0x38, 0xD2, 0x79, 0x59, 0xAA, 0xBC, 0xBA, 0x8C, 0xDD,
    0xC2, 0x88, 0xBD, 0xC2, 0x89, 0xBE, 0xBA, 0x00, 0xBD, 0xBA, 0x89, 0xBE, 0xBA, 0x03, 0xBD, 0xBA,
    0xBE, 0xBA, 0x7B, 0xAA, 0x2C, 0x49, 0x97, 0x85, 0x20, 0x04, 0x86, 0x20, 0x85, 0x20, 0xD5, 0x79,
    0xBE, 0xB2, 0x9E, 0xB2, 0x84, 0xBE, 0xB2, 0x02, 0x9E, 0xB2, 0xBE, 0xB2, 0x17, 0x8A, 0x86, 0x64,
    0x18, 0x01, 0x44, 0x18, 0x43, 0x18, 0x87, 0x43, 0x10, 0x83, 0x42, 0x10, 0x8C, 0x22, 0x08, 0x02,
    0x0C, 0x41, 0x9E, 0xAA, 0x9E, 0xA2, 0x83, 0x9E, 0xAA, 0x84, 0x9E, 0xA2, 0x02, 0x3A, 0x8A, 0x43,
    0x10, 0x22, 0x08, 0x87, 0x21, 0x08, 0x86, 0x01, 0x00, 0x8E, 0x00, 0x00, 0x91, 0x00, 0x00, 0x02,
    0x01, 0x00, 0x01, 0x08, 0x01, 0x08, 0x86, 0x21, 0x08, 0x82, 0x22, 0x08, 0x00, 0x22, 0x10, 0x83,
    0x42, 0x10, 0x01, 0x85, 0x20, 0xA6, 0x28, 0x83, 0xA7, 0x28, 0x89, 0xA7, 0x30, 0x8C, 0xC8, 0x30,
    0x05, 0xC8, 0x38, 0xC8, 0x30, 0x70, 0x61, 0xBD, 0xBA, 0xBE, 0xBA, 0xBD, 0xBA, 0x89, 0xBE, 0xBA,
    0x03, 0xBD, 0xBA, 0xBE, 0xBA, 0xBE, 0xBA, 0x91, 0x69, 0x98, 0x85, 0x20, 0x02, 0xD5, 0x79, 0xBE,
    0xB2, 0x9E, 0xB2, 0x84, 0xBE, 0xB2, 0x02, 0x9E, 0xAA, 0x9E, 0xB2, 0x17, 0x8A, 0x84, 0x64, 0x18,
    0x02, 0x44, 0x18, 0x44, 0x18, 0x43, 0x18, 0x87, 0x43, 0x10, 0x83, 0x42, 0x10, 0x8D, 0x22, 0x08,
    0x04, 0x0C, 0x41, 0x9E, 0xA2, 0x9E, 0xA2, 0x9E, 0xAA, 0x9E, 0xAA, 0x85, 0x9E, 0xA2, 0x03, 0x7D,
    0xA2, 0xA7, 0x28, 0x21, 0x08, 0x22, 0x08, 0x86, 0x21, 0x08, 0x87, 0x01, 0x00, 0x8E, 0x00, 0x00,
    0x92, 0x00, 0x00, 0x02, 0x01, 0x00, 0x01, 0x08, 0x01, 0x08, 0x86, 0x21, 0x08, 0x83, 0x22, 0x08,
    0x86, 0x42, 0x10, 0x87, 0x43, 0x10, 0x82, 0x43, 0x18, 0x01, 0x44, 0x18, 0x44, 0x18, 0x8E, 0x64,
    0x18, 0x03, 0x0B, 0x49, 0x7B, 0xAA, 0xBE, 0xBA, 0xBD, 0xBA, 0x89, 0xBE, 0xBA, 0x04, 0xBD, 0xBA,
    0xBD, 0xBA, 0xBE, 0xBA, 0xF6, 0x89, 0xA6, 0x28, 0x96, 0x85, 0x20, 0x02, 0xD5, 0x79, 0xBE, 0xB2,
    0x9E, 0xB2, 0x83, 0xBE, 0xB2, 0x03, 0x9E, 0xB2, 0x9E, 0xAA, 0x9E, 0xB2, 0x17, 0x8A, 0x83, 0x64,
    0x18, 0x01, 0x44, 0x18, 0x44, 0x18, 0x88, 0x43, 0x10, 0x83, 0x42, 0x10, 0x8E, 0x22, 0x08, 0x03,
    0xA7, 0x28, 0x9E, 0xAA, 0x9E, 0xA2, 0x9E, 0xAA, 0x86, 0x9E, 0xA2, 0x02, 0x0C, 0x41, 0x21, 0x08,
    0x22, 0x08, 0x86, 0x21, 0x08, 0x87, 0x01, 0x00, 0x8F, 0x00, 0x00, 0x92, 0x00, 0x00, 0x02, 0x01,
    0x00, 0x01, 0x00, 0x01, 0x08, 0x87, 0x21, 0x08, 0x83, 0x22, 0x08, 0x03, 0x22, 0x10, 0x22, 0x10,
    0x42, 0x10, 0x42, 0x10, 0x87, 0x43, 0x10, 0x82, 0x43, 0x18, 0x91, 0x64, 0x18, 0x05, 0x65, 0x20,
    0x64, 0x18, 0xA7, 0x28, 0x17, 0x92, 0xBE, 0xBA, 0xBD, 0xBA, 0x8A, 0xBE, 0xBA, 0x03, 0xBD, 0xB2,
    0xBE, 0xBA, 0x5A, 0xA2, 0xEA, 0x40, 0x91, 0x85, 0x20, 0x08, 0x65, 0x20, 0x65, 0x20, 0x85, 0x20,
    0x65, 0x20, 0xD5, 0x79, 0xBE, 0xB2, 0x9E, 0xB2, 0xBE, 0xB2, 0xBE, 0xB2, 0x82, 0x9E, 0xB2, 0x04,
    0x9E, 0xAA, 0x9E, 0xB2, 0x17, 0x8A, 0x64, 0x18, 0x64, 0x18, 0x82, 0x44, 0x18, 0x88, 0x43, 0x10,
    0x83, 0x42, 0x10, 0x8A, 0x22, 0x08, 0x01, 0x21, 0x08, 0x21, 0x08, 0x83, 0x22, 0x08, 0x02, 0xF7,
    0x81, 0x9E, 0xA2, 0x7E, 0xA2, 0x83, 0x9E, 0xA2, 0x04, 0x7E, 0xA2, 0x9E, 0xA2, 0x71, 0x59, 0x21,
    0x08, 0x22, 0x08, 0x86, 0x21, 0x08, 0x87, 0x01, 0x00, 0x90, 0x00, 0x00, 0x93, 0x00, 0x00, 0x02,
    0x01, 0x00, 0x01, 0x00, 0x01, 0x08, 0x87, 0x21, 0x08, 0x84, 0x22, 0x08, 0x01, 0x22, 0x10, 0x22,
    0x10, 0x85, 0x42, 0x10, 0x88, 0x43, 0x10, 0x82, 0x43, 0x18, 0x00, 0x63, 0x18, 0x8D, 0x64, 0x18,
    0x03, 0xB2, 0x71, 0xBE, 0xBA, 0xBE, 0xBA, 0xBD, 0xBA, 0x89, 0xBE, 0xBA, 0x06, 0xBD, 0xB2, 0xBE,
    0xBA, 0x9D, 0xB2, 0x4F, 0x59, 0x65, 0x20, 0x65, 0x20, 0x85, 0x20, 0x8F, 0x65, 0x20, 0x05, 0x85,
    0x20, 0x65, 0x20, 0xD5, 0x79, 0xBE, 0xB2, 0x9E, 0xAA, 0xBE, 0xB2, 0x83, 0x9E, 0xB2, 0x04, 0x9E,
    0xAA, 0x9E, 0xB2, 0x17, 0x8A, 0x64, 0x18, 0x64, 0x18, 0x82, 0x44, 0x18, 0x88, 0x43, 0x10, 0x01,
    0x42, 0x10, 0x42, 0x10, 0x8B, 0x22, 0x08, 0x84, 0x21, 0x08, 0x03, 0x22, 0x08, 0x21, 0x08, 0x86,
    0x20, 0x5C, 0x9A, 0x85, 0x9E, 0xA2, 0x02, 0xB4, 0x69, 0x21, 0x08, 0x22, 0x08, 0x85, 0x21, 0x08,
    0x88, 0x01, 0x00, 0x91, 0x00, 0x00, 0x94, 0x00, 0x00, 0x02, 0x01, 0x00, 0x01, 0x00, 0x01, 0x08,
    0x88, 0x21, 0x08, 0x83, 0x22, 0x08, 0x82, 0x22, 0x10, 0x84, 0x42, 0x10, 0x8B, 0x43, 0x10, 0x82,
    0x63, 0x18, 0x01, 0x44, 0x18, 0x44, 0x18, 0x89, 0x64, 0x18, 0x03, 0x2D, 0x51, 0x9C, 0xB2, 0xBE,
    0xBA, 0xBD, 0xBA, 0x88, 0xBE, 0xBA, 0x83, 0xBE, 0xB2, 0x03, 0xD3, 0x71, 0x85, 0x20, 0x65, 0x20,
    0x85, 0x20, 0x8E, 0x65, 0x20, 0x04, 0x85, 0x20, 0x65, 0x20, 0xD5, 0x79, 0xBE, 0xB2, 0x9E, 0xAA,
    0x84, 0x9E, 0xB2, 0x06, 0x9E, 0xAA, 0x9E, 0xAA, 0x17, 0x8A, 0x64, 0x18, 0x64, 0x18, 0x44, 0x18,
    0x44, 0x18, 0x87, 0x43, 0x10, 0x82, 0x42, 0x10, 0x88, 0x22, 0x08, 0x8B, 0x21, 0x08, 0x06, 0x65,
    0x20, 0xD5, 0x71, 0x7D, 0xA2, 0x9E, 0xA2, 0x9E, 0xA2, 0x5B, 0x92, 0x4F, 0x51, 0x86, 0x21, 0x08,
    0x89, 0x01, 0x00, 0x92, 0x00, 0x00, 0x95, 0x00, 0x00, 0x02, 0x01, 0x00, 0x01, 0x00, 0x01, 0x08,
    0x88, 0x21, 0x08, 0x83, 0x22, 0x08, 0x83, 0x22, 0x10, 0x84, 0x42, 0x10, 0x8A, 0x43, 0x10, 0x83,
    0x43, 0x18, 0x84, 0x44, 0x18, 0x85, 0x64, 0x18, 0x03, 0xC9, 0x38, 0x59, 0x9A, 0xBE, 0xBA, 0xBD,
    0xB2, 0x85, 0xBE, 0xBA, 0x86, 0xBE, 0xB2, 0x03, 0x38, 0x92, 0xC8, 0x30, 0x65, 0x18, 0x85, 0x20,
    0x8D, 0x65, 0x20, 0x04, 0x85, 0x20, 0x65, 0x18, 0xD5, 0x79, 0x9E, 0xB2, 0x9E, 0xAA, 0x84, 0x9E,
    0xB2, 0x06, 0x9E, 0xAA, 0x9E, 0xAA, 0x17, 0x8A, 0x64, 0x18, 0x64, 0x18, 0x44, 0x18, 0x44, 0x18,
    0x86, 0x43, 0x10, 0x82, 0x42, 0x10, 0x88, 0x22, 0x08, 0x8E, 0x21, 0x08, 0x03, 0x65, 0x18, 0xC9,
    0x30, 0xA7, 0x28, 0x43, 0x10, 0x84, 0x21, 0x08, 0x8B, 0x01, 0x00, 0x93, 0x00, 0x00, 0x96, 0x00,
    0x00, 0x03, 0x01, 0x00, 0x01, 0x00, 0x01, 0x08, 0x01, 0x08, 0x88, 0x21, 0x08, 0x85, 0x22, 0x08,
    0x82, 0x22, 0x10, 0x84, 0x42, 0x10, 0x8B, 0x43, 0x10, 0x83, 0x43, 0x18, 0x82, 0x44, 0x18, 0x84,
    0x64, 0x18, 0x04, 0x85, 0x20, 0xD5, 0x81, 0xBE, 0xBA, 0xBE, 0xB2, 0xBD, 0xB2, 0x82, 0xBE, 0xBA,
    0x86, 0xBE, 0xB2, 0x05, 0xBD, 0xB2, 0xBE, 0xB2, 0x7C, 0xA2, 0x0C, 0x49, 0x65, 0x18, 0x85, 0x20,
    0x85, 0x65, 0x20, 0x82, 0x65, 0x18, 0x82, 0x65, 0x20, 0x05, 0x65, 0x18, 0x85, 0x20, 0x65, 0x18,
    0xD5, 0x79, 0x9E, 0xB2, 0x9E, 0xAA, 0x82, 0x9E, 0xB2, 0x83, 0x9E, 0xAA, 0x03, 0x17, 0x8A, 0x64,
    0x18, 0x64, 0x18, 0x44, 0x18, 0x87, 0x43, 0x10, 0x00, 0x42, 0x10, 0x89, 0x22, 0x08, 0x8B, 0x21,
    0x08, 0x04, 0x01, 0x08, 0x01, 0x08, 0x21, 0x08, 0x21, 0x08, 0x01, 0x08, 0x82, 0x01, 0x00, 0x00,
    0x21, 0x08, 0x8E, 0x01, 0x00, 0x94, 0x00, 0x00, 0x97, 0x00, 0x00, 0x03, 0x01, 0x00, 0x01, 0x00,
    0x01, 0x08, 0x01, 0x08, 0x89, 0x21, 0x08, 0x86, 0x22, 0x08, 0x82, 0x22, 0x10, 0x82, 0x42, 0x10,
    0x8C, 0x43, 0x10, 0x83, 0x43, 0x18, 0x82, 0x44, 0x18, 0x84, 0x64, 0x18, 0x02, 0x6F, 0x61, 0xBD,
    0xB2, 0xBE, 0xBA, 0x8A, 0xBE, 0xB2, 0x06, 0x9E, 0xB2, 0xBE, 0xB2, 0xBE, 0xB2, 0x91, 0x61, 0x65,
    0x18, 0x65, 0x18, 0x65, 0x20, 0x84, 0x65, 0x18, 0x85, 0x65, 0x20, 0x05, 0x85, 0x20, 0x65, 0x18,
    0xD4, 0x79, 0x9E, 0xB2, 0x9E, 0xAA, 0x9E, 0xB2, 0x85, 0x9E, 0xAA, 0x03, 0x17, 0x8A, 0x64, 0x18,
    0x64, 0x18, 0x43, 0x18, 0x87, 0x43, 0x10, 0x00, 0x22, 0x10, 0x87, 0x22, 0x08, 0x8C, 0x21, 0x08,
    0x84, 0x01, 0x00, 0x03, 0x21, 0x00, 0x21, 0x08, 0x21, 0x08, 0x01, 0x08, 0x8E, 0x01, 0x00, 0x95,
    0x00, 0x00, 0x98, 0x00, 0x00, 0x82, 0x01, 0x00, 0x01, 0x01, 0x08, 0x01, 0x08, 0x89, 0x21, 0x08,
    0x87, 0x22, 0x08, 0x83, 0x22, 0x10, 0x82, 0x42, 0x10, 0x8C, 0x43, 0x10, 0x84, 0x43, 0x18, 0x83,
    0x64, 0x18, 0x03, 0xEB, 0x40, 0x7B, 0xA2, 0xBE, 0xB2, 0xBD, 0xB2, 0x89, 0xBE, 0xB2, 0x06, 0x9E,
    0xB2, 0x9E, 0xB2, 0xBE, 0xB2, 0xF6, 0x81, 0x86, 0x28, 0x65, 0x18, 0x85, 0x20, 0x82, 0x65, 0x18,
    0x83, 0x65, 0x20, 0x82, 0x65, 0x18, 0x03, 0x65, 0x20, 0x65, 0x18, 0xD4, 0x79, 0x9E, 0xB2, 0x87,
    0x9E, 0xAA, 0x03, 0x17, 0x8A, 0x44, 0x18, 0x64, 0x18, 0x43, 0x18, 0x86, 0x43, 0x10, 0x01, 0x22,
    0x10, 0x22, 0x10, 0x86, 0x22, 0x08, 0x8C, 0x21, 0x08, 0x96, 0x01, 0x00, 0x97, 0x00, 0x00, 0x9A,
    0x00, 0x00, 0x03, 0x01, 0x00, 0x01, 0x00, 0x01, 0x08, 0x01, 0x08, 0x89, 0x21, 0x08, 0x88, 0x22,
    0x08, 0x83, 0x22, 0x10, 0x82, 0x42, 0x10, 0x8E, 0x43, 0x10, 0x83, 0x43, 0x18, 0x03, 0x64, 0x18,
    0x64, 0x18, 0xA7, 0x28, 0x17, 0x8A, 0x8C, 0xBE, 0xB2, 0x05, 0x9E, 0xB2, 0xBE, 0xB2, 0x5A, 0x9A,
    0xEA, 0x38, 0x65, 0x18, 0x65, 0x20, 0x88, 0x65, 0x18, 0x02, 0x65, 0x20, 0x65, 0x18, 0xD5, 0x79,
    0x88, 0x9E, 0xAA, 0x02, 0x17, 0x82, 0x44, 0x18, 0x64, 0x18, 0x87, 0x43, 0x10, 0x00, 0x22, 0x10,
    0x86, 0x22, 0x08, 0x8C, 0x21, 0x08, 0x95, 0x01, 0x00, 0x99, 0x00, 0x00, 0x9B, 0x00, 0x00, 0x82,
    0x01, 0x00, 0x01, 0x01, 0x08, 0x01, 0x08, 0x8A, 0x21, 0x08, 0x88, 0x22, 0x08, 0x01, 0x22, 0x10,
    0x22, 0x10, 0x83, 0x42, 0x10, 0x8E, 0x43, 0x10, 0x82, 0x43, 0x18, 0x03, 0x64, 0x18, 0x43, 0x18,
    0x64, 0x18, 0xB2, 0x69, 0x8C, 0xBE, 0xB2, 0x04, 0x9E, 0xB2, 0xBE, 0xB2, 0x9D, 0xAA, 0x4E, 0x51,
    0x64, 0x18, 0x88, 0x65, 0x18, 0x02, 0x65, 0x20, 0x64, 0x18, 0xD5, 0x79, 0x88, 0x9E, 0xAA, 0x02,
    0x17, 0x82, 0x44, 0x18, 0x64, 0x18, 0x86, 0x43, 0x10, 0x01, 0x42, 0x10, 0x22, 0x10, 0x85, 0x22,
    0x08, 0x8B, 0x21, 0x08, 0x00, 0x21, 0x00, 0x94, 0x01, 0x00, 0x9B, 0x00, 0x00, 0x9D, 0x00, 0x00,
    0x82, 0x01, 0x00, 0x01, 0x01, 0x08, 0x01, 0x08, 0x8B, 0x21, 0x08, 0x89, 0x22, 0x08, 0x83, 0x42,
    0x10, 0x8F, 0x43, 0x10, 0x07, 0x43, 0x18, 0x64, 0x18, 0x44, 0x18, 0x44, 0x18, 0x2D, 0x51, 0x9C,
    0xAA, 0xBE, 0xB2, 0x9D, 0xB2, 0x89, 0xBE, 0xB2, 0x06, 0x9E, 0xB2, 0xBE, 0xB2, 0xBE, 0xB2, 0xB3,
    0x71, 0x85, 0x20, 0x65, 0x18, 0x65, 0x20, 0x85, 0x64, 0x18, 0x02, 0x65, 0x18, 0x64, 0x18, 0xD5,
    0x79, 0x88, 0x9E, 0xAA, 0x02, 0x17, 0x82, 0x43, 0x10, 0x64, 0x18, 0x86, 0x43, 0x10, 0x01, 0x42,
    0x10, 0x22, 0x10, 0x84, 0x22, 0x08, 0x88, 0x21, 0x08, 0x82, 0x21, 0x00, 0x93, 0x01, 0x00, 0x9E,
    0x00, 0x00, 0x9F, 0x00, 0x00, 0x82, 0x01, 0x00, 0x82, 0x01, 0x08, 0x8B, 0x21, 0x08, 0x87, 0x22,
    0x08, 0x86, 0x42, 0x10, 0x8D, 0x43, 0x10, 0x06, 0x43, 0x18, 0x64, 0x18, 0x43, 0x18, 0xC8, 0x30,
    0x39, 0x9A, 0xBE, 0xB2, 0x9D, 0xB2, 0x8A, 0xBE, 0xB2, 0x0D, 0x9E, 0xB2, 0xBE, 0xB2, 0x18, 0x8A,
    0xA8, 0x30, 0x64, 0x18, 0x65, 0x18, 0x64, 0x18, 0x64, 0x18, 0x65, 0x18, 0x64, 0x18, 0x64, 0x18,
    0x65, 0x18, 0x64, 0x18, 0xD4, 0x79, 0x88, 0x9E, 0xAA, 0x02, 0x17, 0x82, 0x43, 0x10, 0x64, 0x18,
    0x85, 0x43, 0x10, 0x01, 0x42, 0x10, 0x22, 0x10, 0x84, 0x22, 0x08, 0x87, 0x21, 0x08, 0x83, 0x21,
    0x00, 0x85, 0x01, 0x00, 0xAD, 0x00, 0x00, 0xA1, 0x00, 0x00, 0x85, 0x01, 0x00, 0x00, 0x01, 0x08,
    0x8A, 0x21, 0x08, 0x88, 0x22, 0x08, 0x86, 0x42, 0x10, 0x8C, 0x43, 0x10, 0x06, 0x64, 0x18, 0x43,
    0x10, 0x65, 0x20, 0xD4, 0x79, 0xBE, 0xB2, 0xBE, 0xB2, 0x9E, 0xB2, 0x88, 0xBE, 0xB2, 0x06, 0x9E,
    0xB2, 0x9E, 0xAA, 0x9E, 0xB2, 0x7C, 0xA2, 0x0C, 0x49, 0x64, 0x18, 0x65, 0x18, 0x83, 0x64, 0x18,
    0x02, 0x65, 0x18, 0x64, 0x18, 0xD4, 0x79, 0x88, 0x9E, 0xAA, 0x02, 0x17, 0x82, 0x43, 0x10, 0x44,
    0x10, 0x85, 0x43, 0x10, 0x00, 0x42, 0x10, 0x85, 0x22, 0x08, 0x86, 0x21, 0x08, 0x83, 0x21, 0x00,
    0x85, 0x01, 0x00, 0xAE, 0x00, 0x00, 0xA1, 0x00, 0x00, 0x86, 0x01, 0x00, 0x82, 0x01, 0x08, 0x8B,
    0x21, 0x08, 0x88, 0x22, 0x08, 0x85, 0x42, 0x10, 0x8A, 0x43, 0x10, 0x06, 0x44, 0x18, 0x43, 0x10,
    0x43, 0x10, 0x6F, 0x59, 0x9E, 0xB2, 0xBE, 0xB2, 0x9E, 0xB2, 0x86, 0xBE, 0xB2, 0x82, 0x9E, 0xB2,
    0x0B, 0x9E, 0xAA, 0x9E, 0xB2, 0x9E, 0xB2, 0x71, 0x61, 0x64, 0x18, 0x64, 0x18, 0x65, 0x18, 0x64,
    0x18, 0x64, 0x18, 0x65, 0x18, 0x64, 0x18, 0xD4, 0x79, 0x88, 0x9E, 0xAA, 0x00, 0x17, 0x82, 0x86,
    0x43, 0x10, 0x01, 0x42, 0x10, 0x42, 0x10, 0x84, 0x22, 0x08, 0x86, 0x21, 0x08, 0x82, 0x21, 0x00,
    0x84, 0x01, 0x00, 0xB1, 0x00, 0x00, 0xA3, 0x00, 0x00, 0x85, 0x01, 0x00, 0x85, 0x01, 0x08, 0x8A,
    0x21, 0x08, 0x88, 0x22, 0x08, 0x84, 0x42, 0x10, 0x8A, 0x43, 0x10, 0x05, 0x64, 0x18, 0x43, 0x10,
    0xEA, 0x40, 0x7B, 0xA2, 0xBE, 0xB2, 0x9E, 0xB2, 0x83, 0xBE, 0xB2, 0x85, 0x9E, 0xB2, 0x82, 0x9E,
    0xAA, 0x07, 0xF6, 0x81, 0x86, 0x20, 0x64, 0x18, 0x65, 0x18, 0x64, 0x18, 0x65, 0x18, 0x64, 0x18,
    0xD4, 0x71, 0x88, 0x9E, 0xAA, 0x00, 0x17, 0x82, 0x86, 0x43, 0x10, 0x01, 0x42, 0x10, 0x42, 0x10,
    0x83, 0x22, 0x08, 0x86, 0x21, 0x08, 0x82, 0x21, 0x00, 0x83, 0x01, 0x00, 0xB3, 0x00, 0x00, 0xA6,
    0x00, 0x00, 0x83, 0x01, 0x00, 0x86, 0x01, 0x08, 0x8A, 0x21, 0x08, 0x89, 0x22, 0x08, 0x83, 0x42,
    0x10, 0x89, 0x43, 0x10, 0x06, 0x64, 0x18, 0x43, 0x10, 0x86, 0x20, 0x17, 0x8A, 0xBE, 0xB2, 0x9E,
    0xB2, 0xBE, 0xB2, 0x87, 0x9E, 0xB2, 0x83, 0x9E, 0xAA, 0x06, 0x5A, 0x92, 0xEA, 0x38, 0x64, 0x18,
    0x64, 0x18, 0x65, 0x18, 0x64, 0x18, 0xD4, 0x71, 0x88, 0x9E, 0xAA, 0x00, 0x17, 0x82, 0x85, 0x43,
    0x10, 0x85, 0x22, 0x08, 0x87, 0x21, 0x08, 0x01, 0x21, 0x00, 0x21, 0x00, 0x82, 0x01, 0x00, 0xB5,
    0x00, 0x00, 0xA9, 0x00, 0x00, 0x84, 0x01, 0x00, 0x83, 0x01, 0x08, 0x8B, 0x21, 0x08, 0x89, 0x22,
    0x08, 0x03, 0x22, 0x10, 0x22, 0x10, 0x42, 0x10, 0x42, 0x10, 0x88, 0x43, 0x10, 0x06, 0x44, 0x10,
    0x43, 0x10, 0x44, 0x18, 0x92, 0x69, 0xBE, 0xB2, 0x9E, 0xB2, 0x9E, 0xAA, 0x84, 0x9E, 0xB2, 0x86,
    0x9E, 0xAA, 0x01, 0x9D, 0xAA, 0x4E, 0x51, 0x82, 0x64, 0x18, 0x00, 0xD4, 0x71, 0x88, 0x9E, 0xAA,
    0x00, 0x17, 0x82, 0x84, 0x43, 0x10, 0x00, 0x22, 0x10, 0x85, 0x22, 0x08, 0x86, 0x21, 0x08, 0x01,
    0x21, 0x00, 0x21, 0x00, 0x82, 0x01, 0x00, 0xB6, 0x00, 0x00, 0xAD, 0x00, 0x00, 0x84, 0x01, 0x00,
    0x01, 0x01, 0x08, 0x01, 0x08, 0x8C, 0x21, 0x08, 0x88, 0x22, 0x08, 0x03, 0x22, 0x10, 0x22, 0x10,
    0x42, 0x10, 0x42, 0x10, 0x8A, 0x43, 0x10, 0x03, 0x2D, 0x49, 0x7C, 0xAA, 0x9E, 0xB2, 0x9E, 0xAA,
    0x82, 0x9E, 0xB2, 0x89, 0x9E, 0xAA, 0x03, 0xB3, 0x69, 0x65, 0x18, 0x64, 0x18, 0xD5, 0x71, 0x88,
    0x9E, 0xAA, 0x00, 0x17, 0x82, 0x84, 0x43, 0x10, 0x00, 0x22, 0x10, 0x85, 0x22, 0x08, 0x85, 0x21,
    0x08, 0x00, 0x21, 0x00, 0x83, 0x01, 0x00, 0xB7, 0x00, 0x00, 0xAE, 0x00, 0x00, 0x86, 0x01, 0x00,
    0x8D, 0x21, 0x08, 0x88, 0x22, 0x08, 0x02, 0x22, 0x10, 0x42, 0x10, 0x42, 0x10, 0x8A, 0x43, 0x10,
    0x02, 0xA8, 0x30, 0x39, 0x92, 0x9E, 0xB2, 0x8D, 0x9E, 0xAA, 0x02, 0x18, 0x8A, 0x86, 0x20, 0xB3,
    0x69, 0x88, 0x9E, 0xAA, 0x00, 0xF7, 0x81, 0x83, 0x43, 0x10, 0x00, 0x22, 0x10, 0x85, 0x22, 0x08,
    0x86, 0x21, 0x08, 0x83, 0x01, 0x00, 0xB8, 0x00, 0x00, 0xB0, 0x00, 0x00, 0x86, 0x01, 0x00, 0x8E,
    0x21, 0x08, 0x86, 0x22, 0x08, 0x01, 0x22, 0x10, 0x22, 0x10, 0x82, 0x42, 0x10, 0x88, 0x43, 0x10,
    0x01, 0x64, 0x18, 0xD4, 0x79, 0x8E, 0x9E, 0xAA, 0x01, 0x5B, 0x9A, 0x39, 0x8A, 0x88, 0x9E, 0xAA,
    0x00, 0xF7, 0x81, 0x82, 0x43, 0x10, 0x00, 0x42, 0x10, 0x85, 0x22, 0x08, 0x85, 0x21, 0x08, 0x84,
    0x01, 0x00, 0xB9, 0x00, 0x00, 0xB4, 0x00, 0x00, 0x84, 0x01, 0x00, 0x8E, 0x21, 0x08, 0x86, 0x22,
    0x08, 0x00, 0x22, 0x10, 0x82, 0x42, 0x10, 0x89, 0x43, 0x10, 0x00, 0x4F, 0x59, 0x96, 0x9E, 0xAA,
    0x06, 0x9E, 0xA2, 0x9E, 0xAA, 0xF7, 0x81, 0x43, 0x10, 0x43, 0x10, 0x42, 0x10, 0x42, 0x10, 0x85,
    0x22, 0x08, 0x83, 0x21, 0x08, 0x85, 0x01, 0x00, 0xBA, 0x00, 0x00, 0xB7, 0x00, 0x00, 0x84, 0x01,
    0x00, 0x8D, 0x21, 0x08, 0x88, 0x22, 0x08, 0x00, 0x22, 0x10, 0x89, 0x43, 0x10, 0x01, 0xEA, 0x38,
    0x5B, 0x9A, 0x94, 0x9E, 0xAA, 0x05, 0x9E, 0xA2, 0x9E, 0xAA, 0xF7, 0x81, 0x43, 0x10, 0x43, 0x10,
    0x42, 0x10, 0x85, 0x22, 0x08, 0x83, 0x21, 0x08, 0x00, 0x01, 0x08, 0x85, 0x01, 0x00, 0xBA, 0x00,
    0x00, 0xBB, 0x00, 0x00, 0x82, 0x01, 0x00, 0x8E, 0x21, 0x08, 0x86, 0x22, 0x08, 0x82, 0x22, 0x10,
    0x87, 0x43, 0x10, 0x01, 0x86, 0x20, 0xF7, 0x81, 0x93, 0x9E, 0xAA, 0x05, 0x9E, 0xA2, 0x9E, 0xAA,
    0xF7, 0x81, 0x43, 0x10, 0x43, 0x10, 0x42, 0x10, 0x85, 0x22, 0x08, 0x82, 0x21, 0x08, 0x01, 0x01,
    0x08, 0x01, 0x08, 0x84, 0x01, 0x00, 0xBB, 0x00, 0x00, 0xBD, 0x00, 0x00, 0x83, 0x01, 0x00, 0x8C,
    0x21, 0x08, 0x86, 0x22, 0x08, 0x82, 0x22, 0x10, 0x88, 0x43, 0x10, 0x00, 0x92, 0x61, 0x92, 0x9E,
    0xAA, 0x04, 0x9E, 0xA2, 0x9E, 0xAA, 0xF7, 0x81, 0x42, 0x10, 0x43, 0x10, 0x85, 0x22, 0x08, 0x83,
    0x21, 0x08, 0x00, 0x01, 0x08, 0x83, 0x01, 0x00, 0xBD, 0x00, 0x00, 0xC0, 0x00, 0x00, 0x82, 0x01,
    0x00, 0x8B, 0x21, 0x08, 0x8A, 0x22, 0x08, 0x00, 0x42, 0x10, 0x86, 0x43, 0x10, 0x01, 0x0C, 0x49,
    0x7D, 0xA2, 0x90, 0x9E, 0xAA, 0x04, 0x9E, 0xA2, 0x9E, 0xA2, 0xF7, 0x81, 0x42, 0x10, 0x43, 0x10,
    0x84, 0x22, 0x08, 0x84, 0x21, 0x08, 0x00, 0x01, 0x08, 0x83, 0x01, 0x00, 0xBD, 0x00, 0x00, 0xC2,
    0x00, 0x00, 0x82, 0x01, 0x00, 0x8B, 0x21, 0x08, 0x89, 0x22, 0x08, 0x01, 0x42, 0x10, 0x42, 0x10,
    0x85, 0x43, 0x10, 0x01, 0xA8, 0x28, 0x39, 0x8A, 0x8F, 0x9E, 0xAA, 0x04, 0x9E, 0xA2, 0x9E, 0xA2,
    0xF7, 0x81, 0x42, 0x10, 0x43, 0x10, 0x83, 0x22, 0x08, 0x84, 0x21, 0x08, 0x00, 0x01, 0x08, 0x83,
    0x01, 0x00, 0xBE, 0x00, 0x00, 0xC4, 0x00, 0x00, 0x82, 0x01, 0x00, 0x01, 0x21, 0x08, 0x21, 0x00,
    0x89, 0x21, 0x08, 0x88, 0x22, 0x08, 0x01, 0x42, 0x10, 0x42, 0x10, 0x85, 0x43, 0x10, 0x01, 0x64,
    0x18, 0xD4, 0x71, 0x8C, 0x9E, 0xAA, 0x83, 0x9E, 0xA2, 0x00, 0xF7, 0x81, 0x85, 0x22, 0x08, 0x84,
    0x21, 0x08, 0x84, 0x01, 0x00, 0xBE, 0x00, 0x00, 0xC6, 0x00, 0x00, 0x84, 0x01, 0x00, 0x89, 0x21,
    0x08, 0x88, 0x22, 0x08, 0x82, 0x42, 0x10, 0x84, 0x43, 0x10, 0x03, 0x4F, 0x51, 0x9E, 0xAA, 0x9E,
    0xAA, 0x9E, 0xA2, 0x87, 0x9E, 0xAA, 0x84, 0x9E, 0xA2, 0x00, 0xF7, 0x79, 0x84, 0x22, 0x08, 0x84,
    0x21, 0x08, 0x85, 0x01, 0x00, 0xBE, 0x00, 0x00, 0xC7, 0x00, 0x00, 0x86, 0x01, 0x00, 0x00, 0x01,
    0x08, 0x86, 0x21, 0x08, 0x88, 0x22, 0x08, 0x83, 0x42, 0x10, 0x83, 0x43, 0x10, 0x03, 0xEA, 0x38,
    0x5B, 0x9A, 0x9E, 0xAA, 0x9E, 0xA2, 0x84, 0x9E, 0xAA, 0x86, 0x9E, 0xA2, 0x00, 0xF7, 0x79, 0x84,
    0x22, 0x08, 0x84, 0x21, 0x08, 0x84, 0x01, 0x00, 0xBF, 0x00, 0x00, 0xC9, 0x00, 0x00, 0x85, 0x01,
    0x00, 0x01, 0x01, 0x08, 0x01, 0x08, 0x85, 0x21, 0x08, 0x89, 0x22, 0x08, 0x84, 0x42, 0x10, 0x07,
    0x43, 0x10, 0x43, 0x10, 0x85, 0x20, 0xF7, 0x81, 0x9E, 0xAA, 0x9E, 0xA2, 0x9E, 0xA2, 0x9E, 0xAA,
    0x88, 0x9E, 0xA2, 0x00, 0xF7, 0x79, 0x82, 0x22, 0x08, 0x85, 0x21, 0x08, 0x85, 0x01, 0x00, 0xBF,
    0x00, 0x00, 0xCA, 0x00, 0x00, 0x85, 0x01, 0x00, 0x01, 0x01, 0x08, 0x01, 0x08, 0x87, 0x21, 0x08,
    0x8C, 0x22, 0x08, 0x05, 0x43, 0x10, 0x22, 0x08, 0x43, 0x10, 0x71, 0x61, 0x9E, 0xAA, 0x9E, 0xAA,
    0x89, 0x9E, 0xA2, 0x02, 0xF7, 0x79, 0x22, 0x08, 0x22, 0x08, 0x86, 0x21, 0x08, 0x84, 0x01, 0x00,
    0xC0, 0x00, 0x00, 0xCC, 0x00, 0x00, 0x85, 0x01, 0x00, 0x00, 0x01, 0x08, 0x88, 0x21, 0x08, 0x8B,
    0x22, 0x08, 0x04, 0x42, 0x10, 0x22, 0x10, 0x22, 0x08, 0x0C, 0x41, 0x7D, 0x9A, 0x89, 0x9E, 0xA2,
    0x02, 0x93, 0x61, 0x22, 0x08, 0x22, 0x08, 0x85, 0x21, 0x08, 0x85, 0x01, 0x00, 0xC0, 0x00, 0x00,
    0xCF, 0x00, 0x00, 0x83, 0x01, 0x00, 0x01, 0x01, 0x08, 0x01, 0x08, 0x87, 0x21, 0x08, 0x8C, 0x22,
    0x08, 0x03, 0x23, 0x10, 0x22, 0x08, 0x87, 0x28, 0x19, 0x8A, 0x85, 0x9E, 0xA2, 0x05, 0x7E, 0xA2,
    0x7E, 0xA2, 0x9E, 0xA2, 0xA8, 0x28, 0x21, 0x08, 0x22, 0x08, 0x84, 0x21, 0x08, 0x85, 0x01, 0x00,
    0xC1, 0x00, 0x00, 0xD0, 0x00, 0x00, 0x85, 0x01, 0x00, 0x88, 0x21, 0x08, 0x8D, 0x22, 0x08, 0x01,
    0x43, 0x10, 0xB4, 0x69, 0x82, 0x9E, 0xA2, 0x06, 0x7E, 0xA2, 0x7E, 0xA2, 0x9E, 0xA2, 0x9E, 0xA2,
    0x72, 0x61, 0x21, 0x08, 0x22, 0x08, 0x84, 0x21, 0x08, 0x85, 0x01, 0x00, 0xC2, 0x00, 0x00, 0xD2,
    0x00, 0x00, 0x84, 0x01, 0x00, 0x01, 0x21, 0x00, 0x21, 0x00, 0x89, 0x21, 0x08, 0x8B, 0x22, 0x08,
    0x01, 0x2E, 0x49, 0x5C, 0x92, 0x82, 0x9E, 0xA2, 0x03, 0x5D, 0x9A, 0x50, 0x51, 0x21, 0x08, 0x22,
    0x08, 0x84, 0x21, 0x08, 0x86, 0x01, 0x00, 0xC2, 0x00, 0x00, 0xD3, 0x00, 0x00, 0x85, 0x01, 0x00,
    0x01, 0x21, 0x00, 0x21, 0x00, 0x8A, 0x21, 0x08, 0x89, 0x22, 0x08, 0x06, 0x44, 0x10, 0xEB, 0x38,
    0x2E, 0x49, 0xEB, 0x38, 0x65, 0x18, 0x21, 0x08, 0x22, 0x08, 0x84, 0x21, 0x08, 0x86, 0x01, 0x00,
    0xC3, 0x00, 0x00, 0xD4, 0x00, 0x00, 0x85, 0x01, 0x00, 0x01, 0x21, 0x00, 0x21, 0x00, 0x92, 0x21,
    0x08, 0x00, 0x22, 0x08, 0x84, 0x21, 0x08, 0x00, 0x22, 0x08, 0x84, 0x21, 0x08, 0x86, 0x01, 0x00,
    0xC4, 0x00, 0x00, 0xD6, 0x00, 0x00, 0x87, 0x01, 0x00, 0x91, 0x21, 0x08, 0x84, 0x22, 0x08, 0x84,
    0x21, 0x08, 0x87, 0x01, 0x00, 0xC4, 0x00, 0x00, 0xD7, 0x00, 0x00, 0x89, 0x01, 0x00, 0x96, 0x21,
    0x08, 0x88, 0x01, 0x00, 0xC5, 0x00, 0x00, 0xD9, 0x00, 0x00, 0x89, 0x01, 0x00, 0x92, 0x21, 0x08,
    0x89, 0x01, 0x00, 0xC6, 0x00, 0x00, 0xDA, 0x00, 0x00, 0x8B, 0x01, 0x00, 0x8C, 0x21, 0x08, 0x8B,
    0x01, 0x00, 0xC7, 0x00, 0x00, 0xDC, 0x00, 0x00, 0xA0, 0x01, 0x00, 0xC9, 0x00, 0x00, 0xDE, 0x00,
    0x00, 0x9D, 0x01, 0x00, 0xCA, 0x00, 0x00, 0xE1, 0x00, 0x00, 0x98, 0x01, 0x00, 0xCC, 0x00, 0x00,
    0xE3, 0x00, 0x00, 0x93, 0x01, 0x00, 0xCF, 0x00, 0x00, 0xE7, 0x00, 0x00, 0x8C, 0x01, 0x00, 0xD2,
    0x00, 0x00, 0xFF, 0x00, 0x00, 0xC7, 0x00, 0x00, 0xFF, 0x00, 0x00, 0xC7, 0x00, 0x00, 0xFF, 0x00,
    0x00, 0xC7, 0x00, 0x00, 0xFF, 0x00, 0x00, 0xC7, 0x00, 0x00, 0xFF, 0x00, 0x00, 0xC7, 0x00, 0x00,
    0xFF, 0x00, 0x00, 0xC7, 0x00, 0x00, 0xFF, 0x00, 0x00, 0xC7, 0x00, 0x00, 0xFF, 0x00, 0x00, 0xC7,
    0x00, 0x00, 0xFF, 0x00, 0x00, 0xC7, 0x00, 0x00, 0xFF, 0x00, 0x00, 0xC7, 0x00, 0x00, 0xFF, 0x00,
    0x00, 0xC7, 0x00, 0x00, 0xFF, 0x00, 0x00, 0xC7, 0x00, 0x00, 0xFF, 0x00, 0x00, 0xC7, 0x00, 0x00,
    0xFF, 0x00, 0x00, 0xC7, 0x00, 0x00, 0xFF, 0x00, 0x00, 0xC7, 0x00, 0x00, 0xFF, 0x00, 0x00, 0xC7,
    0x00, 0x00, 0xFF, 0x00, 0x00, 0xC7, 0x00, 0x00, 0xFF, 0x00, 0x00, 0xC7, 0x00, 0x00, 0xFF, 0x00,
    0x00, 0xC7, 0x00, 0x00, 0xFF, 0x00, 0x00, 0xC7, 0x00, 0x00, 0xFF, 0x00, 0x00, 0xC7, 0x00, 0x00,
    0xFF, 0x00, 0x00, 0xC7, 0x00, 0x00,
};

static const uint8_t kPowerData[] WATCH_SETTINGS_ICON_FLASH = {
    0xC2, 0x00, 0x00, 0x8D, 0x20, 0x00, 0xA5, 0x40, 0x00, 0x8D, 0x20, 0x00, 0xC2, 0x00, 0x00, 0xC2,
    0x00, 0x00, 0x8C, 0x20, 0x00, 0xA7, 0x40, 0x00, 0x8C, 0x20, 0x00, 0xC2, 0x00, 0x00, 0xC1, 0x00,
    0x00, 0x8B, 0x20, 0x00, 0x91, 0x40, 0x00, 0x87, 0x61, 0x00, 0x91, 0x40, 0x00, 0x8B, 0x20, 0x00,
    0xC1, 0x00, 0x00, 0xC0, 0x00, 0x00, 0x8B, 0x20, 0x00, 0x8D, 0x40, 0x00, 0x8F, 0x61, 0x00, 0x01,
    0x41, 0x00, 0x41, 0x00, 0x8D, 0x40, 0x00, 0x8B, 0x20, 0x00, 0xC0, 0x00, 0x00, 0xBF, 0x00, 0x00,
    0x8B, 0x20, 0x00, 0x8B, 0x40, 0x00, 0x92, 0x61, 0x00, 0x84, 0x41, 0x00, 0x8B, 0x40, 0x00, 0x8B,
    0x20, 0x00, 0xBF, 0x00, 0x00, 0xBE, 0x00, 0x00, 0x8A, 0x20, 0x00, 0x8A, 0x40, 0x00, 0x99, 0x61,
    0x00, 0x83, 0x41, 0x00, 0x8A, 0x40, 0x00, 0x8A, 0x20, 0x00, 0xBE, 0x00, 0x00, 0xBD, 0x00, 0x00,
    0x8A, 0x20, 0x00, 0x89, 0x40, 0x00, 0x9E, 0x61, 0x00, 0x82, 0x41, 0x00, 0x89, 0x40, 0x00, 0x8A,
    0x20, 0x00, 0xBD, 0x00, 0x00, 0xBC, 0x00, 0x00, 0x8A, 0x20, 0x00, 0x88, 0x40, 0x00, 0xA2, 0x61,
    0x00, 0x82, 0x41, 0x00, 0x88, 0x40, 0x00, 0x8A, 0x20, 0x00, 0xBC, 0x00, 0x00, 0xBB, 0x00, 0x00,
    0x8A, 0x20, 0x00, 0x85, 0x40, 0x00, 0x02, 0x41, 0x00, 0x40, 0x00, 0x40, 0x00, 0x8F, 0x61, 0x00,
    0x87, 0x81, 0x00, 0x8D, 0x61, 0x00, 0x01, 0x41, 0x00, 0x41, 0x00, 0x88, 0x40, 0x00, 0x8A, 0x20,
    0x00, 0xBB, 0x00, 0x00, 0xBA, 0x00, 0x00, 0x89, 0x20, 0x00, 0x88, 0x40, 0x00, 0x8C, 0x61, 0x00,
    0x91, 0x81, 0x00, 0x8A, 0x61, 0x00, 0x01, 0x41, 0x00, 0x41, 0x00, 0x88, 0x40, 0x00, 0x89, 0x20,
    0x00, 0xBA, 0x00, 0x00, 0xBA, 0x00, 0x00, 0x88, 0x20, 0x00, 0x88, 0x40, 0x00, 0x89, 0x61, 0x00,
    0x99, 0x81, 0x00, 0x87, 0x61, 0x00, 0x01, 0x41, 0x00, 0x41, 0x00, 0x88, 0x40, 0x00, 0x88, 0x20,
    0x00, 0xBA, 0x00, 0x00, 0xB9, 0x00, 0x00, 0x88, 0x20, 0x00, 0x87, 0x40, 0x00, 0x89, 0x61, 0x00,
    0x8B, 0x81, 0x00, 0x85, 0x81, 0x08, 0x8B, 0x81, 0x00, 0x87, 0x61, 0x00, 0x01, 0x41, 0x00, 0x41,
    0x00, 0x87, 0x40, 0x00, 0x88, 0x20, 0x00, 0xB9, 0x00, 0x00, 0xB8, 0x00, 0x00, 0x88, 0x20, 0x00,
    0x87, 0x40, 0x00, 0x88, 0x61, 0x00, 0x88, 0x81, 0x00, 0x84, 0x81, 0x08, 0x85, 0xA1, 0x08, 0x01,
    0x81, 0x08, 0x81, 0x08, 0x8B, 0x81, 0x00, 0x86, 0x61, 0x00, 0x01, 0x41, 0x00, 0x41, 0x00, 0x87,
    0x40, 0x00, 0x88, 0x20, 0x00, 0xB8, 0x00, 0x00, 0xB7, 0x00, 0x00, 0x88, 0x20, 0x00, 0x87, 0x40,
    0x00, 0x87, 0x61, 0x00, 0x86, 0x81, 0x00, 0x83, 0x81, 0x08, 0x8F, 0xA1, 0x08, 0x8A, 0x81, 0x00,
    0x86, 0x61, 0x00, 0x00, 0x41, 0x00, 0x87, 0x40, 0x00, 0x88, 0x20, 0x00, 0xB7, 0x00, 0x00, 0xB6,
    0x00, 0x00, 0x88, 0x20, 0x00, 0x86, 0x40, 0x00, 0x88, 0x61, 0x00, 0x85, 0x81, 0x00, 0x82, 0x81,
    0x08, 0x95, 0xA1, 0x08, 0x88, 0x81, 0x00, 0x86, 0x61, 0x00, 0x01, 0x41, 0x00, 0x41, 0x00, 0x86,
    0x40, 0x00, 0x88, 0x20, 0x00, 0xB6, 0x00, 0x00, 0xB5, 0x00, 0x00, 0x88, 0x20, 0x00, 0x86, 0x40,
    0x00, 0x87, 0x61, 0x00, 0x85, 0x81, 0x00, 0x01, 0x81, 0x08, 0x81, 0x08, 0x8A, 0xA1, 0x08, 0x85,
    0xA2, 0x08, 0x8A, 0xA1, 0x08, 0x87, 0x81, 0x00, 0x85, 0x61, 0x00, 0x01, 0x41, 0x00, 0x41, 0x00,
    0x86, 0x40, 0x00, 0x88, 0x20, 0x00, 0xB5, 0x00, 0x00, 0xB4, 0x00, 0x00, 0x88, 0x20, 0x00, 0x86,
    0x40, 0x00, 0x87, 0x61, 0x00, 0x84, 0x81, 0x00, 0x01, 0x81, 0x08, 0x81, 0x08, 0x87, 0xA1, 0x08,
    0x84, 0xA2, 0x08, 0x85, 0xC2, 0x08, 0x84, 0xA2, 0x08, 0x87, 0xA1, 0x08, 0x86, 0x81, 0x00, 0x85,
    0x61, 0x00, 0x01, 0x41, 0x00, 0x41, 0x00, 0x86, 0x40, 0x00, 0x88, 0x20, 0x00, 0xB4, 0x00, 0x00,
    0xB3, 0x00, 0x00, 0x88, 0x20, 0x00, 0x86, 0x40, 0x00, 0x85, 0x61, 0x00, 0x04, 0x81, 0x00, 0x81,
    0x00, 0x46, 0x22, 0xB0, 0x4D, 0x54, 0x67, 0x8B, 0xB5, 0x6F, 0x83, 0xB5, 0x67, 0x8C, 0x95, 0x67,
    0x88, 0x94, 0x67, 0x83, 0x94, 0x5F, 0x04, 0x33, 0x5F, 0x8F, 0x45, 0x26, 0x1A, 0x81, 0x00, 0x81,
    0x00, 0x84, 0x61, 0x00, 0x00, 0x41, 0x00, 0x86, 0x40, 0x00, 0x88, 0x20, 0x00, 0xB3, 0x00, 0x00,
    0xB2, 0x00, 0x00, 0x88, 0x20, 0x00, 0x86, 0x40, 0x00, 0x85, 0x61, 0x00, 0x04, 0x81, 0x00, 0x81,
    0x00, 0x69, 0x2B, 0x95, 0x6F, 0xB6, 0x6F, 0x8A, 0xB5, 0x6F, 0x87, 0xB5, 0x67, 0x8A, 0x95, 0x67,
    0x86, 0x94, 0x67, 0x87, 0x94, 0x5F, 0x03, 0x53, 0x5F, 0x48, 0x2B, 0x81, 0x00, 0x81, 0x00, 0x84,
    0x61, 0x00, 0x00, 0x41, 0x00, 0x84, 0x40, 0x00, 0x8A, 0x20, 0x00, 0xB2, 0x00, 0x00, 0xB1, 0x00,
    0x00, 0x88, 0x20, 0x00, 0x86, 0x40, 0x00, 0x85, 0x61, 0x00, 0x05, 0x81, 0x00, 0x81, 0x00, 0x05,
    0x1A, 0xB6, 0x6F, 0xB5, 0x6F, 0x95, 0x6F, 0x8D, 0xB5, 0x6F, 0x87, 0xB5, 0x67, 0x89, 0x95, 0x67,
    0x85, 0x94, 0x67, 0x85, 0x94, 0x5F, 0x05, 0x74, 0x5F, 0x94, 0x5F, 0x94, 0x5F, 0xE5, 0x11, 0x81,
    0x00, 0x81, 0x00, 0x84, 0x61, 0x00, 0x00, 0x41, 0x00, 0x84, 0x40, 0x00, 0x8A, 0x20, 0x00, 0xB1,
    0x00, 0x00, 0xB0, 0x00, 0x00, 0x88, 0x20, 0x00, 0x86, 0x40, 0x00, 0x86, 0x61, 0x00, 0x04, 0xA1,
    0x08, 0x81, 0x00, 0x4F, 0x4D, 0xB5, 0x6F, 0x95, 0x6F, 0x8E, 0xB5, 0x6F, 0x89, 0xB5, 0x67, 0x86,
    0x95, 0x67, 0x88, 0x94, 0x67, 0x84, 0x94, 0x5F, 0x04, 0x74, 0x5F, 0x94, 0x5F, 0x0D, 0x3D, 0x81,
    0x00, 0x81, 0x00, 0x85, 0x61, 0x00, 0x00, 0x41, 0x00, 0x84, 0x40, 0x00, 0x8A, 0x20, 0x00, 0xB0,
    0x00, 0x00, 0xAF, 0x00, 0x00, 0x88, 0x20, 0x00, 0x86, 0x40, 0x00, 0x85, 0x61, 0x00, 0x82, 0x81,
    0x00, 0x01, 0xA2, 0x08, 0xB3, 0x5E, 0x92, 0xB5, 0x6F, 0x85, 0xB5, 0x67, 0x86, 0x95, 0x67, 0x89,
    0x94, 0x67, 0x85, 0x94, 0x5F, 0x03, 0x74, 0x5F, 0x74, 0x5F, 0x91, 0x56, 0xA1, 0x08, 0x82, 0x81,
    0x00, 0x84, 0x61, 0x00, 0x85, 0x40, 0x00, 0x8A, 0x20, 0x00, 0xAF, 0x00, 0x00, 0xAE, 0x00, 0x00,
    0x88, 0x20, 0x00, 0x86, 0x40, 0x00, 0x84, 0x61, 0x00, 0x84, 0x81, 0x00, 0x03, 0xA2, 0x08, 0xF3,
    0x66, 0xB6, 0x6F, 0x95, 0x6F, 0x92, 0xB5, 0x6F, 0x01, 0xB5, 0x67, 0xB5, 0x67, 0x89, 0x95, 0x67,
    0x88, 0x94, 0x67, 0x85, 0x94, 0x5F, 0x03, 0x74, 0x5F, 0x94, 0x5F, 0xB2, 0x56, 0xA2, 0x08, 0x83,
    0x81, 0x00, 0x84, 0x61, 0x00, 0x85, 0x40, 0x00, 0x8A, 0x20, 0x00, 0xAE, 0x00, 0x00, 0xAD, 0x00,
    0x00, 0x88, 0x20, 0x00, 0x86, 0x40, 0x00, 0x84, 0x61, 0x00, 0x84, 0x81, 0x00, 0x04, 0xA1, 0x08,
    0xA1, 0x08, 0x11, 0x56, 0x95, 0x6F, 0x95, 0x6F, 0x90, 0xB5, 0x6F, 0x82, 0xB5, 0x67, 0x8B, 0x95,
    0x67, 0x88, 0x94, 0x67, 0x84, 0x94, 0x5F, 0x04, 0x74, 0x5F, 0x74, 0x5F, 0xCF, 0x45, 0xA1, 0x00,
    0xA1, 0x08, 0x83, 0x81, 0x00, 0x84, 0x61, 0x00, 0x85, 0x40, 0x00, 0x8A, 0x20, 0x00, 0xAD, 0x00,
    0x00, 0xAC, 0x00, 0x00, 0x88, 0x20, 0x00, 0x86, 0x40, 0x00, 0x84, 0x61, 0x00, 0x84, 0x81, 0x00,
    0x05, 0xA1, 0x08, 0xC2, 0x08, 0xA1, 0x08, 0x69, 0x33, 0xB5, 0x6F, 0x95, 0x6F, 0x91, 0xB5, 0x6F,
    0x8C, 0x95, 0x67, 0x89, 0x94, 0x67, 0x83, 0x94, 0x5F, 0x06, 0x74, 0x5F, 0x54, 0x5F, 0x94, 0x5F,
    0x48, 0x2B, 0xA1, 0x00, 0xA1, 0x08, 0xA1, 0x00, 0x83, 0x81, 0x00, 0x84, 0x61, 0x00, 0x85, 0x40,
    0x00, 0x8A, 0x20, 0x00, 0xAC, 0x00, 0x00, 0xAB, 0x00, 0x00, 0x88, 0x20, 0x00, 0x85, 0x40, 0x00,
    0x85, 0x61, 0x00, 0x83, 0x81, 0x00, 0x83, 0xA1, 0x08, 0x04, 0xC2, 0x08, 0xC2, 0x08, 0x90, 0x55,
    0xB6, 0x6F, 0xB6, 0x6F, 0x8F, 0x95, 0x6F, 0x85, 0x95, 0x67, 0x84, 0x94, 0x67, 0x89, 0x74, 0x67,
    0x86, 0x74, 0x5F, 0x04, 0x94, 0x5F, 0x94, 0x5F, 0x6E, 0x45, 0xC2, 0x08, 0xC2, 0x08, 0x82, 0xA1,
    0x00, 0x83, 0x81, 0x00, 0x84, 0x61, 0x00, 0x85, 0x40, 0x00, 0x8A, 0x20, 0x00, 0xAB, 0x00, 0x00,
    0xAA, 0x00, 0x00, 0x88, 0x20, 0x00, 0x84, 0x40, 0x00, 0x86, 0x61, 0x00, 0x82, 0x81, 0x00, 0x00,
    0x81, 0x08, 0x84, 0xA1, 0x08, 0x04, 0xC2, 0x08, 0xC2, 0x08, 0xE2, 0x08, 0xCD, 0x44, 0x54, 0x6F,
    0x8D, 0xB5, 0x6F, 0x84, 0x95, 0x6F, 0x89, 0x95, 0x67, 0x88, 0x94, 0x67, 0x85, 0x94, 0x5F, 0x05,
    0x33, 0x5F, 0x8C, 0x3C, 0xE2, 0x08, 0xC2, 0x08, 0xA2, 0x08, 0xA1, 0x08, 0x82, 0xA1, 0x00, 0x84,
    0x81, 0x00, 0x83, 0x61, 0x00, 0x85, 0x40, 0x00, 0x8A, 0x20, 0x00, 0xAA, 0x00, 0x00, 0xAA, 0x00,
    0x00, 0x87, 0x20, 0x00, 0x83, 0x40, 0x00, 0x00, 0x41, 0x00, 0x86, 0x61, 0x00, 0x02, 0x81, 0x00,
    0x81, 0x00, 0x81, 0x08, 0x85, 0xA1, 0x08, 0x83, 0xC2, 0x08, 0x02, 0xE2, 0x08, 0xA4, 0x11, 0x29,
    0x2B, 0x84, 0x8A, 0x33, 0x02, 0xAA, 0x33, 0xAA, 0x33, 0x8A, 0x33, 0x8C, 0xAA, 0x33, 0x84, 0xAA,
    0x2B, 0x87, 0x89, 0x2B, 0x87, 0x69, 0x2B, 0x01, 0x08, 0x23, 0x84, 0x11, 0x83, 0xC2, 0x08, 0x82,
    0xA1, 0x08, 0x01, 0xA1, 0x00, 0xA1, 0x00, 0x84, 0x81, 0x00, 0x83, 0x61, 0x00, 0x85, 0x40, 0x00,
    0x89, 0x20, 0x00, 0xAA, 0x00, 0x00, 0xA9, 0x00, 0x00, 0x87, 0x20, 0x00, 0x83, 0x40, 0x00, 0x00,
    0x41, 0x00, 0x86, 0x61, 0x00, 0x02, 0x81, 0x00, 0x81, 0x00, 0x81, 0x08, 0x84, 0xA1, 0x08, 0x84,
    0xC2, 0x08, 0x01, 0xE2, 0x08, 0x02, 0x09, 0x83, 0xE2, 0x08, 0x87, 0x02, 0x09, 0x92, 0x23, 0x09,
    0x82, 0x22, 0x09, 0x85, 0x02, 0x09, 0x86, 0xE2, 0x08, 0x83, 0xC2, 0x08, 0x82, 0xA1, 0x08, 0x01,
    0xA1, 0x00, 0xA1, 0x00, 0x84, 0x81, 0x00, 0x83, 0x61, 0x00, 0x85, 0x40, 0x00, 0x89, 0x20, 0x00,
    0xA9, 0x00, 0x00, 0xA8, 0x00, 0x00, 0x87, 0x20, 0x00, 0x83, 0x40, 0x00, 0x00, 0x41, 0x00, 0x85,
    0x61, 0x00, 0x82, 0x81, 0x00, 0x00, 0x81, 0x08, 0x82, 0xA1, 0x08, 0x00, 0xA2, 0x08, 0x85, 0xC2,
    0x08, 0x82, 0xE2, 0x08, 0x83, 0x02, 0x09, 0x85, 0x23, 0x09, 0x95, 0x43, 0x09, 0x87, 0x23, 0x09,
    0x00, 0x22, 0x09, 0x83, 0x02, 0x09, 0x82, 0xE2, 0x08, 0x83, 0xC2, 0x08, 0x83, 0xA1, 0x08, 0x00,
    0xA1, 0x00, 0x84, 0x81, 0x00, 0x83, 0x61, 0x00, 0x85, 0x40, 0x00, 0x89, 0x20, 0x00, 0xA8, 0x00,
    0x00, 0xA7, 0x00, 0x00, 0x87, 0x20, 0x00, 0x83, 0x40, 0x00, 0x00, 0x41, 0x00, 0x85, 0x61, 0x00,
    0x82, 0x81, 0x00, 0x00, 0x81, 0x08, 0x82, 0xA1, 0x08, 0x00, 0xA2, 0x08, 0x84, 0xC2, 0x08, 0x85,
    0xE2, 0x08, 0x85, 0x02, 0x09, 0x9C, 0x23, 0x09, 0x87, 0x02, 0x09, 0x84, 0xE2, 0x08, 0x83, 0xC2,
    0x08, 0x84, 0xA1, 0x08, 0x84, 0x81, 0x00, 0x83, 0x61, 0x00, 0x85, 0x40, 0x00, 0x89, 0x20, 0x00,
    0xA7, 0x00, 0x00, 0xA6, 0x00, 0x00, 0x87, 0x20, 0x00, 0x83, 0x40, 0x00, 0x00, 0x41, 0x00, 0x85,
    0x61, 0x00, 0x82, 0x81, 0x00, 0x00, 0x81, 0x08, 0x82, 0xA1, 0x08, 0x00, 0xA2, 0x08, 0x83, 0xC2,
    0x08, 0x85, 0xE2, 0x08, 0x86, 0x02, 0x09, 0xA0, 0x23, 0x09, 0x86, 0x02, 0x09, 0x83, 0xE2, 0x08,
    0x83, 0xC2, 0x08, 0x84, 0xA1, 0x08, 0x00, 0xA1, 0x00, 0x83, 0x81, 0x00, 0x83, 0x61, 0x00, 0x85,
    0x40, 0x00, 0x89, 0x20, 0x00, 0xA6, 0x00, 0x00, 0xA6, 0x00, 0x00, 0x87, 0x20, 0x00, 0x82, 0x40,
    0x00, 0x00, 0x41, 0x00, 0x85, 0x61, 0x00, 0x82, 0x81, 0x00, 0x00, 0x81, 0x08, 0x82, 0xA1, 0x08,
    0x00, 0xA2, 0x08, 0x83, 0xC2, 0x08, 0x85, 0xE2, 0x08, 0x85, 0x02, 0x09, 0x8E, 0x23, 0x09, 0x87,
    0x43, 0x09, 0x8C, 0x23, 0x09, 0x86, 0x02, 0x09, 0x83, 0xE2, 0x08, 0x83, 0xC2, 0x08, 0x84, 0xA1,
    0x08, 0x01, 0xA1, 0x00, 0xA1, 0x00, 0x82, 0x81, 0x00, 0x83, 0x61, 0x00, 0x85, 0x40, 0x00, 0x88,
    0x20, 0x00, 0xA6, 0x00, 0x00, 0xA5, 0x00, 0x00, 0x87, 0x20, 0x00, 0x82, 0x40, 0x00, 0x00, 0x41,
    0x00, 0x85, 0x61, 0x00, 0x82, 0x81, 0x00, 0x83, 0xA1, 0x08, 0x00, 0xA2, 0x08, 0x83, 0xC2, 0x08,
    0x85, 0xE2, 0x08, 0x85, 0x02, 0x09, 0x88, 0x23, 0x09, 0x92, 0x43, 0x09, 0x89, 0x23, 0x09, 0x86,
    0x02, 0x09, 0x83, 0xE2, 0x08, 0x84, 0xC2, 0x08, 0x83, 0xA1, 0x08, 0x00, 0xA1, 0x00, 0x83, 0x81,
    0x00, 0x83, 0x61, 0x00, 0x84, 0x40, 0x00, 0x89, 0x20, 0x00, 0xA5, 0x00, 0x00, 0xA5, 0x00, 0x00,
    0x85, 0x20, 0x00, 0x83, 0x40, 0x00, 0x01, 0x41, 0x00, 0x41, 0x00, 0x84, 0x61, 0x00, 0x82, 0x81,
    0x00, 0x83, 0xA1, 0x08, 0x84, 0xC2, 0x08, 0x85, 0xE2, 0x08, 0x85, 0x02, 0x09, 0x88, 0x23, 0x09,
    0x97, 0x43, 0x09, 0x86, 0x23, 0x09, 0x86, 0x02, 0x09, 0x84, 0xE2, 0x08, 0x83, 0xC2, 0x08, 0x83,
    0xA1, 0x08, 0x00, 0xA1, 0x00, 0x83, 0x81, 0x00, 0x84, 0x61, 0x00, 0x83, 0x40, 0x00, 0x88, 0x20,
    0x00, 0xA5, 0x00, 0x00, 0xA4, 0x00, 0x00, 0x85, 0x20, 0x00, 0x84, 0x40, 0x00, 0x00, 0x41, 0x00,
    0x84, 0x61, 0x00, 0x83, 0x81, 0x00, 0x82, 0xA1, 0x08, 0x83, 0xC2, 0x08, 0x01, 0xE2, 0x08, 0xE2,
    0x08, 0x84, 0x02, 0x09, 0x82, 0x03, 0x09, 0x86, 0x23, 0x09, 0x01, 0x43, 0x09, 0x43, 0x09, 0x86,
    0x43, 0x11, 0x91, 0x63, 0x11, 0x83, 0x43, 0x11, 0x83, 0x43, 0x09, 0x85, 0x23, 0x09, 0x01, 0x03,
    0x09, 0x03, 0x09, 0x84, 0x02, 0x09, 0x83, 0xE2, 0x08, 0x01, 0xC2, 0x08, 0xC2, 0x08, 0x83, 0xA1,
    0x08, 0x00, 0xA1, 0x00, 0x82, 0x81, 0x00, 0x85, 0x61, 0x00, 0x83, 0x40, 0x00, 0x88, 0x20, 0x00,
    0xA4, 0x00, 0x00, 0xA4, 0x00, 0x00, 0x84, 0x20, 0x00, 0x84, 0x40, 0x00, 0x00, 0x41, 0x00, 0x84,
    0x61, 0x00, 0x83, 0x81, 0x00, 0x82, 0xA1, 0x08, 0x82, 0xC2, 0x08, 0x87, 0xE2, 0x08, 0x82, 0x02,
    0x09, 0x01, 0x03, 0x09, 0x03, 0x09, 0x87, 0x23, 0x09, 0x82, 0x43, 0x09, 0x92, 0x43, 0x11, 0x87,
    0x43, 0x09, 0x86, 0x23, 0x09, 0x86, 0x02, 0x09, 0x84, 0xE2, 0x08, 0x84, 0xC2, 0x08, 0x82, 0xA1,
    0x08, 0x00, 0xA1, 0x00, 0x82, 0x81, 0x00, 0x84, 0x61, 0x00, 0x00, 0x41, 0x00, 0x83, 0x40, 0x00,
    0x87, 0x20, 0x00, 0xA4, 0x00, 0x00, 0xA3, 0x00, 0x00, 0x85, 0x20, 0x00, 0x83, 0x40, 0x00, 0x00,
    0x41, 0x00, 0x84, 0x61, 0x00, 0x83, 0x81, 0x00, 0x83, 0xA1, 0x08, 0x07, 0xC2, 0x08, 0xE2, 0x08,
    0xC2, 0x08, 0xC2, 0x08, 0xE2, 0x08, 0xE2, 0x08, 0xC5, 0x19, 0x87, 0x22, 0x82, 0xC8, 0x2A, 0x88,
    0xE8, 0x2A, 0x94, 0x08, 0x2B, 0x85, 0x08, 0x23, 0x83, 0xE8, 0x22, 0x85, 0xE7, 0x22, 0x85, 0xC7,
    0x22, 0x84, 0xA7, 0x22, 0x82, 0xA7, 0x1A, 0x03, 0x86, 0x1A, 0x46, 0x1A, 0xA4, 0x11, 0xE2, 0x08,
    0x83, 0xC2, 0x08, 0x82, 0xA1, 0x08, 0x83, 0x81, 0x00, 0x84, 0x61, 0x00, 0x00, 0x41, 0x00, 0x82,
    0x40, 0x00, 0x88, 0x20, 0x00, 0xA3, 0x00, 0x00, 0xA2, 0x00, 0x00, 0x85, 0x20, 0x00, 0x84, 0x40,
    0x00, 0x84, 0x61, 0x00, 0x83, 0x81, 0x00, 0x83, 0xA1, 0x08, 0x82, 0xC2, 0x08, 0x04, 0x02, 0x09,
    0x08, 0x2B, 0x4F, 0x4D, 0xB3, 0x66, 0x75, 0x77, 0x8F, 0xB6, 0x77, 0x01, 0x96, 0x77, 0x96, 0x77,
    0x83, 0x95, 0x77, 0x8D, 0x95, 0x6F, 0x82, 0x95, 0x67, 0x8A, 0x94, 0x67, 0x01, 0x74, 0x67, 0x74,
    0x67, 0x85, 0x74, 0x5F, 0x87, 0x73, 0x5F, 0x08, 0x32, 0x57, 0x70, 0x4E, 0xED, 0x3C, 0xC7, 0x22,
    0xE2, 0x08, 0xC2, 0x08, 0xA1, 0x08, 0xC2, 0x08, 0xA1, 0x00, 0x84, 0x81, 0x00, 0x84, 0x61, 0x00,
    0x83, 0x40, 0x00, 0x88, 0x20, 0x00, 0xA2, 0x00, 0x00, 0xA2, 0x00, 0x00, 0x85, 0x20, 0x00, 0x83,
    0x40, 0x00, 0x84, 0x61, 0x00, 0x83, 0x81, 0x00, 0x83, 0xA1, 0x08, 0x04, 0xE2, 0x08, 0xC2, 0x08,
    0xC2, 0x08, 0xAA, 0x33, 0xB3, 0x66, 0x84, 0xB6, 0x77, 0x89, 0x96, 0x77, 0x88, 0x95, 0x77, 0x8D,
    0x95, 0x6F, 0x02, 0x94, 0x6F, 0x94, 0x6F, 0x94, 0x67, 0x8B, 0x74, 0x67, 0x84, 0x74, 0x5F, 0x89,
    0x73, 0x5F, 0x02, 0x53, 0x5F, 0x73, 0x5F, 0x73, 0x5F, 0x82, 0x73, 0x57, 0x05, 0x50, 0x4E, 0x68,
    0x23, 0xC2, 0x08, 0xA1, 0x08, 0xC2, 0x08, 0xA1, 0x00, 0x84, 0x81, 0x00, 0x83, 0x61, 0x00, 0x83,
    0x40, 0x00, 0x88, 0x20, 0x00, 0xA2, 0x00, 0x00, 0xA2, 0x00, 0x00, 0x84, 0x20, 0x00, 0x83, 0x40,
    0x00, 0x84, 0x61, 0x00, 0x83, 0x81, 0x00, 0x00, 0xA1, 0x00, 0x82, 0xA1, 0x08, 0x05, 0xE2, 0x08,
    0xC2, 0x08, 0x05, 0x1A, 0x31, 0x5E, 0xB6, 0x77, 0xB6, 0x77, 0x82, 0x96, 0x77, 0x8D, 0xB6, 0x77,
    0x86, 0x96, 0x77, 0x84, 0x95, 0x77, 0x8C, 0x95, 0x6F, 0x88, 0x94, 0x67, 0x84, 0x74, 0x67, 0x86,
    0x74, 0x5F, 0x87, 0x73, 0x5F, 0x82, 0x53, 0x57, 0x07, 0x73, 0x57, 0x73, 0x57, 0xCF, 0x45, 0xC4,
    0x11, 0xA1, 0x08, 0xC2, 0x08, 0xA1, 0x00, 0xA1, 0x00, 0x83, 0x81, 0x00, 0x83, 0x61, 0x00, 0x83,
    0x40, 0x00, 0x87, 0x20, 0x00, 0xA2, 0x00, 0x00, 0xA1, 0x00, 0x00, 0x85, 0x20, 0x00, 0x83, 0x40,
    0x00, 0x84, 0x61, 0x00, 0x82, 0x81, 0x00, 0x02, 0xA1, 0x00, 0xA1, 0x08, 0xA1, 0x08, 0x82, 0xC2,
    0x08, 0x04, 0x08, 0x2B, 0x55, 0x6F, 0xB6, 0x77, 0x96, 0x77, 0x96, 0x77, 0x8E, 0xB6, 0x77, 0x87,
    0x96, 0x77, 0x84, 0x95, 0x77, 0x8D, 0x95, 0x6F, 0x00, 0x95, 0x67, 0x85, 0x94, 0x67, 0x85, 0x74,
    0x67, 0x86, 0x74, 0x5F, 0x89, 0x73, 0x5F, 0x0A, 0x73, 0x57, 0x73, 0x57, 0x53, 0x57, 0x53, 0x57,
    0x73, 0x57, 0xF2, 0x56, 0xC7, 0x1A, 0xA1, 0x08, 0xC2, 0x08, 0xA1, 0x00, 0xA1, 0x00, 0x83, 0x81,
    0x00, 0x83, 0x61, 0x00, 0x82, 0x40, 0x00, 0x88, 0x20, 0x00, 0xA1, 0x00, 0x00, 0xA1, 0x00, 0x00,
    0x84, 0x20, 0x00, 0x83, 0x40, 0x00, 0x01, 0x41, 0x00, 0x41, 0x00, 0x82, 0x61, 0x00, 0x82, 0x81,
    0x00, 0x00, 0xA1, 0x00, 0x82, 0xA1, 0x08, 0x05, 0xC2, 0x08, 0xC2, 0x08, 0x49, 0x2B, 0x96, 0x77,
    0xB6, 0x77, 0x96, 0x77, 0x86, 0xB6, 0x77, 0x00, 0xB6, 0x7F, 0x87, 0xB6, 0x77, 0x88, 0x96, 0x77,
    0x85, 0x95, 0x77, 0x8D, 0x95, 0x6F, 0x00, 0x95, 0x67, 0x82, 0x94, 0x67, 0x88, 0x74, 0x67, 0x83,
    0x74, 0x5F, 0x8B, 0x73, 0x5F, 0x83, 0x73, 0x57, 0x06, 0x53, 0x57, 0x73, 0x57, 0x52, 0x57, 0xE7,
    0x22, 0xA1, 0x08, 0xC2, 0x08, 0xA1, 0x00, 0x84, 0x81, 0x00, 0x82, 0x61, 0x00, 0x83, 0x40, 0x00,
    0x87, 0x20, 0x00, 0xA1, 0x00, 0x00, 0xA0, 0x00, 0x00, 0x85, 0x20, 0x00, 0x83, 0x40, 0x00, 0x00,
    0x41, 0x00, 0x83, 0x61, 0x00, 0x82, 0x81, 0x00, 0x08, 0xA1, 0x00, 0xA1, 0x08, 0xA1, 0x08, 0xC2,
    0x08, 0xC2, 0x08, 0x87, 0x22, 0x96, 0x77, 0xB6, 0x77, 0x96, 0x77, 0x83, 0xB6, 0x77, 0x89, 0xB6,
    0x7F, 0x00, 0xB6, 0x77, 0x8C, 0x96, 0x77, 0x85, 0x95, 0x77, 0x8A, 0x95, 0x6F, 0x00, 0x94, 0x6F,
    0x82, 0x94, 0x67, 0x89, 0x74, 0x67, 0x84, 0x74, 0x5F, 0x88, 0x73, 0x5F, 0x86, 0x73, 0x57, 0x06,
    0x53, 0x57, 0x53, 0x57, 0x32, 0x57, 0x25, 0x1A, 0xA1, 0x08, 0xC2, 0x08, 0xA1, 0x00, 0x83, 0x81,
    0x00, 0x83, 0x61, 0x00, 0x82, 0x40, 0x00, 0x88, 0x20, 0x00, 0xA0, 0x00, 0x00, 0xA0, 0x00, 0x00,
    0x84, 0x20, 0x00, 0x84, 0x40, 0x00, 0x00, 0x41, 0x00, 0x82, 0x61, 0x00, 0x82, 0x81, 0x00, 0x08,
    0xA1, 0x00, 0xA1, 0x08, 0xA1, 0x08, 0xC2, 0x08, 0xC2, 0x08, 0x43, 0x11, 0xF4, 0x6E, 0xB6, 0x77,
    0x96, 0x77, 0x82, 0xB6, 0x77, 0x8B, 0xB6, 0x7F, 0x84, 0x96, 0x7F, 0x87, 0x96, 0x77, 0x86, 0x95,
    0x77, 0x8A, 0x95, 0x6F, 0x00, 0x95, 0x67, 0x82, 0x94, 0x67, 0x89, 0x74, 0x67, 0x84, 0x74, 0x5F,
    0x89, 0x73, 0x5F, 0x85, 0x73, 0x57, 0x07, 0x53, 0x57, 0x52, 0x57, 0x53, 0x57, 0x90, 0x4E, 0x22,
    0x09, 0xA1, 0x08, 0xA1, 0x00, 0xA1, 0x00, 0x83, 0x81, 0x00, 0x82, 0x61, 0x00, 0x83, 0x40, 0x00,
    0x87, 0x20, 0x00, 0xA0, 0x00, 0x00, 0xA0, 0x00, 0x00, 0x84, 0x20, 0x00, 0x83, 0x40, 0x00, 0x00,
    0x41, 0x00, 0x83, 0x61, 0x00, 0x82, 0x81, 0x00, 0x09, 0xA1, 0x00, 0xA1, 0x08, 0xA1, 0x08, 0xC2,
    0x08, 0xC2, 0x08, 0xEE, 0x4C, 0xB6, 0x77, 0x96, 0x77, 0xB6, 0x77, 0xB6, 0x77, 0x90, 0xB6, 0x7F,
    0x82, 0x96, 0x7F, 0x87, 0x96, 0x77, 0x86, 0x95, 0x77, 0x89, 0x95, 0x6F, 0x03, 0x95, 0x67, 0x95,
    0x67, 0x94, 0x67, 0x94, 0x67, 0x89, 0x74, 0x67, 0x84, 0x74, 0x5F, 0x89, 0x73, 0x5F, 0x84, 0x73,
    0x57, 0x82, 0x53, 0x57, 0x05, 0x52, 0x57, 0x53, 0x57, 0x8B, 0x34, 0xA1, 0x08, 0xC2, 0x08, 0xA1,
    0x00, 0x83, 0x81, 0x00, 0x83, 0x61, 0x00, 0x83, 0x40, 0x00, 0x86, 0x20, 0x00, 0xA0, 0x00, 0x00,
    0x9F, 0x00, 0x00, 0x85, 0x20, 0x00, 0x83, 0x40, 0x00, 0x83, 0x61, 0x00, 0x82, 0x81, 0x00, 0x09,
    0xA1, 0x00, 0xA1, 0x08, 0xA1, 0x08, 0xC2, 0x08, 0xC2, 0x08, 0xE5, 0x19, 0x96, 0x77, 0x96, 0x77,
    0xB6, 0x77, 0xB6, 0x77, 0x86, 0xB6, 0x7F, 0x01, 0x96, 0x7F, 0x96, 0x7F, 0x8C, 0xB6, 0x7F, 0x01,
    0x96, 0x7F, 0x96, 0x7F, 0x85, 0x96, 0x77, 0x86, 0x95, 0x77, 0x89, 0x95, 0x6F, 0x83, 0x94, 0x67,
    0x88, 0x74, 0x67, 0x83, 0x74, 0x5F, 0x88, 0x73, 0x5F, 0x04, 0x53, 0x57, 0x53, 0x57, 0x73, 0x5F,
    0x73, 0x57, 0x73, 0x57, 0x84, 0x53, 0x57, 0x06, 0x52, 0x57, 0x52, 0x57, 0x32, 0x57, 0xA4, 0x11,
    0xA1, 0x08, 0xA1, 0x08, 0xA1, 0x00, 0x83, 0x81, 0x00, 0x82, 0x61, 0x00, 0x84, 0x40, 0x00, 0x86,
    0x20, 0x00, 0x9F, 0x00, 0x00, 0x9E, 0x00, 0x00, 0x85, 0x20, 0x00, 0x83, 0x40, 0x00, 0x83, 0x61,
    0x00, 0x82, 0x81, 0x00, 0x08, 0xA1, 0x00, 0xA1, 0x00, 0xA1, 0x08, 0xA1, 0x08, 0xC2, 0x08, 0xC2,
    0x08, 0xEE, 0x4C, 0xB6, 0x77, 0x96, 0x77, 0x96, 0xB6, 0x7F, 0x82, 0x96, 0x7F, 0x84, 0x96, 0x77,
    0x86, 0x95, 0x77, 0x88, 0x95, 0x6F, 0x82, 0x94, 0x6F, 0x82, 0x94, 0x67, 0x89, 0x74, 0x67, 0x01,
    0x74, 0x5F, 0x74, 0x5F, 0x8A, 0x73, 0x5F, 0x82, 0x73, 0x57, 0x86, 0x53, 0x57, 0x05, 0x52, 0x57,
    0x52, 0x57, 0x6B, 0x34, 0xA1, 0x08, 0xC2, 0x08, 0xA1, 0x00, 0x83, 0x81, 0x00, 0x82, 0x61, 0x00,
    0x84, 0x40, 0x00, 0x86, 0x20, 0x00, 0x9F, 0x00, 0x00, 0x9E, 0x00, 0x00, 0x84, 0x20, 0x00, 0x83,
    0x40, 0x00, 0x83, 0x61, 0x00, 0x82, 0x81, 0x00, 0x09, 0xA1, 0x00, 0xA1, 0x00, 0xA1, 0x08, 0xA1,
    0x08, 0xC2, 0x08, 0xC2, 0x08, 0x03, 0x09, 0xF4, 0x6E, 0xB6, 0x77, 0x96, 0x77, 0x88, 0xB6, 0x7F,
    0x04, 0x52, 0x66, 0x6C, 0x44, 0xAA, 0x33, 0x8A, 0x33, 0xAA, 0x33, 0x82, 0x8A, 0x33, 0x8E, 0xAA,
    0x33, 0x87, 0x8A, 0x33, 0x01, 0x89, 0x33, 0x89, 0x33, 0x88, 0x89, 0x2B, 0x8B, 0x69, 0x2B, 0x86,
    0x48, 0x2B, 0x82, 0x48, 0x23, 0x04, 0x28, 0x23, 0x48, 0x23, 0x0A, 0x2C, 0xEF, 0x45, 0x73, 0x57,
    0x86, 0x53, 0x57, 0x82, 0x52, 0x57, 0x04, 0x90, 0x4E, 0xE2, 0x08, 0xA1, 0x08, 0xA1, 0x00, 0xA1,
    0x00, 0x83, 0x81, 0x00, 0x82, 0x61, 0x00, 0x84, 0x40, 0x00, 0x85, 0x20, 0x00, 0x9F, 0x00, 0x00,
    0x9D, 0x00, 0x00, 0x84, 0x20, 0x00, 0x83, 0x40, 0x00, 0x84, 0x61, 0x00, 0x82, 0x81, 0x00, 0x08,
    0xA1, 0x00, 0xA1, 0x00, 0xA1, 0x08, 0xA1, 0x08, 0xC2, 0x08, 0xC2, 0x08, 0x87, 0x22, 0xB6, 0x77,
    0x96, 0x7F, 0x86, 0xB6, 0x7F, 0x04, 0x96, 0x7F, 0xB6, 0x7F, 0xEE, 0x4C, 0x46, 0x22, 0x66, 0x22,
    0x84, 0x87, 0x22, 0x98, 0xA7, 0x22, 0x87, 0x87, 0x22, 0x84, 0x86, 0x22, 0x86, 0x86, 0x1A, 0x89,
    0x66, 0x1A, 0x83, 0x46, 0x1A, 0x02, 0x25, 0x1A, 0x05, 0x1A, 0x6B, 0x34, 0x87, 0x53, 0x57, 0x82,
    0x52, 0x57, 0x03, 0x45, 0x1A, 0xA1, 0x08, 0xC2, 0x08, 0xA1, 0x00, 0x83, 0x81, 0x00, 0x82, 0x61,
    0x00, 0x00, 0x60, 0x00, 0x83, 0x40, 0x00, 0x86, 0x20, 0x00, 0x9E, 0x00, 0x00, 0x9C, 0x00, 0x00,
    0x85, 0x20, 0x00, 0x83, 0x40, 0x00, 0x84, 0x61, 0x00, 0x82, 0x81, 0x00, 0x08, 0xA1, 0x00, 0xA1,
    0x08, 0xA1, 0x08, 0xC2, 0x08, 0xE2, 0x08, 0xC2, 0x08, 0x0B, 0x3C, 0xB6, 0x7F, 0x96, 0x77, 0x85,
    0xB6, 0x7F, 0x03, 0x96, 0x7F, 0xB6, 0x7F, 0x90, 0x55, 0x26, 0x1A, 0x84, 0xC8, 0x2A, 0x92, 0xE8,
    0x2A, 0x82, 0xE8, 0x22, 0x86, 0xE7, 0x22, 0x8F, 0xC7, 0x22, 0x86, 0xA7, 0x22, 0x02, 0xA7, 0x1A,
    0xA7, 0x1A, 0xA6, 0x1A, 0x87, 0x86, 0x1A, 0x01, 0xE5, 0x11, 0x0D, 0x3D, 0x86, 0x53, 0x57, 0x07,
    0x52, 0x57, 0x32, 0x57, 0x52, 0x57, 0xA9, 0x2B, 0xC2, 0x08, 0xC2, 0x08, 0xA1, 0x00, 0xA1, 0x00,
    0x83, 0x81, 0x00, 0x03, 0x61, 0x00, 0x61, 0x00, 0x60, 0x00, 0x60, 0x00, 0x82, 0x40, 0x00, 0x86,
    0x20, 0x00, 0x9E, 0x00, 0x00, 0x9C, 0x00, 0x00, 0x85, 0x20, 0x00, 0x83, 0x40, 0x00, 0x83, 0x61,
    0x00, 0x82, 0x81, 0x00, 0x00, 0xA1, 0x00, 0x82, 0xA1, 0x08, 0x05, 0xC2, 0x08, 0xE2, 0x08, 0xC2,
    0x08, 0x0E, 0x4D, 0xB6, 0x7F, 0x96, 0x77, 0x86, 0xB6, 0x7F, 0x05, 0x55, 0x77, 0x29, 0x2B, 0xA7,
    0x22, 0xC8, 0x2A, 0xC7, 0x22, 0xC7, 0x22, 0x84, 0xC8, 0x2A, 0x89, 0xE8, 0x2A, 0x84, 0xE8, 0x22,
    0x82, 0xE7, 0x22, 0x94, 0xC7, 0x22, 0x88, 0xA7, 0x22, 0x88, 0x86, 0x1A, 0x07, 0x66, 0x1A, 0x66,
    0x1A, 0x86, 0x1A, 0x46, 0x1A, 0xC7, 0x1A, 0x12, 0x57, 0x53, 0x57, 0x52, 0x57, 0x83, 0x53, 0x57,
    0x05, 0x52, 0x57, 0x32, 0x57, 0x52, 0x57, 0x8B, 0x34, 0xC2, 0x08, 0xC2, 0x08, 0x82, 0xA1, 0x00,
    0x83, 0x81, 0x00, 0x02, 0x61, 0x00, 0x61, 0x00, 0x60, 0x00, 0x83, 0x40, 0x00, 0x85, 0x20, 0x00,
    0x9E, 0x00, 0x00, 0x9B, 0x00, 0x00, 0x85, 0x20, 0x00, 0x84, 0x40, 0x00, 0x00, 0x41, 0x00, 0x82,
    0x61, 0x00, 0x82, 0x81, 0x00, 0x82, 0xA1, 0x08, 0x06, 0xC2, 0x08, 0xC2, 0x08, 0xE2, 0x08, 0xC2,
    0x08, 0x90, 0x55, 0xB6, 0x7F, 0x96, 0x77, 0x84, 0xB6, 0x7F, 0x05, 0x96, 0x7F, 0xB6, 0x7F, 0x93,
    0x6E, 0x87, 0x22, 0xC8, 0x2A, 0xC7, 0x22, 0x85, 0xC8, 0x2A, 0x8B, 0xE8, 0x2A, 0x84, 0xE8, 0x22,
    0x89, 0xE7, 0x22, 0x8C, 0xC7, 0x22, 0x02, 0xA7, 0x22, 0xA7, 0x22, 0xC7, 0x22, 0x86, 0xA7, 0x22,
    0x89, 0x86, 0x1A, 0x07, 0x66, 0x1A, 0x86, 0x1A, 0x25, 0x1A, 0x0F, 0x46, 0x53, 0x57, 0x52, 0x57,
    0x53, 0x57, 0x53, 0x57, 0x82, 0x52, 0x57, 0x04, 0x32, 0x57, 0x52, 0x57, 0x2D, 0x3D, 0xC2, 0x08,
    0xC2, 0x08, 0x82, 0xA1, 0x00, 0x83, 0x81, 0x00, 0x02, 0x61, 0x00, 0x61, 0x00, 0x60, 0x00, 0x83,
    0x40, 0x00, 0x85, 0x20, 0x00, 0x9E, 0x00, 0x00, 0x9B, 0x00, 0x00, 0x85, 0x20, 0x00, 0x83, 0x40,
    0x00, 0x00, 0x41, 0x00, 0x82, 0x61, 0x00, 0x83, 0x81, 0x00, 0x01, 0xA1, 0x08, 0xA1, 0x08, 0x82,
    0xC2, 0x08, 0x04, 0xE2, 0x08, 0xE2, 0x08, 0xD0, 0x5D, 0xB6, 0x7F, 0x96, 0x77, 0x84, 0xB6, 0x7F,
    0x03, 0x96, 0x7F, 0xB6, 0x7F, 0x52, 0x66, 0x66, 0x22, 0x87, 0xC8, 0x2A, 0x8C, 0xE8, 0x2A, 0x82,
    0xE8, 0x22, 0x01, 0xE8, 0x2A, 0xE8, 0x2A, 0x88, 0xE7, 0x22, 0x8E, 0xC7, 0x22, 0x87, 0xA7, 0x22,
    0x89, 0x86, 0x1A, 0x04, 0x66, 0x1A, 0x86, 0x1A, 0x25, 0x1A, 0xCF, 0x45, 0x53, 0x57, 0x85, 0x52,
    0x57, 0x05, 0x32, 0x57, 0x52, 0x57, 0x4D, 0x3D, 0xC2, 0x08, 0xC2, 0x08, 0xC1, 0x00, 0x82, 0xA1,
    0x00, 0x82, 0x81, 0x00, 0x02, 0x61, 0x00, 0x61, 0x00, 0x60, 0x00, 0x83, 0x40, 0x00, 0x86, 0x20,
    0x00, 0x9D, 0x00, 0x00, 0x9B, 0x00, 0x00, 0x85, 0x20, 0x00, 0x83, 0x40, 0x00, 0x82, 0x61, 0x00,
    0x83, 0x81, 0x00, 0x82, 0xA1, 0x08, 0x82, 0xC2, 0x08, 0x04, 0xE2, 0x08, 0xE2, 0x08, 0xD0, 0x5D,
    0xB6, 0x7F, 0x96, 0x7F, 0x84, 0xB6, 0x7F, 0x03, 0x96, 0x7F, 0xB6, 0x7F, 0x52, 0x66, 0x66, 0x22,
    0x84, 0xC8, 0x2A, 0x90, 0xE8, 0x2A, 0x83, 0xE8, 0x22, 0x88, 0xE7, 0x22, 0x8F, 0xC7, 0x22, 0x85,
    0xA7, 0x22, 0x01, 0xA7, 0x1A, 0x87, 0x1A, 0x8A, 0x86, 0x1A, 0x02, 0x25, 0x1A, 0xCF, 0x45, 0x53,
    0x57, 0x85, 0x52, 0x57, 0x05, 0x32, 0x57, 0x52, 0x57, 0x4D, 0x3D, 0xC2, 0x08, 0xC2, 0x08, 0xC1,
    0x00, 0x82, 0xA1, 0x00, 0x82, 0x81, 0x00, 0x82, 0x61, 0x00, 0x00, 0x60, 0x00, 0x82, 0x40, 0x00,
    0x86, 0x20, 0x00, 0x9D, 0x00, 0x00, 0x9B, 0x00, 0x00, 0x85, 0x20, 0x00, 0x83, 0x40, 0x00, 0x82,
    0x61, 0x00, 0x83, 0x81, 0x00, 0x82, 0xA1, 0x08, 0x82, 0xC2, 0x08, 0x04, 0xE2, 0x08, 0xE2, 0x08,
    0xD0, 0x5D, 0xB6, 0x7F, 0x96, 0x77, 0x84, 0xB6, 0x7F, 0x06, 0x96, 0x7F, 0xB6, 0x7F, 0x52, 0x66,
    0x66, 0x22, 0xE8, 0x2A, 0xC8, 0x2A, 0xC8, 0x2A, 0x93, 0xE8, 0x2A, 0x83, 0xE8, 0x22, 0x88, 0xE7,
    0x22, 0x8F, 0xC7, 0x22, 0x84, 0xA7, 0x22, 0x02, 0xA7, 0x1A, 0xA7, 0x1A, 0x87, 0x1A, 0x89, 0x86,
    0x1A, 0x01, 0x25, 0x1A, 0xCF, 0x45, 0x86, 0x52, 0x57, 0x05, 0x32, 0x57, 0x52, 0x57, 0x4D, 0x3D,
    0xC2, 0x08, 0xC2, 0x08, 0xC1, 0x08, 0x82, 0xA1, 0x00, 0x83, 0x81, 0x00, 0x02, 0x61, 0x00, 0x61,
    0x00, 0x60, 0x00, 0x82, 0x40, 0x00, 0x86, 0x20, 0x00, 0x9D, 0x00, 0x00, 0x9B, 0x00, 0x00, 0x84,
    0x20, 0x00, 0x83, 0x40, 0x00, 0x83, 0x61, 0x00, 0x83, 0x81, 0x00, 0x01, 0xA1, 0x08, 0xA1, 0x08,
    0x82, 0xC2, 0x08, 0x82, 0xE2, 0x08, 0x02, 0xD0, 0x5D, 0x96, 0x7F, 0x96, 0x7F, 0x84, 0xB6, 0x7F,
    0x06, 0x96, 0x7F, 0xB6, 0x7F, 0x52, 0x66, 0x66, 0x22, 0xE8, 0x2A, 0xC8, 0x2A, 0xC8, 0x2A, 0x8A,
    0xE8, 0x2A, 0x00, 0x08, 0x2B, 0x83, 0xE8, 0x2A, 0x00, 0x08, 0x2B, 0x86, 0xE8, 0x2A, 0x00, 0xE8,
    0x22, 0x87, 0xE7, 0x22, 0x8F, 0xC7, 0x22, 0x85, 0xA7, 0x22, 0x01, 0xA6, 0x1A, 0xA6, 0x1A, 0x89,
    0x86, 0x1A, 0x01, 0x25, 0x1A, 0xCF, 0x45, 0x86, 0x52, 0x57, 0x05, 0x32, 0x57, 0x52, 0x57, 0x4D,
    0x3D, 0xC2, 0x08, 0xC2, 0x08, 0xC1, 0x08, 0x83, 0xA1, 0x00, 0x82, 0x81, 0x00, 0x02, 0x61, 0x00,
    0x61, 0x00, 0x60, 0x00, 0x83, 0x40, 0x00, 0x85, 0x20, 0x00, 0x9D, 0x00, 0x00, 0x9B, 0x00, 0x00,
    0x84, 0x20, 0x00, 0x83, 0x40, 0x00, 0x83, 0x61, 0x00, 0x82, 0x81, 0x00, 0x02, 0xA1, 0x00, 0xA1,
    0x08, 0xA1, 0x08, 0x82, 0xC2, 0x08, 0x05, 0xE2, 0x08, 0x02, 0x09, 0xE2, 0x08, 0xD0, 0x5D, 0x96,
    0x7F, 0x96, 0x7F, 0x84, 0xB6, 0x7F, 0x03, 0x96, 0x7F, 0xB6, 0x7F, 0x52, 0x66, 0x66, 0x22, 0x88,
    0xE8, 0x2A, 0x83, 0x08, 0x2B, 0x00, 0xE8, 0x2A, 0x82, 0x08, 0x2B, 0x03, 0xE8, 0x2A, 0xE8, 0x2A,
    0x08, 0x2B, 0x08, 0x2B, 0x84, 0xE8, 0x2A, 0x00, 0xE8, 0x22, 0x83, 0xE7, 0x22, 0x00, 0xE8, 0x22,
    0x83, 0xE7, 0x22, 0x8F, 0xC7, 0x22, 0x83, 0xA7, 0x22, 0x05, 0xA6, 0x22, 0xA6, 0x22, 0xA6, 0x1A,
    0xA7, 0x1A, 0xA6, 0x1A, 0xA6, 0x1A, 0x87, 0x86, 0x1A, 0x01, 0x25, 0x1A, 0xCF, 0x45, 0x86, 0x52,
    0x57, 0x06, 0x32, 0x4F, 0x52, 0x57, 0x4D, 0x3D, 0xC2, 0x08, 0xE2, 0x08, 0xC1, 0x08, 0xC1, 0x08,
    0x82, 0xA1, 0x00, 0x82, 0x81, 0x00, 0x82, 0x61, 0x00, 0x83, 0x40, 0x00, 0x85, 0x20, 0x00, 0x9D,
    0x00, 0x00, 0x9A, 0x00, 0x00, 0x85, 0x20, 0x00, 0x83, 0x40, 0x00, 0x83, 0x61, 0x00, 0x82, 0x81,
    0x00, 0x02, 0xA1, 0x08, 0xA1, 0x08, 0xC1, 0x08, 0x82, 0xC2, 0x08, 0x05, 0xE2, 0x08, 0x02, 0x09,
    0x02, 0x09, 0xD0, 0x5D, 0x96, 0x7F, 0x96, 0x7F, 0x84, 0xB6, 0x7F, 0x03, 0x96, 0x7F, 0x96, 0x7F,
    0x52, 0x66, 0x66, 0x22, 0x87, 0xE8, 0x2A, 0x01, 0x08, 0x2B, 0xE8, 0x2A, 0x88, 0x08, 0x2B, 0x84,
    0xE8, 0x2A, 0x83, 0xE8, 0x22, 0x87, 0xE7, 0x22, 0x90, 0xC7, 0x22, 0x01, 0xA7, 0x22, 0xA7, 0x22,
    0x82, 0xA6, 0x22, 0x83, 0xA6, 0x1A, 0x87, 0x86, 0x1A, 0x01, 0x25, 0x1A, 0xCF, 0x45, 0x86, 0x52,
    0x57, 0x09, 0x32, 0x4F, 0x52, 0x57, 0x4D, 0x3D, 0xC2, 0x08, 0xE2, 0x08, 0xC1, 0x08, 0xC1, 0x08,
    0xA1, 0x08, 0xA1, 0x00, 0xA1, 0x00, 0x82, 0x81, 0x00, 0x82, 0x61, 0x00, 0x83, 0x40, 0x00, 0x85,
    0x20, 0x00, 0x9D, 0x00, 0x00, 0x9A, 0x00, 0x00, 0x84, 0x20, 0x00, 0x84, 0x40, 0x00, 0x82, 0x61,
    0x00, 0x83, 0x81, 0x00, 0x0B, 0xA1, 0x08, 0xA1, 0x08, 0xC1, 0x08, 0xC2, 0x08, 0xC2, 0x08, 0xE2,
    0x08, 0xE2, 0x08, 0x02, 0x09, 0x02, 0x09, 0xD0, 0x5D, 0x96, 0x7F, 0x96, 0x77, 0x83, 0xB6, 0x7F,
    0x82, 0x96, 0x7F, 0x01, 0x52, 0x66, 0x66, 0x22, 0x85, 0xE8, 0x2A, 0x01, 0x08, 0x2B, 0xE8, 0x2A,
    0x89, 0x08, 0x2B, 0x83, 0xE8, 0x2A, 0x01, 0x08, 0x2B, 0x08, 0x2B, 0x83, 0xE8, 0x2A, 0x82, 0xE8,
    0x22, 0x84, 0xE7, 0x22, 0x82, 0xC7, 0x22, 0x01, 0xE7, 0x22, 0xE7, 0x22, 0x8A, 0xC7, 0x22, 0x82,
    0xA7, 0x22, 0x86, 0xA6, 0x1A, 0x87, 0x86, 0x1A, 0x01, 0x25, 0x1A, 0xCF, 0x45, 0x86, 0x52, 0x57,
    0x0A, 0x32, 0x4F, 0x52, 0x57, 0x4D, 0x3D, 0xE2, 0x08, 0xE2, 0x08, 0xC2, 0x08, 0xC1, 0x08, 0xA1,
    0x08, 0xA1, 0x08, 0xA1, 0x00, 0xA1, 0x00, 0x82, 0x81, 0x00, 0x82, 0x61, 0x00, 0x83, 0x40, 0x00,
    0x84, 0x20, 0x00, 0x9D, 0x00, 0x00, 0x9A, 0x00, 0x00, 0x83, 0x20, 0x00, 0x85, 0x40, 0x00, 0x82,
    0x61, 0x00, 0x82, 0x81, 0x00, 0x02, 0xA1, 0x00, 0xA1, 0x08, 0xA1, 0x08, 0x82, 0xC2, 0x08, 0x06,
    0xE2, 0x08, 0xE2, 0x08, 0x02, 0x09, 0x02, 0x09, 0xD0, 0x5D, 0x96, 0x7F, 0x96, 0x77, 0x82, 0xB6,
    0x7F, 0x83, 0x96, 0x7F, 0x01, 0x52, 0x66, 0x66, 0x22, 0x85, 0xE8, 0x2A, 0x8A, 0x08, 0x2B, 0x0B,
    0xE8, 0x2A, 0xE8, 0x2A, 0x08, 0x2B, 0x08, 0x2B, 0xE8, 0x2A, 0x08, 0x2B, 0x08, 0x2B, 0xE8, 0x2A,
    0xE8, 0x2A, 0x08, 0x2B, 0x08, 0x23, 0xE8, 0x22, 0x8B, 0xE7, 0x22, 0x8B, 0xC7, 0x22, 0x83, 0xA7,
    0x22, 0x85, 0xA6, 0x1A, 0x85, 0x86, 0x1A, 0x02, 0xA6, 0x1A, 0x25, 0x1A, 0xCF, 0x45, 0x86, 0x52,
    0x57, 0x0A, 0x32, 0x4F, 0x52, 0x4F, 0x4D, 0x3D, 0xE2, 0x08, 0xE2, 0x08, 0xC2, 0x08, 0xC2, 0x08,
    0xA1, 0x08, 0xA1, 0x08, 0xA1, 0x00, 0xA1, 0x00, 0x83, 0x81, 0x00, 0x82, 0x61, 0x00, 0x82, 0x40,
    0x00, 0x84, 0x20, 0x00, 0x9D, 0x00, 0x00, 0x9A, 0x00, 0x00, 0x83, 0x20, 0x00, 0x85, 0x40, 0x00,
    0x82, 0x61, 0x00, 0x82, 0x81, 0x00, 0x04, 0xA1, 0x00, 0xA1, 0x08, 0xA1, 0x08, 0xC2, 0x08, 0xC2,
    0x08, 0x82, 0xE2, 0x08, 0x05, 0x02, 0x09, 0x02, 0x09, 0xD0, 0x5D, 0x96, 0x7F, 0x96, 0x77, 0xB6,
    0x7F, 0x85, 0x96, 0x7F, 0x01, 0x52, 0x66, 0x86, 0x22, 0x84, 0xE8, 0x2A, 0x94, 0x08, 0x2B, 0x01,
    0x08, 0x23, 0x08, 0x23, 0x82, 0xE8, 0x22, 0x8A, 0xE7, 0x22, 0x8C, 0xC7, 0x22, 0x82, 0xA7, 0x22,
    0x86, 0xA6, 0x1A, 0x83, 0x86, 0x1A, 0x02, 0xA6, 0x1A, 0x25, 0x1A, 0xCF, 0x45, 0x86, 0x52, 0x57,
    0x04, 0x32, 0x4F, 0x52, 0x4F, 0x4D, 0x3D, 0xE2, 0x08, 0xE2, 0x08, 0x82, 0xC2, 0x08, 0x02, 0xA1,
    0x08, 0xA1, 0x00, 0xA1, 0x00, 0x83, 0x81, 0x00, 0x82, 0x61, 0x00, 0x83, 0x40, 0x00, 0x84, 0x20,
    0x00, 0x9C, 0x00, 0x00, 0x9A, 0x00, 0x00, 0x83, 0x20, 0x00, 0x84, 0x40, 0x00, 0x83, 0x61, 0x00,
    0x82, 0x81, 0x00, 0x01, 0xA1, 0x00, 0xA1, 0x08, 0x82, 0xC2, 0x08, 0x82, 0xE2, 0x08, 0x04, 0x02,
    0x09, 0x02, 0x09, 0xD0, 0x5D, 0x96, 0x7F, 0x96, 0x77, 0x86, 0x96, 0x7F, 0x01, 0x52, 0x66, 0x86,
    0x22, 0x84, 0xE8, 0x2A, 0x96, 0x08, 0x2B, 0x83, 0xE8, 0x22, 0x89, 0xE7, 0x22, 0x02, 0xC7, 0x22,
    0xE7, 0x22, 0xE7, 0x22, 0x8A, 0xC7, 0x22, 0x02, 0xA7, 0x22, 0xA7, 0x22, 0xA7, 0x1A, 0x84, 0xA6,
    0x1A, 0x01, 0x86, 0x1A, 0xA6, 0x1A, 0x83, 0x86, 0x1A, 0x01, 0x25, 0x1A, 0xCE, 0x45, 0x86, 0x52,
    0x57, 0x04, 0x32, 0x4F, 0x52, 0x4F, 0x4D, 0x3D, 0xE2, 0x08, 0xE2, 0x08, 0x82, 0xC2, 0x08, 0x03,
    0xA1, 0x08, 0xA1, 0x08, 0xA1, 0x00, 0xA1, 0x00, 0x82, 0x81, 0x00, 0x82, 0x61, 0x00, 0x83, 0x40,
    0x00, 0x84, 0x20, 0x00, 0x9C, 0x00, 0x00, 0x99, 0x00, 0x00, 0x84, 0x20, 0x00, 0x84, 0x40, 0x00,
    0x83, 0x61, 0x00, 0x03, 0x81, 0x00, 0x81, 0x00, 0xA1, 0x00, 0xA1, 0x00, 0x83, 0xC2, 0x08, 0x07,
    0xE2, 0x08, 0xE2, 0x08, 0x02, 0x09, 0x03, 0x09, 0x02, 0x09, 0xD0, 0x5D, 0x96, 0x77, 0x96, 0x77,
    0x86, 0x96, 0x7F, 0x02, 0x52, 0x66, 0x87, 0x22, 0x08, 0x2B, 0x82, 0xE8, 0x2A, 0x96, 0x08, 0x2B,
    0x85, 0x08, 0x23, 0x00, 0xE8, 0x22, 0x8C, 0xE7, 0x22, 0x89, 0xC7, 0x22, 0x02, 0xA7, 0x22, 0xA7,
    0x1A, 0xA7, 0x1A, 0x84, 0xA6, 0x1A, 0x84, 0x86, 0x1A, 0x01, 0x25, 0x1A, 0xCE, 0x45, 0x86, 0x52,
    0x57, 0x04, 0x32, 0x4F, 0x52, 0x4F, 0x4D, 0x3D, 0xE2, 0x08, 0xE2, 0x08, 0x82, 0xC2, 0x08, 0x00,
    0xC1, 0x08, 0x82, 0xA1, 0x00, 0x82, 0x81, 0x00, 0x82, 0x61, 0x00, 0x83, 0x40, 0x00, 0x84, 0x20,
    0x00, 0x9C, 0x00, 0x00, 0x99, 0x00, 0x00, 0x84, 0x20, 0x00, 0x83, 0x40, 0x00, 0x84, 0x61, 0x00,
    0x03, 0x81, 0x00, 0x81, 0x00, 0xA1, 0x00, 0xA1, 0x00, 0x83, 0xC2, 0x08, 0x07, 0xE2, 0x08, 0xE2,
    0x08, 0x02, 0x09, 0x23, 0x09, 0x02, 0x09, 0xD0, 0x55, 0x96, 0x77, 0x96, 0x77, 0x86, 0x96, 0x7F,
    0x02, 0x52, 0x66, 0x87, 0x22, 0x08, 0x2B, 0x82, 0xE8, 0x2A, 0x94, 0x08, 0x2B, 0x85, 0x08, 0x23,
    0x00, 0x07, 0x23, 0x90, 0xE7, 0x22, 0x88, 0xC7, 0x22, 0x83, 0xA7, 0x1A, 0x83, 0xA6, 0x1A, 0x83,
    0x86, 0x1A, 0x01, 0x25, 0x1A, 0xCF, 0x45, 0x86, 0x52, 0x57, 0x04, 0x32, 0x4F, 0x52, 0x4F, 0x4D,
    0x3D, 0xE2, 0x08, 0xE2, 0x08, 0x82, 0xC2, 0x08, 0x00, 0xC1, 0x08, 0x82, 0xA1, 0x00, 0x82, 0x81,
    0x00, 0x02, 0x61, 0x00, 0x61, 0x00, 0x60, 0x00, 0x83, 0x40, 0x00, 0x85, 0x20, 0x00, 0x9B, 0x00,
    0x00, 0x98, 0x00, 0x00, 0x85, 0x20, 0x00, 0x82, 0x40, 0x00, 0x00, 0x60, 0x00, 0x83, 0x61, 0x00,
    0x82, 0x81, 0x00, 0x01, 0xA1, 0x00, 0xA1, 0x08, 0x82, 0xC2, 0x08, 0x82, 0xE2, 0x08, 0x05, 0x02,
    0x09, 0x03, 0x09, 0x02, 0x09, 0xD0, 0x55, 0x96, 0x77, 0x96, 0x77, 0x86, 0x96, 0x7F, 0x04, 0x52,
    0x66, 0x86, 0x22, 0x08, 0x2B, 0xE8, 0x2A, 0xE8, 0x2A, 0x97, 0x08, 0x2B, 0x88, 0x08, 0x23, 0x00,
    0xE8, 0x22, 0x8D, 0xE7, 0x22, 0x86, 0xC7, 0x22, 0x04, 0xA7, 0x1A, 0xA7, 0x1A, 0xA6, 0x1A, 0xA7,
    0x1A, 0xA7, 0x1A, 0x83, 0xA6, 0x1A, 0x04, 0x86, 0x1A, 0x86, 0x1A, 0xA6, 0x1A, 0x25, 0x1A, 0xCF,
    0x45, 0x85, 0x52, 0x57, 0x03, 0x52, 0x4F, 0x32, 0x4F, 0x52, 0x4F, 0x4D, 0x3D, 0x82, 0xE2, 0x08,
    0x02, 0xC2, 0x08, 0xC2, 0x08, 0xC1, 0x08, 0x82, 0xA1, 0x00, 0x82, 0x81, 0x00, 0x03, 0x61, 0x00,
    0x61, 0x00, 0x60, 0x00, 0x60, 0x00, 0x82, 0x40, 0x00, 0x85, 0x20, 0x00, 0x9B, 0x00, 0x00, 0x98,
    0x00, 0x00, 0x85, 0x20, 0x00, 0x82, 0x40, 0x00, 0x00, 0x60, 0x00, 0x83, 0x61, 0x00, 0x82, 0x81,
    0x00, 0x01, 0xA1, 0x00, 0xA1, 0x08, 0x82, 0xC2, 0x08, 0x82, 0xE2, 0x08, 0x03, 0x02, 0x09, 0x23,
    0x09, 0x02, 0x09, 0xD0, 0x55, 0x82, 0x96, 0x77, 0x85, 0x96, 0x7F, 0x01, 0x52, 0x66, 0x86, 0x22,
    0x83, 0xE8, 0x2A, 0x95, 0x08, 0x2B, 0x88, 0x08, 0x23, 0x00, 0xE8, 0x22, 0x8E, 0xE7, 0x22, 0x86,
    0xC7, 0x22, 0x02, 0xC7, 0x1A, 0xA7, 0x1A, 0xA7, 0x1A, 0x86, 0xA6, 0x1A, 0x05, 0x86, 0x1A, 0xA6,
    0x1A, 0x25, 0x1A, 0xCE, 0x45, 0x52, 0x57, 0x32, 0x57, 0x82, 0x52, 0x57, 0x0A, 0x52, 0x4F, 0x52,
    0x4F, 0x32, 0x4F, 0x52, 0x4F, 0x4D, 0x3D, 0xE2, 0x08, 0x02, 0x09, 0xE2, 0x08, 0xC2, 0x08, 0xC2,
    0x08, 0xC1, 0x08, 0x82, 0xA1, 0x00, 0x82, 0x81, 0x00, 0x03, 0x61, 0x00, 0x61, 0x00, 0x60, 0x00,
    0x60, 0x00, 0x82, 0x40, 0x00, 0x86, 0x20, 0x00, 0x9A, 0x00, 0x00, 0x98, 0x00, 0x00, 0x85, 0x20,
    0x00, 0x82, 0x40, 0x00, 0x00, 0x60, 0x00, 0x83, 0x61, 0x00, 0x82, 0x81, 0x00, 0x01, 0xA1, 0x08,
    0xA1, 0x08, 0x82, 0xC2, 0x08, 0x0A, 0xE2, 0x08, 0xE2, 0x08, 0x02, 0x09, 0x02, 0x09, 0x23, 0x09,
    0x22, 0x09, 0xD0, 0x55, 0x96, 0x77, 0x95, 0x77, 0x96, 0x77, 0x96, 0x77, 0x84, 0x96, 0x7F, 0x06,
    0x52, 0x66, 0x87, 0x22, 0x08, 0x2B, 0xE8, 0x2A, 0xE8, 0x2A, 0x08, 0x2B, 0xE8, 0x2A, 0x94, 0x08,
    0x2B, 0x03, 0x08, 0x23, 0x08, 0x23, 0x08, 0x2B, 0x08, 0x2B, 0x88, 0x08, 0x23, 0x89, 0xE7, 0x22,
    0x01, 0xC7, 0x22, 0xE7, 0x22, 0x86, 0xC7, 0x22, 0x03, 0xA7, 0x1A, 0xC7, 0x1A, 0xA7, 0x1A, 0xA7,
    0x1A, 0x87, 0xA6, 0x1A, 0x05, 0x25, 0x1A, 0xCE, 0x45, 0x52, 0x57, 0x32, 0x57, 0x52, 0x57, 0x52,
    0x57, 0x82, 0x52, 0x4F, 0x08, 0x32, 0x4F, 0x52, 0x4F, 0x4D, 0x3D, 0xE2, 0x08, 0x02, 0x09, 0xE2,
    0x08, 0xC2, 0x08, 0xC1, 0x08, 0xC1, 0x08, 0x82, 0xA1, 0x00, 0x82, 0x81, 0x00, 0x03, 0x61, 0x00,
    0x61, 0x00, 0x60, 0x00, 0x60, 0x00, 0x82, 0x40, 0x00, 0x86, 0x20, 0x00, 0x9A, 0x00, 0x00, 0x97,
    0x00, 0x00, 0x86, 0x20, 0x00, 0x83, 0x40, 0x00, 0x83, 0x61, 0x00, 0x82, 0x81, 0x00, 0x01, 0xA1,
    0x08, 0xA1, 0x08, 0x82, 0xC2, 0x08, 0x08, 0xE2, 0x08, 0xE2, 0x08, 0x02, 0x09, 0x02, 0x09, 0x23,
    0x09, 0x22, 0x09, 0xD0, 0x55, 0x96, 0x77, 0x95, 0x77, 0x82, 0x96, 0x77, 0x09, 0x96, 0x7F, 0x96,
    0x77, 0x96, 0x77, 0x96, 0x7F, 0x52, 0x66, 0x87, 0x22, 0x08, 0x2B, 0xE8, 0x2A, 0x08, 0x2B, 0xE8,
    0x2A, 0x90, 0x08, 0x2B, 0x03, 0x28, 0x2B, 0x08, 0x2B, 0x28, 0x2B, 0x28, 0x2B, 0x84, 0x08, 0x2B,
    0x89, 0x08, 0x23, 0x89, 0xE7, 0x22, 0x87, 0xC7, 0x22, 0x02, 0xC7, 0x1A, 0xA7, 0x1A, 0xA7, 0x1A,
    0x88, 0xA6, 0x1A, 0x05, 0x45, 0x1A, 0xCE, 0x45, 0x52, 0x57, 0x32, 0x4F, 0x52, 0x57, 0x52, 0x57,
    0x82, 0x52, 0x4F, 0x08, 0x31, 0x4F, 0x52, 0x4F, 0x4D, 0x3D, 0x02, 0x09, 0x02, 0x09, 0xE2, 0x08,
    0xC2, 0x08, 0xC1, 0x08, 0xC1, 0x08, 0x82, 0xA1, 0x00, 0x83, 0x81, 0x00, 0x02, 0x61, 0x00, 0x60,
    0x00, 0x60, 0x00, 0x82, 0x40, 0x00, 0x86, 0x20, 0x00, 0x9A, 0x00, 0x00, 0x97, 0x00, 0x00, 0x85,
    0x20, 0x00, 0x84, 0x40, 0x00, 0x83, 0x61, 0x00, 0x06, 0x81, 0x00, 0x81, 0x00, 0xA1, 0x00, 0xA1,
    0x08, 0xA1, 0x08, 0xC2, 0x08, 0xC2, 0x08, 0x82, 0xE2, 0x08, 0x06, 0x02, 0x09, 0x02, 0x09, 0x23,
    0x09, 0x23, 0x09, 0xD0, 0x55, 0x95, 0x77, 0x75, 0x77, 0x84, 0x96, 0x77, 0x06, 0x95, 0x77, 0x96,
    0x7F, 0x52, 0x66, 0x87, 0x22, 0x08, 0x2B, 0xE8, 0x2A, 0xE8, 0x2A, 0x8B, 0x08, 0x2B, 0x03, 0x28,
    0x2B, 0x28, 0x2B, 0x08, 0x2B, 0x08, 0x2B, 0x84, 0x28, 0x2B, 0x00, 0x08, 0x2B, 0x82, 0x28, 0x2B,
    0x00, 0x08, 0x2B, 0x8A, 0x08, 0x23, 0x82, 0x07, 0x23, 0x87, 0xE7, 0x22, 0x85, 0xC7, 0x22, 0x00,
    0xC7, 0x1A, 0x83, 0xA7, 0x1A, 0x87, 0xA6, 0x1A, 0x04, 0x45, 0x1A, 0xCE, 0x45, 0x52, 0x57, 0x32,
    0x4F, 0x52, 0x57, 0x83, 0x52, 0x4F, 0x0B, 0x31, 0x4F, 0x32, 0x4F, 0x4D, 0x3D, 0x02, 0x09, 0x02,
    0x09, 0xE2, 0x08, 0xC2, 0x08, 0xC2, 0x08, 0xC1, 0x08, 0xC1, 0x00, 0xA1, 0x00, 0xA1, 0x00, 0x83,
    0x81, 0x00, 0x02, 0x61, 0x00, 0x60, 0x00, 0x60, 0x00, 0x82, 0x40, 0x00, 0x87, 0x20, 0x00, 0x99,
    0x00, 0x00, 0x97, 0x00, 0x00, 0x85, 0x20, 0x00, 0x84, 0x40, 0x00, 0x83, 0x61, 0x00, 0x06, 0x81,
    0x00, 0x81, 0x00, 0xA1, 0x08, 0xA1, 0x08, 0xA2, 0x08, 0xC2, 0x08, 0xC2, 0x08, 0x82, 0xE2, 0x08,
    0x07, 0x02, 0x09, 0x02, 0x09, 0x23, 0x09, 0x23, 0x09, 0xD0, 0x55, 0x95, 0x77, 0x75, 0x77, 0x95,
    0x77, 0x83, 0x96, 0x77, 0x06, 0x95, 0x77, 0x96, 0x77, 0x52, 0x66, 0x87, 0x22, 0x08, 0x2B, 0xE8,
    0x2A, 0xE8, 0x2A, 0x8A, 0x08, 0x2B, 0x8E, 0x28, 0x2B, 0x86, 0x28, 0x23, 0x84, 0x08, 0x23, 0x82,
    0x07, 0x23, 0x87, 0xE7, 0x22, 0x84, 0xC7, 0x22, 0x01, 0xC7, 0x1A, 0xC7, 0x1A, 0x83, 0xA7, 0x1A,
    0x84, 0xA6, 0x1A, 0x06, 0x86, 0x1A, 0xA6, 0x1A, 0x45, 0x1A, 0xCE, 0x45, 0x52, 0x57, 0x32, 0x4F,
    0x52, 0x57, 0x82, 0x52, 0x4F, 0x0C, 0x32, 0x4F, 0x31, 0x4F, 0x32, 0x4F, 0x4D, 0x3D, 0x02, 0x09,
    0x02, 0x09, 0xE2, 0x08, 0xE2, 0x08, 0xC2, 0x08, 0xC1, 0x08, 0xC1, 0x00, 0xA1, 0x00, 0xA1, 0x00,
    0x83, 0x81, 0x00, 0x02, 0x61, 0x00, 0x60, 0x00, 0x60, 0x00, 0x82, 0x40, 0x00, 0x87, 0x20, 0x00,
    0x99, 0x00, 0x00, 0x97, 0x00, 0x00, 0x84, 0x20, 0x00, 0x85, 0x40, 0x00, 0x82, 0x61, 0x00, 0x09,
    0x81, 0x00, 0x81, 0x00, 0xA1, 0x00, 0xA1, 0x08, 0xA1, 0x08, 0xA2, 0x08, 0xC2, 0x08, 0xC2, 0x08,
    0xE2, 0x08, 0xE2, 0x08, 0x82, 0x02, 0x09, 0x07, 0x23, 0x09, 0x23, 0x09, 0xD0, 0x55, 0x95, 0x77,
    0x75, 0x77, 0x95, 0x77, 0x95, 0x77, 0x96, 0x77, 0x82, 0x95, 0x77, 0x04, 0x96, 0x77, 0x52, 0x5E,
    0x87, 0x22, 0x08, 0x2B, 0xE8, 0x2A, 0x88, 0x08, 0x2B, 0x01, 0x28, 0x2B, 0x08, 0x2B, 0x8E, 0x28,
    0x2B, 0x89, 0x28, 0x23, 0x84, 0x08, 0x23, 0x82, 0x07, 0x23, 0x87, 0xE7, 0x22, 0x82, 0xC7, 0x22,
    0x82, 0xC7, 0x1A, 0x83, 0xA7, 0x1A, 0x85, 0xA6, 0x1A, 0x05, 0x45, 0x1A, 0xCE, 0x45, 0x52, 0x57,
    0x32, 0x4F, 0x52, 0x57, 0x52, 0x4F, 0x82, 0x32, 0x4F, 0x09, 0x31, 0x4F, 0x32, 0x4F, 0x4D, 0x3D,
    0x02, 0x09, 0x02, 0x09, 0xE2, 0x08, 0xE2, 0x08, 0xC2, 0x08, 0xC2, 0x08, 0xC1, 0x00, 0x82, 0xA1,
    0x00, 0x83, 0x81, 0x00, 0x02, 0x61, 0x00, 0x60, 0x00, 0x60, 0x00, 0x82, 0x40, 0x00, 0x86, 0x20,
    0x00, 0x99, 0x00, 0x00, 0x97, 0x00, 0x00, 0x84, 0x20, 0x00, 0x85, 0x40, 0x00, 0x82, 0x61, 0x00,
    0x04, 0x81, 0x00, 0x81, 0x00, 0xA1, 0x00, 0xA1, 0x08, 0xA1, 0x08, 0x82, 0xC2, 0x08, 0x01, 0xE2,
    0x08, 0xE2, 0x08, 0x82, 0x02, 0x09, 0x04, 0x23, 0x09, 0x23, 0x09, 0xD0, 0x55, 0x95, 0x77, 0x75,
    0x77, 0x84, 0x95, 0x77, 0x05, 0x75, 0x77, 0x95, 0x77, 0x51, 0x5E, 0x87, 0x22, 0x08, 0x2B, 0xE8,
    0x2A, 0x87, 0x08, 0x2B, 0x91, 0x28, 0x2B, 0x8B, 0x28, 0x23, 0x82, 0x08, 0x23, 0x84, 0x07, 0x23,
    0x86, 0xE7, 0x22, 0x00, 0xC7, 0x22, 0x85, 0xC7, 0x1A, 0x01, 0xA7, 0x1A, 0xA7, 0x1A, 0x85, 0xA6,
    0x1A, 0x02, 0x45, 0x1A, 0xCE, 0x45, 0x52, 0x57, 0x85, 0x32, 0x4F, 0x09, 0x31, 0x4F, 0x32, 0x4F,
    0x4D, 0x35, 0x02, 0x09, 0x02, 0x09, 0xE2, 0x08, 0xE2, 0x08, 0xC2, 0x08, 0xC2, 0x08, 0xC1, 0x00,
    0x82, 0xA1, 0x00, 0x83, 0x81, 0x00, 0x02, 0x61, 0x00, 0x60, 0x00, 0x60, 0x00, 0x82, 0x40, 0x00,
    0x86, 0x20, 0x00, 0x99, 0x00, 0x00, 0x97, 0x00, 0x00, 0x84, 0x20, 0x00, 0x85, 0x40, 0x00, 0x82,
    0x61, 0x00, 0x04, 0x81, 0x00, 0x81, 0x00, 0xA1, 0x00, 0xA1, 0x08, 0xA1, 0x08, 0x82, 0xC2, 0x08,
    0x01, 0xE2, 0x08, 0xE2, 0x08, 0x82, 0x02, 0x09, 0x04, 0x23, 0x09, 0x23, 0x09, 0xD0, 0x55, 0x95,
    0x77, 0x75, 0x77, 0x84, 0x95, 0x77, 0x03, 0x75, 0x77, 0x95, 0x77, 0x51, 0x5E, 0x87, 0x22, 0x88,
    0x08, 0x2B, 0x90, 0x28, 0x2B, 0x8C, 0x28, 0x23, 0x84, 0x08, 0x23, 0x84, 0x07, 0x23, 0x86, 0xE7,
    0x22, 0x00, 0xC7, 0x22, 0x84, 0xC7, 0x1A, 0x01, 0xA7, 0x1A, 0xA7, 0x1A, 0x85, 0xA6, 0x1A, 0x02,
    0x45, 0x1A, 0xCE, 0x45, 0x52, 0x4F, 0x85, 0x32, 0x4F, 0x09, 0x31, 0x4F, 0x32, 0x4F, 0x4D, 0x35,
    0x02, 0x09, 0x02, 0x09, 0xE2, 0x08, 0xE2, 0x08, 0xC2, 0x08, 0xC2, 0x08, 0xC1, 0x08, 0x82, 0xA1,
    0x00, 0x83, 0x81, 0x00, 0x02, 0x61, 0x00, 0x60, 0x00, 0x60, 0x00, 0x82, 0x40, 0x00, 0x86, 0x20,
    0x00, 0x99, 0x00, 0x00, 0x97, 0x00, 0x00, 0x83, 0x20, 0x00, 0x86, 0x40, 0x00, 0x01, 0x61, 0x00,
    0x61, 0x00, 0x82, 0x81, 0x00, 0x02, 0xA1, 0x00, 0xA1, 0x08, 0xC1, 0x08, 0x82, 0xC2, 0x08, 0x01,
    0xE2, 0x08, 0xE2, 0x08, 0x82, 0x02, 0x09, 0x04, 0x23, 0x09, 0x23, 0x09, 0xD0, 0x55, 0x95, 0x77,
    0x75, 0x6F, 0x84, 0x95, 0x77, 0x03, 0x75, 0x77, 0x95, 0x77, 0x31, 0x5E, 0x87, 0x22, 0x87, 0x08,
    0x2B, 0x8D, 0x28, 0x2B, 0x82, 0x48, 0x2B, 0x83, 0x28, 0x23, 0x01, 0x48, 0x2B, 0x48, 0x2B, 0x82,
    0x48, 0x23, 0x87, 0x28, 0x23, 0x82, 0x08, 0x23, 0x83, 0x07, 0x23, 0x86, 0xE7, 0x22, 0x01, 0xC7,
    0x22, 0xC7, 0x22, 0x82, 0xC7, 0x1A, 0x82, 0xA7, 0x1A, 0x85, 0xA6, 0x1A, 0x01, 0x45, 0x12, 0xCE,
    0x3D, 0x86, 0x32, 0x4F, 0x09, 0x31, 0x4F, 0x31, 0x4F, 0x4D, 0x35, 0x02, 0x09, 0x02, 0x09, 0xE2,
    0x08, 0xE2, 0x08, 0xC2, 0x08, 0xC2, 0x08, 0xC1, 0x08, 0x82, 0xA1, 0x00, 0x83, 0x81, 0x00, 0x02,
    0x61, 0x00, 0x60, 0x00, 0x60, 0x00, 0x82, 0x40, 0x00, 0x86, 0x20, 0x00, 0x99, 0x00, 0x00, 0x97,
    0x00, 0x00, 0x83, 0x20, 0x00, 0x86, 0x40, 0x00, 0x01, 0x61, 0x00, 0x61, 0x00, 0x82, 0x81, 0x00,
    0x04, 0xA1, 0x00, 0xA1, 0x08, 0xC1, 0x08, 0xC2, 0x08, 0xC2, 0x08, 0x82, 0xE2, 0x08, 0x82, 0x02,
    0x09, 0x04, 0x23, 0x09, 0x23, 0x09, 0xD0, 0x55, 0x95, 0x77, 0x75, 0x6F, 0x84, 0x95, 0x77, 0x05,
    0x75, 0x77, 0x95, 0x77, 0x31, 0x5E, 0x87, 0x22, 0x08, 0x2B, 0xE8, 0x22, 0x83, 0x08, 0x2B, 0x01,
    0x28, 0x2B, 0x08, 0x2B, 0x8B, 0x28, 0x2B, 0x89, 0x48, 0x2B, 0x85, 0x48, 0x23, 0x86, 0x28, 0x23,
    0x83, 0x08, 0x23, 0x82, 0x07, 0x23, 0x87, 0xE7, 0x22, 0x00, 0xC7, 0x22, 0x83, 0xC7, 0x1A, 0x00,
    0xA7, 0x1A, 0x85, 0xA6, 0x1A, 0x01, 0x45, 0x12, 0xCE, 0x3D, 0x85, 0x32, 0x4F, 0x82, 0x31, 0x4F,
    0x07, 0x4D, 0x35, 0x02, 0x09, 0x02, 0x09, 0xE2, 0x08, 0xE2, 0x08, 0xC2, 0x08, 0xC2, 0x08, 0xC1,
    0x08, 0x82, 0xA1, 0x00, 0x83, 0x81, 0x00, 0x02, 0x61, 0x00, 0x60, 0x00, 0x60, 0x00, 0x83, 0x40,
    0x00, 0x85, 0x20, 0x00, 0x99, 0x00, 0x00, 0x97, 0x00, 0x00, 0x83, 0x20, 0x00, 0x86, 0x40, 0x00,
    0x01, 0x61, 0x00, 0x61, 0x00, 0x82, 0x81, 0x00, 0x04, 0xA1, 0x00, 0xA1, 0x08, 0xC1, 0x08, 0xC2,
    0x08, 0xC2, 0x08, 0x82, 0xE2, 0x08, 0x82, 0x02, 0x09, 0x05, 0x23, 0x09, 0x23, 0x09, 0xD0, 0x55,
    0x95, 0x6F, 0x75, 0x6F, 0x95, 0x6F, 0x83, 0x95, 0x77, 0x05, 0x75, 0x77, 0x95, 0x77, 0x31, 0x5E,
    0x87, 0x22, 0x08, 0x2B, 0xE8, 0x22, 0x84, 0x08, 0x23, 0x00, 0x08, 0x2B, 0x88, 0x28, 0x2B, 0x90,
    0x48, 0x2B, 0x82, 0x48, 0x23, 0x87, 0x28, 0x23, 0x01, 0x08, 0x23, 0x08, 0x23, 0x83, 0x07, 0x23,
    0x85, 0xE7, 0x22, 0x01, 0xC7, 0x22, 0xC7, 0x22, 0x83, 0xC7, 0x1A, 0x01, 0xA7, 0x1A, 0xA7, 0x1A,
    0x84, 0xA6, 0x1A, 0x01, 0x45, 0x12, 0xCE, 0x3D, 0x83, 0x32, 0x4F, 0x82, 0x31, 0x4F, 0x0C, 0x11,
    0x4F, 0x31, 0x4F, 0x4D, 0x35, 0x02, 0x09, 0x02, 0x09, 0xE2, 0x08, 0xE2, 0x08, 0xC2, 0x08, 0xC2,
    0x08, 0xC1, 0x08, 0xC1, 0x08, 0xA1, 0x00, 0xA1, 0x00, 0x83, 0x81, 0x00, 0x02, 0x61, 0x00, 0x61,
    0x00, 0x60, 0x00, 0x83, 0x40, 0x00, 0x85, 0x20, 0x00, 0x99, 0x00, 0x00, 0x97, 0x00, 0x00, 0x83,
    0x20, 0x00, 0x85, 0x40, 0x00, 0x82, 0x61, 0x00, 0x82, 0x81, 0x00, 0x06, 0xA1, 0x00, 0xA1, 0x08,
    0xA1, 0x08, 0xC2, 0x08, 0xC2, 0x08, 0xE2, 0x08, 0xE2, 0x08, 0x83, 0x02, 0x09, 0x04, 0x23, 0x09,
    0x23, 0x09, 0xB0, 0x55, 0x95, 0x6F, 0x75, 0x6F, 0x84, 0x95, 0x6F, 0x03, 0x75, 0x6F, 0x95, 0x77,
    0x31, 0x5E, 0xA7, 0x22, 0x85, 0x08, 0x23, 0x89, 0x28, 0x2B, 0x8F, 0x48, 0x2B, 0x82, 0x68, 0x2B,
    0x84, 0x48, 0x23, 0x86, 0x28, 0x23, 0x84, 0x07, 0x23, 0x85, 0xE7, 0x22, 0x01, 0xC7, 0x22, 0xC7,
    0x22, 0x82, 0xC7, 0x1A, 0x00, 0xC6, 0x1A, 0x85, 0xA6, 0x1A, 0x01, 0x45, 0x1A, 0xCE, 0x3D, 0x83,
    0x32, 0x4F, 0x82, 0x31, 0x4F, 0x04, 0x11, 0x4F, 0x31, 0x4F, 0x4D, 0x35, 0x02, 0x09, 0x02, 0x09,
    0x82, 0xE2, 0x08, 0x04, 0xC2, 0x08, 0xC1, 0x08, 0xC1, 0x08, 0xA1, 0x00, 0xA1, 0x00, 0x83, 0x81,
    0x00, 0x02, 0x61, 0x00, 0x61, 0x00, 0x60, 0x00, 0x83, 0x40, 0x00, 0x85, 0x20, 0x00, 0x99, 0x00,
    0x00, 0x97, 0x00, 0x00, 0x83, 0x20, 0x00, 0x85, 0x40, 0x00, 0x82, 0x61, 0x00, 0x82, 0x81, 0x00,
    0x06, 0xA1, 0x00, 0xA1, 0x08, 0xA1, 0x08, 0xC2, 0x08, 0xC2, 0x08, 0xE2, 0x08, 0xE2, 0x08, 0x83,
    0x02, 0x09, 0x04, 0x23, 0x09, 0x23, 0x09, 0xB0, 0x55, 0x95, 0x6F, 0x75, 0x6F, 0x84, 0x95, 0x6F,
    0x03, 0x75, 0x6F, 0x95, 0x6F, 0x31, 0x5E, 0x86, 0x22, 0x84, 0x08, 0x23, 0x88, 0x28, 0x2B, 0x89,
    0x48, 0x2B, 0x87, 0x68, 0x2B, 0x07, 0x28, 0x23, 0x07, 0x23, 0x28, 0x23, 0x08, 0x23, 0x07, 0x23,
    0x28, 0x23, 0x68, 0x23, 0x48, 0x23, 0x85, 0x28, 0x23, 0x01, 0x27, 0x23, 0x27, 0x23, 0x84, 0x07,
    0x23, 0x84, 0xE7, 0x22, 0x03, 0xC7, 0x22, 0xC7, 0x22, 0xC7, 0x1A, 0xC7, 0x1A, 0x82, 0xC6, 0x1A,
    0x84, 0xA6, 0x1A, 0x04, 0x45, 0x1A, 0xCE, 0x3D, 0x32, 0x4F, 0x31, 0x4F, 0x32, 0x4F, 0x83, 0x31,
    0x4F, 0x04, 0x11, 0x4F, 0x31, 0x4F, 0x4D, 0x35, 0x02, 0x09, 0x02, 0x09, 0x82, 0xE2, 0x08, 0x04,
    0xC2, 0x08, 0xC1, 0x08, 0xC1, 0x08, 0xA1, 0x00, 0xA1, 0x00, 0x83, 0x81, 0x00, 0x02, 0x61, 0x00,
    0x61, 0x00, 0x60, 0x00, 0x83, 0x40, 0x00, 0x85, 0x20, 0x00, 0x99, 0x00, 0x00, 0x97, 0x00, 0x00,
    0x83, 0x20, 0x00, 0x85, 0x40, 0x00, 0x82, 0x61, 0x00, 0x04, 0x81, 0x00, 0x81, 0x00, 0xA1, 0x00,
    0xA1, 0x00, 0xA1, 0x08, 0x82, 0xC2, 0x08, 0x01, 0xE2, 0x08, 0xE2, 0x08, 0x83, 0x02, 0x09, 0x04,
    0x23, 0x09, 0x23, 0x09, 0xB0, 0x55, 0x95, 0x6F, 0x75, 0x6F, 0x84, 0x95, 0x6F, 0x03, 0x75, 0x6F,
    0x95, 0x6F, 0x31, 0x5E, 0x87, 0x22, 0x84, 0x08, 0x23, 0x03, 0x28, 0x2B, 0x28, 0x2B, 0x08, 0x2B,
    0x08, 0x2B, 0x84, 0x28, 0x2B, 0x88, 0x48, 0x2B, 0x86, 0x68, 0x2B, 0x08, 0x69, 0x2B, 0x28, 0x23,
    0x0A, 0x34, 0x8E, 0x45, 0x51, 0x56, 0x71, 0x56, 0x8E, 0x45, 0xEA, 0x33, 0x07, 0x23, 0x82, 0x48,
    0x23, 0x84, 0x28, 0x23, 0x01, 0x27, 0x23, 0x27, 0x23, 0x83, 0x07, 0x23, 0x85, 0xE7, 0x22, 0x02,
    0xC7, 0x22, 0xC7, 0x22, 0xC7, 0x1A, 0x82, 0xC6, 0x1A, 0x84, 0xA6, 0x1A, 0x04, 0x45, 0x1A, 0xCE,
    0x3D, 0x32, 0x4F, 0x31, 0x4F, 0x32, 0x4F, 0x83, 0x31, 0x4F, 0x04, 0x11, 0x4F, 0x31, 0x4F, 0x4D,
    0x35, 0x02, 0x09, 0x02, 0x09, 0x82, 0xE2, 0x08, 0x04, 0xC2, 0x08, 0xC2, 0x08, 0xC1, 0x08, 0xA1,
    0x00, 0xA1, 0x00, 0x83, 0x81, 0x00, 0x02, 0x61, 0x00, 0x61, 0x00, 0x60, 0x00, 0x83, 0x40, 0x00,
    0x85, 0x20, 0x00, 0x99, 0x00, 0x00, 0x97, 0x00, 0x00, 0x83, 0x20, 0x00, 0x85, 0x40, 0x00, 0x82,
    0x61, 0x00, 0x04, 0x81, 0x00, 0x81, 0x00, 0xA1, 0x00, 0xA1, 0x00, 0xA1, 0x08, 0x82, 0xC2, 0x08,
    0x01, 0xE2, 0x08, 0xE2, 0x08, 0x82, 0x02, 0x09, 0x05, 0x22, 0x09, 0x23, 0x09, 0x23, 0x09, 0xAF,
    0x4D, 0x95, 0x6F, 0x75, 0x6F, 0x82, 0x95, 0x6F, 0x82, 0x75, 0x6F, 0x02, 0x95, 0x6F, 0x31, 0x5E,
    0x87, 0x22, 0x87, 0x08, 0x23, 0x82, 0x28, 0x23, 0x82, 0x28, 0x2B, 0x86, 0x48, 0x2B, 0x84, 0x68,
    0x2B, 0x83, 0x69, 0x2B, 0x02, 0x28, 0x23, 0x0D, 0x3D, 0x33, 0x67, 0x82, 0x74, 0x67, 0x03, 0x73,
    0x67, 0x33, 0x5F, 0xED, 0x3C, 0x28, 0x23, 0x82, 0x48, 0x23, 0x84, 0x28, 0x23, 0x00, 0x27, 0x23,
    0x82, 0x07, 0x23, 0x87, 0xE7, 0x22, 0x01, 0xC7, 0x1A, 0xC7, 0x1A, 0x82, 0xC6, 0x1A, 0x84, 0xA6,
    0x1A, 0x04, 0x45, 0x1A, 0xCE, 0x3D, 0x32, 0x4F, 0x31, 0x4F, 0x32, 0x4F, 0x83, 0x31, 0x4F, 0x04,
    0x11, 0x4F, 0x31, 0x4F, 0x4D, 0x35, 0x02, 0x09, 0x02, 0x09, 0x82, 0xE2, 0x08, 0x04, 0xC2, 0x08,
    0xC2, 0x08, 0xC1, 0x08, 0xA1, 0x08, 0xA1, 0x00, 0x82, 0x81, 0x00, 0x83, 0x61, 0x00, 0x83, 0x40,
    0x00, 0x85, 0x20, 0x00, 0x99, 0x00, 0x00, 0x97, 0x00, 0x00, 0x83, 0x20, 0x00, 0x85, 0x40, 0x00,
    0x82, 0x61, 0x00, 0x04, 0x81, 0x00, 0x81, 0x00, 0xA1, 0x00, 0xA1, 0x00, 0xA1, 0x08, 0x82, 0xC2,
    0x08, 0x01, 0xE2, 0x08, 0xE2, 0x08, 0x82, 0x02, 0x09, 0x07, 0x22, 0x09, 0x43, 0x09, 0x23, 0x09,
    0xAF, 0x4D, 0x95, 0x6F, 0x74, 0x6F, 0x95, 0x6F, 0x95, 0x6F, 0x82, 0x75, 0x6F, 0x03, 0x74, 0x6F,
    0x75, 0x6F, 0x31, 0x56, 0x87, 0x22, 0x87, 0x08, 0x23, 0x01, 0x28, 0x23, 0x28, 0x23, 0x82, 0x28,
    0x2B, 0x85, 0x48, 0x2B, 0x84, 0x68, 0x2B, 0x83, 0x69, 0x2B, 0x04, 0x89, 0x2B, 0x28, 0x23, 0x8C,
    0x3C, 0x74, 0x67, 0x74, 0x67, 0x82, 0x53, 0x67, 0x04, 0x53, 0x5F, 0x53, 0x67, 0x53, 0x5F, 0x8B,
    0x34, 0x07, 0x23, 0x83, 0x48, 0x23, 0x82, 0x28, 0x23, 0x01, 0x27, 0x23, 0x27, 0x23, 0x83, 0x07,
    0x23, 0x84, 0xE7, 0x22, 0x00, 0xE7, 0x1A, 0x82, 0xC7, 0x1A, 0x82, 0xC6, 0x1A, 0x82, 0xA6, 0x1A,
    0x03, 0xC6, 0x1A, 0x45, 0x1A, 0xCE, 0x3D, 0x32, 0x4F, 0x85, 0x31, 0x4F, 0x02, 0x11, 0x4F, 0x31,
    0x4F, 0x4D, 0x35, 0x82, 0x02, 0x09, 0x09, 0xE2, 0x08, 0xE2, 0x08, 0xC2, 0x08, 0xC2, 0x08, 0xC1,
    0x08, 0xA1, 0x08, 0xA1, 0x00, 0xA1, 0x00, 0x81, 0x00, 0x81, 0x00, 0x83, 0x61, 0x00, 0x83, 0x40,
    0x00, 0x85, 0x20, 0x00, 0x99, 0x00, 0x00, 0x97, 0x00, 0x00, 0x83, 0x20, 0x00, 0x84, 0x40, 0x00,
    0x83, 0x61, 0x00, 0x04, 0x81, 0x00, 0x81, 0x00, 0xA1, 0x00, 0xA1, 0x00, 0xA1, 0x08, 0x82, 0xC2,
    0x08, 0x01, 0xE2, 0x08, 0xE2, 0x08, 0x82, 0x02, 0x09, 0x05, 0x22, 0x09, 0x43, 0x09, 0x43, 0x09,
    0xAF, 0x4D, 0x94, 0x6F, 0x74, 0x6F, 0x84, 0x75, 0x6F, 0x03, 0x74, 0x6F, 0x75, 0x6F, 0x31, 0x56,
    0x87, 0x22, 0x86, 0x08, 0x23, 0x82, 0x28, 0x23, 0x01, 0x28, 0x2B, 0x28, 0x23, 0x85, 0x48, 0x2B,
    0x84, 0x68, 0x2B, 0x84, 0x69, 0x2B, 0x04, 0x89, 0x2B, 0x69, 0x2B, 0xB2, 0x5E, 0x74, 0x67, 0x53,
    0x67, 0x82, 0x73, 0x67, 0x03, 0x53, 0x67, 0x53, 0x5F, 0x53, 0x5F, 0x91, 0x56, 0x85, 0x48, 0x23,
    0x82, 0x28, 0x23, 0x01, 0x27, 0x23, 0x27, 0x23, 0x82, 0x07, 0x23, 0x84, 0xE7, 0x22, 0x83, 0xC7,
    0x1A, 0x82, 0xC6, 0x1A, 0x82, 0xA6, 0x1A, 0x02, 0xC6, 0x1A, 0x45, 0x1A, 0xCE, 0x3D, 0x86, 0x31,
    0x4F, 0x02, 0x11, 0x4F, 0x31, 0x4F, 0x4D, 0x35, 0x82, 0x02, 0x09, 0x04, 0xE2, 0x08, 0xE2, 0x08,
    0xC2, 0x08, 0xC2, 0x08, 0xC1, 0x08, 0x82, 0xA1, 0x00, 0x01, 0x81, 0x00, 0x81, 0x00, 0x83, 0x61,
    0x00, 0x83, 0x40, 0x00, 0x85, 0x20, 0x00, 0x99, 0x00, 0x00, 0x97, 0x00, 0x00, 0x83, 0x20, 0x00,
    0x84, 0x40, 0x00, 0x83, 0x61, 0x00, 0x04, 0x81, 0x00, 0x81, 0x00, 0xA1, 0x00, 0xA1, 0x00, 0xA1,
    0x08, 0x82, 0xC2, 0x08, 0x01, 0xE2, 0x08, 0xE2, 0x08, 0x82, 0x02, 0x09, 0x05, 0x22, 0x09, 0x43,
    0x09, 0x43, 0x09, 0xAF, 0x4D, 0x74, 0x6F, 0x74, 0x67, 0x86, 0x74, 0x6F, 0x01, 0x31, 0x56, 0x86,
    0x22, 0x86, 0x08, 0x23, 0x84, 0x28, 0x23, 0x84, 0x48, 0x2B, 0x83, 0x68, 0x2B, 0x84, 0x69, 0x2B,
    0x09, 0x89, 0x2B, 0x89, 0x2B, 0x48, 0x23, 0xED, 0x3C, 0x74, 0x67, 0x53, 0x67, 0x73, 0x67, 0x73,
    0x67, 0x53, 0x67, 0x53, 0x67, 0x83, 0x53, 0x5F, 0x02, 0x0A, 0x2C, 0x28, 0x23, 0x68, 0x23, 0x83,
    0x48, 0x23, 0x82, 0x28, 0x23, 0x84, 0x07, 0x23, 0x83, 0xE7, 0x22, 0x03, 0xE7, 0x1A, 0xE7, 0x1A,
    0xC7, 0x1A, 0xC7, 0x1A, 0x82, 0xC6, 0x1A, 0x82, 0xA6, 0x1A, 0x02, 0xC6, 0x1A, 0x45, 0x1A, 0xCE,
    0x3D, 0x86, 0x31, 0x4F, 0x02, 0x11, 0x4F, 0x31, 0x4F, 0x4D, 0x35, 0x82, 0x02, 0x09, 0x04, 0xE2,
    0x08, 0xE2, 0x08, 0xC2, 0x08, 0xC2, 0x08, 0xC1, 0x08, 0x82, 0xA1, 0x00, 0x01, 0x81, 0x00, 0x81,
    0x00, 0x83, 0x61, 0x00, 0x83, 0x40, 0x00, 0x85, 0x20, 0x00, 0x99, 0x00, 0x00, 0x97, 0x00, 0x00,
    0x83, 0x20, 0x00, 0x84, 0x40, 0x00, 0x83, 0x61, 0x00, 0x06, 0x81, 0x00, 0x81, 0x00, 0xA1, 0x00,
    0xA1, 0x00, 0xC1, 0x08, 0xC2, 0x08, 0xC2, 0x08, 0x82, 0xE2, 0x08, 0x82, 0x02, 0x09, 0x05, 0x22,
    0x09, 0x43, 0x09, 0x43, 0x09, 0xAF, 0x4D, 0x74, 0x67, 0x74, 0x67, 0x84, 0x74, 0x6F, 0x03, 0x74,
    0x67, 0x74, 0x6F, 0x31, 0x56, 0xA7, 0x22, 0x85, 0x08, 0x23, 0x84, 0x28, 0x23, 0x84, 0x48, 0x2B,
    0x83, 0x68, 0x2B, 0x83, 0x69, 0x2B, 0x84, 0x89, 0x2B, 0x01, 0xB2, 0x56, 0x73, 0x67, 0x82, 0x53,
    0x67, 0x85, 0x53, 0x5F, 0x02, 0x2B, 0x34, 0x28, 0x23, 0x68, 0x23, 0x84, 0x48, 0x23, 0x02, 0x28,
    0x23, 0x28, 0x23, 0x27, 0x23, 0x83, 0x07, 0x23, 0x82, 0xE7, 0x22, 0x82, 0xE7, 0x1A, 0x82, 0xC7,
    0x1A, 0x82, 0xC6, 0x1A, 0x04, 0xA6, 0x1A, 0xA6, 0x1A, 0xC6, 0x1A, 0x45, 0x1A, 0xCE, 0x3D, 0x86,
    0x31, 0x4F, 0x02, 0x11, 0x4F, 0x31, 0x4F, 0x4C, 0x35, 0x82, 0x02, 0x09, 0x04, 0xE2, 0x08, 0xE2,
    0x08, 0xC2, 0x08, 0xC2, 0x08, 0xC1, 0x08, 0x82, 0xA1, 0x00, 0x01, 0x81, 0x00, 0x81, 0x00, 0x83,
    0x61, 0x00, 0x83, 0x40, 0x00, 0x85, 0x20, 0x00, 0x99, 0x00, 0x00, 0x97, 0x00, 0x00, 0x83, 0x20,
    0x00, 0x84, 0x40, 0x00, 0x83, 0x61, 0x00, 0x06, 0x81, 0x00, 0x81, 0x00, 0xA1, 0x00, 0xA1, 0x00,
    0xA1, 0x08, 0xC2, 0x08, 0xC2, 0x08, 0x82, 0xE2, 0x08, 0x82, 0x02, 0x09, 0x03, 0x22, 0x09, 0x43,
    0x09, 0x23, 0x09, 0xAF, 0x4D, 0x82, 0x74, 0x67, 0x00, 0x74, 0x6F, 0x83, 0x74, 0x67, 0x02, 0x74,
    0x6F, 0x31, 0x56, 0xA7, 0x22, 0x85, 0x08, 0x23, 0x84, 0x28, 0x23, 0x04, 0x48, 0x2B, 0x48, 0x2B,
    0x48, 0x23, 0x48, 0x2B, 0x48, 0x2B, 0x82, 0x68, 0x2B, 0x83, 0x69, 0x2B, 0x82, 0x89, 0x2B, 0x05,
    0xA9, 0x2B, 0x68, 0x23, 0xED, 0x3C, 0x73, 0x67, 0x53, 0x67, 0x53, 0x67, 0x86, 0x53, 0x5F, 0x04,
    0x33, 0x5F, 0xEA, 0x2B, 0x48, 0x23, 0x68, 0x23, 0x68, 0x23, 0x83, 0x48, 0x23, 0x82, 0x28, 0x23,
    0x84, 0x07, 0x23, 0x01, 0xE7, 0x22, 0xE7, 0x22, 0x82, 0xE7, 0x1A, 0x82, 0xC7, 0x1A, 0x82, 0xC6,
    0x1A, 0x04, 0xA6, 0x1A, 0xA6, 0x1A, 0xC6, 0x1A, 0x45, 0x1A, 0xCE, 0x3D, 0x86, 0x31, 0x4F, 0x02,
    0x11, 0x47, 0x31, 0x4F, 0x4C, 0x35, 0x82, 0x02, 0x09, 0x04, 0xE2, 0x08, 0xE2, 0x08, 0xC2, 0x08,
    0xC2, 0x08, 0xC1, 0x08, 0x82, 0xA1, 0x00, 0x01, 0x81, 0x00, 0x81, 0x00, 0x83, 0x61, 0x00, 0x83,
    0x40, 0x00, 0x85, 0x20, 0x00, 0x99, 0x00, 0x00, 0x96, 0x00, 0x00, 0x84, 0x20, 0x00, 0x84, 0x40,
    0x00, 0x82, 0x61, 0x00, 0x82, 0x81, 0x00, 0x04, 0xA1, 0x00, 0xA1, 0x00, 0xA1, 0x08, 0xC2, 0x08,
    0xC2, 0x08, 0x82, 0xE2, 0x08, 0x82, 0x02, 0x09, 0x03, 0x23, 0x09, 0x43, 0x09, 0x23, 0x09, 0xAF,
    0x4D, 0x88, 0x74, 0x67, 0x01, 0x30, 0x56, 0xA6, 0x22, 0x85, 0x08, 0x23, 0x84, 0x28, 0x23, 0x82,
    0x48, 0x23, 0x04, 0x48, 0x2B, 0x68, 0x2B, 0x68, 0x2B, 0x68, 0x23, 0x68, 0x23, 0x82, 0x69, 0x2B,
    0x83, 0x89, 0x2B, 0x04, 0xA9, 0x2B, 0x89, 0x2B, 0xD2, 0x56, 0x53, 0x67, 0x53, 0x67, 0x87, 0x53,
    0x5F, 0x01, 0x70, 0x4E, 0x48, 0x23, 0x83, 0x68, 0x23, 0x01, 0x48, 0x23, 0x48, 0x23, 0x83, 0x28,
    0x23, 0x00, 0x27, 0x23, 0x83, 0x07, 0x23, 0x00, 0xE7, 0x22, 0x83, 0xE7, 0x1A, 0x82, 0xC7, 0x1A,
    0x82, 0xC6, 0x1A, 0x82, 0xA6, 0x1A, 0x01, 0x45, 0x12, 0xCE, 0x3D, 0x86, 0x31, 0x4F, 0x02, 0x11,
    0x47, 0x31, 0x4F, 0x4C, 0x35, 0x82, 0x02, 0x09, 0x04, 0xE2, 0x08, 0xE2, 0x08, 0xC2, 0x08, 0xC2,
    0x08, 0xC1, 0x08, 0x82, 0xA1, 0x00, 0x01, 0x81, 0x00, 0x81, 0x00, 0x83, 0x61, 0x00, 0x83, 0x40,
    0x00, 0x85, 0x20, 0x00, 0x99, 0x00, 0x00, 0x96, 0x00, 0x00, 0x84, 0x20, 0x00, 0x84, 0x40, 0x00,
    0x82, 0x61, 0x00, 0x82, 0x81, 0x00, 0x04, 0xA1, 0x00, 0xA1, 0x00, 0xA1, 0x08, 0xC2, 0x08, 0xC2,
    0x08, 0x82, 0xE2, 0x08, 0x82, 0x02, 0x09, 0x03, 0x23, 0x09, 0x43, 0x09, 0x23, 0x09, 0xAF, 0x4D,
    0x88, 0x74, 0x67, 0x01, 0x10, 0x56, 0xA6, 0x22, 0x85, 0x08, 0x23, 0x83, 0x28, 0x23, 0x85, 0x48,
    0x23, 0x01, 0x68, 0x23, 0x68, 0x23, 0x82, 0x69, 0x2B, 0x83, 0x89, 0x2B, 0x03, 0xA9, 0x2B, 0x68,
    0x23, 0x0D, 0x3D, 0x53, 0x67, 0x89, 0x53, 0x5F, 0x02, 0xAC, 0x34, 0x28, 0x23, 0x88, 0x2B, 0x83,
    0x68, 0x23, 0x00, 0x48, 0x23, 0x85, 0x28, 0x23, 0x83, 0x07, 0x23, 0x84, 0xE7, 0x1A, 0x82, 0xC7,
    0x1A, 0x01, 0xC6, 0x1A, 0xC6, 0x1A, 0x82, 0xA6, 0x1A, 0x03, 0x45, 0x12, 0xCE, 0x3D, 0x31, 0x4F,
    0x11, 0x4F, 0x84, 0x31, 0x4F, 0x04, 0x11, 0x47, 0x31, 0x4F, 0x4C, 0x35, 0x02, 0x09, 0x02, 0x09,
    0x82, 0xE2, 0x08, 0x02, 0xC2, 0x08, 0xC2, 0x08, 0xC1, 0x08, 0x82, 0xA1, 0x00, 0x01, 0x81, 0x00,
    0x81, 0x00, 0x83, 0x61, 0x00, 0x83, 0x40, 0x00, 0x85, 0x20, 0x00, 0x99, 0x00, 0x00, 0x96, 0x00,
    0x00, 0x84, 0x20, 0x00, 0x84, 0x40, 0x00, 0x82, 0x61, 0x00, 0x82, 0x81, 0x00, 0x04, 0xA1, 0x00,
    0xA1, 0x00, 0xA1, 0x08, 0xC2, 0x08, 0xC2, 0x08, 0x83, 0xE2, 0x08, 0x05, 0x02, 0x09, 0x02, 0x09,
    0x23, 0x09, 0x43, 0x09, 0x23, 0x09, 0xAF, 0x4D, 0x88, 0x74, 0x67, 0x01, 0x10, 0x56, 0xA7, 0x22,
    0x84, 0x08, 0x23, 0x84, 0x28, 0x23, 0x84, 0x48, 0x23, 0x82, 0x68, 0x2B, 0x01, 0x69, 0x2B, 0x69,
    0x2B, 0x83, 0x89, 0x2B, 0x82, 0xA9, 0x2B, 0x00, 0xB1, 0x56, 0x89, 0x53, 0x5F, 0x03, 0x70, 0x4E,
    0x68, 0x23, 0x88, 0x2B, 0x88, 0x23, 0x82, 0x68, 0x23, 0x82, 0x48, 0x23, 0x82, 0x28, 0x23, 0x01,
    0x27, 0x23, 0x27, 0x23, 0x83, 0x07, 0x23, 0x00, 0xE7, 0x22, 0x84, 0xE7, 0x1A, 0x82, 0xC7, 0x1A,
    0x00, 0xC6, 0x1A, 0x82, 0xA6, 0x1A, 0x03, 0x45, 0x12, 0xCE, 0x3D, 0x31, 0x4F, 0x11, 0x47, 0x84,
    0x31, 0x4F, 0x04, 0x11, 0x47, 0x31, 0x47, 0x4C, 0x35, 0x02, 0x09, 0x02, 0x09, 0x82, 0xE2, 0x08,
    0x02, 0xC2, 0x08, 0xC2, 0x08, 0xC1, 0x08, 0x82, 0xA1, 0x00, 0x01, 0x81, 0x00, 0x81, 0x00, 0x83,
    0x61, 0x00, 0x00, 0x60, 0x00, 0x82, 0x40, 0x00, 0x85, 0x20, 0x00, 0x99, 0x00, 0x00, 0x96, 0x00,
    0x00, 0x84, 0x20, 0x00, 0x84, 0x40, 0x00, 0x82, 0x61, 0x00, 0x82, 0x81, 0x00, 0x04, 0xA1, 0x00,
    0xA1, 0x00, 0xA1, 0x08, 0xC2, 0x08, 0xC2, 0x08, 0x83, 0xE2, 0x08, 0x05, 0x02, 0x09, 0x02, 0x09,
    0x23, 0x09, 0x43, 0x09, 0x43, 0x09, 0xAF, 0x4D, 0x88, 0x74, 0x67, 0x01, 0x10, 0x56, 0xA6, 0x22,
    0x84, 0x08, 0x23, 0x84, 0x28, 0x23, 0x84, 0x48, 0x23, 0x82, 0x68, 0x2B, 0x01, 0x69, 0x2B, 0x69,
    0x2B, 0x83, 0x89, 0x2B, 0x02, 0xA9, 0x2B, 0x68, 0x23, 0xED, 0x3C, 0x8A, 0x53, 0x5F, 0x03, 0xAC,
    0x34, 0x48, 0x23, 0x89, 0x2B, 0x88, 0x23, 0x82, 0x68, 0x23, 0x83, 0x48, 0x23, 0x03, 0x28, 0x23,
    0x28, 0x23, 0x27, 0x23, 0x27, 0x23, 0x83, 0x07, 0x23, 0x00, 0xE7, 0x22, 0x84, 0xE7, 0x1A, 0x82,
    0xC7, 0x1A, 0x00, 0xC6, 0x1A, 0x82, 0xA6, 0x1A, 0x03, 0x45, 0x12, 0xCE, 0x3D, 0x31, 0x4F, 0x11,
    0x47, 0x83, 0x31, 0x4F, 0x05, 0x31, 0x47, 0x11, 0x47, 0x31, 0x47, 0x2C, 0x35, 0x02, 0x09, 0x02,
    0x09, 0x82, 0xE2, 0x08, 0x02, 0xC2, 0x08, 0xC2, 0x08, 0xC1, 0x08, 0x82, 0xA1, 0x00, 0x01, 0x81,
    0x00, 0x81, 0x00, 0x83, 0x61, 0x00, 0x00, 0x60, 0x00, 0x82, 0x40, 0x00, 0x85, 0x20, 0x00, 0x99,
    0x00, 0x00, 0x96, 0x00, 0x00, 0x84, 0x20, 0x00, 0x84, 0x40, 0x00, 0x82, 0x61, 0x00, 0x82, 0x81,
    0x00, 0x04, 0xA1, 0x00, 0xA1, 0x00, 0xA1, 0x08, 0xC2, 0x08, 0xC2, 0x08, 0x83, 0xE2, 0x08, 0x07,
    0x02, 0x09, 0x02, 0x09, 0x23, 0x09, 0x43, 0x09, 0x43, 0x09, 0xAF, 0x4D, 0x74, 0x67, 0x54, 0x67,
    0x86, 0x74, 0x67, 0x01, 0x10, 0x4E, 0xA6, 0x1A, 0x84, 0x08, 0x23, 0x83, 0x28, 0x23, 0x85, 0x48,
    0x23, 0x82, 0x68, 0x2B, 0x01, 0x89, 0x2B, 0x69, 0x2B, 0x82, 0x89, 0x2B, 0x82, 0xA9, 0x2B, 0x00,
    0xB1, 0x56, 0x89, 0x53, 0x5F, 0x05, 0x70, 0x4E, 0x88, 0x23, 0x89, 0x2B, 0x89, 0x2B, 0x88, 0x23,
    0x88, 0x23, 0x82, 0x68, 0x23, 0x82, 0x48, 0x23, 0x82, 0x28, 0x23, 0x01, 0x27, 0x23, 0x27, 0x23,
    0x82, 0x07, 0x23, 0x00, 0xE7, 0x22, 0x84, 0xE7, 0x1A, 0x03, 0xC7, 0x1A, 0xC7, 0x1A, 0xC6, 0x1A,
    0xC6, 0x1A, 0x82, 0xA6, 0x1A, 0x03, 0x45, 0x12, 0xCE, 0x3D, 0x31, 0x4F, 0x11, 0x47, 0x82, 0x31,
    0x4F, 0x06, 0x31, 0x47, 0x31, 0x47, 0x11, 0x47, 0x31, 0x47, 0x2C, 0x35, 0x02, 0x09, 0x02, 0x09,
    0x82, 0xE2, 0x08, 0x02, 0xC2, 0x08, 0xC2, 0x08, 0xC1, 0x08, 0x82, 0xA1, 0x00, 0x01, 0x81, 0x00,
    0x81, 0x00, 0x83, 0x61, 0x00, 0x00, 0x60, 0x00, 0x82, 0x40, 0x00, 0x85, 0x20, 0x00, 0x99, 0x00,
    0x00, 0x96, 0x00, 0x00, 0x84, 0x20, 0x00, 0x84, 0x40, 0x00, 0x82, 0x61, 0x00, 0x82, 0x81, 0x00,
    0x04, 0xA1, 0x00, 0xA1, 0x00, 0xA1, 0x08, 0xC2, 0x08, 0xC2, 0x08, 0x83, 0xE2, 0x08, 0x07, 0x02,
    0x09, 0x02, 0x09, 0x23, 0x09, 0x43, 0x09, 0x43, 0x09, 0x8F, 0x4D, 0x74, 0x67, 0x54, 0x67, 0x86,
    0x74, 0x67, 0x06, 0x10, 0x4E, 0xA6, 0x1A, 0x08, 0x23, 0x07, 0x23, 0x07, 0x23, 0x08, 0x23, 0x08,
    0x23, 0x83, 0x28, 0x23, 0x85, 0x48, 0x23, 0x82, 0x68, 0x23, 0x01, 0x69, 0x2B, 0x69, 0x2B, 0x82,
    0x89, 0x2B, 0x02, 0xA9, 0x2B, 0x68, 0x23, 0xEC, 0x3C, 0x88, 0x53, 0x5F, 0x06, 0x52, 0x5F, 0x53,
    0x5F, 0xAC, 0x34, 0x68, 0x23, 0xA9, 0x2B, 0x89, 0x2B, 0x88, 0x23, 0x83, 0x68, 0x23, 0x82, 0x48,
    0x23, 0x82, 0x28, 0x23, 0x01, 0x27, 0x23, 0x27, 0x23, 0x82, 0x07, 0x23, 0x00, 0xE7, 0x22, 0x84,
    0xE7, 0x1A, 0x02, 0xC7, 0x1A, 0xC6, 0x1A, 0xC6, 0x1A, 0x83, 0xA6, 0x1A, 0x04, 0x45, 0x12, 0xCE,
    0x3D, 0x31, 0x4F, 0x11, 0x47, 0x31, 0x4F, 0x83, 0x31, 0x47, 0x04, 0x11, 0x47, 0x31, 0x47, 0x4C,
    0x35, 0x02, 0x09, 0x02, 0x09, 0x82, 0xE2, 0x08, 0x02, 0xC2, 0x08, 0xC2, 0x08, 0xC1, 0x08, 0x82,
    0xA1, 0x00, 0x01, 0x81, 0x00, 0x81, 0x00, 0x83, 0x61, 0x00, 0x00, 0x60, 0x00, 0x82, 0x40, 0x00,
    0x85, 0x20, 0x00, 0x99, 0x00, 0x00, 0x96, 0x00, 0x00, 0x84, 0x20, 0x00, 0x84, 0x40, 0x00, 0x82,
    0x61, 0x00, 0x82, 0x81, 0x00, 0x04, 0xA1, 0x00, 0xA1, 0x00, 0xA1, 0x08, 0xC2, 0x08, 0xC2, 0x08,
    0x83, 0xE2, 0x08, 0x07, 0x02, 0x09, 0x02, 0x09, 0x23, 0x09, 0x43, 0x09, 0x43, 0x09, 0x8F, 0x45,
    0x74, 0x67, 0x53, 0x67, 0x86, 0x74, 0x67, 0x01, 0x10, 0x4E, 0xA6, 0x1A, 0x82, 0x07, 0x23, 0x83,
    0x08, 0x23, 0x84, 0x28, 0x23, 0x82, 0x48, 0x23, 0x82, 0x68, 0x23, 0x07, 0x69, 0x2B, 0x69, 0x2B,
    0x89, 0x2B, 0x89, 0x23, 0x89, 0x2B, 0xA9, 0x2B, 0xA9, 0x2B, 0xB1, 0x56, 0x87, 0x53, 0x5F, 0x07,
    0x52, 0x5F, 0x53, 0x5F, 0x70, 0x4E, 0x88, 0x23, 0xA9, 0x2B, 0xA9, 0x2B, 0x88, 0x23, 0x88, 0x23,
    0x83, 0x68, 0x23, 0x83, 0x48, 0x23, 0x00, 0x28, 0x23, 0x82, 0x27, 0x23, 0x83, 0x07, 0x23, 0x84,
    0xE7, 0x1A, 0x01, 0xC7, 0x1A, 0xC6, 0x1A, 0x84, 0xA6, 0x1A, 0x03, 0x45, 0x12, 0xCE, 0x3D, 0x31,
    0x4F, 0x11, 0x47, 0x84, 0x31, 0x47, 0x04, 0x10, 0x47, 0x31, 0x47, 0x4C, 0x35, 0x02, 0x09, 0x02,
    0x09, 0x82, 0xE2, 0x08, 0x02, 0xC2, 0x08, 0xC2, 0x08, 0xC1, 0x08, 0x82, 0xA1, 0x00, 0x01, 0x81,
    0x00, 0x81, 0x00, 0x83, 0x61, 0x00, 0x00, 0x60, 0x00, 0x82, 0x40, 0x00, 0x85, 0x20, 0x00, 0x99,
    0x00, 0x00, 0x96, 0x00, 0x00, 0x84, 0x20, 0x00, 0x84, 0x40, 0x00, 0x82, 0x61, 0x00, 0x82, 0x81,
    0x00, 0x04, 0xA1, 0x00, 0xA1, 0x00, 0xA1, 0x08, 0xC2, 0x08, 0xC2, 0x08, 0x83, 0xE2, 0x08, 0x07,
    0x02, 0x09, 0x02, 0x09, 0x23, 0x09, 0x43, 0x09, 0x43, 0x09, 0x8F, 0x45, 0x74, 0x67, 0x53, 0x5F,
    0x84, 0x74, 0x67, 0x03, 0x54, 0x5F, 0x74, 0x67, 0x10, 0x4E, 0xA6, 0x1A, 0x84, 0x07, 0x23, 0x01,
    0x08, 0x23, 0x08, 0x23, 0x84, 0x28, 0x23, 0x82, 0x48, 0x23, 0x82, 0x68, 0x23, 0x06, 0x68, 0x2B,
    0x69, 0x23, 0x89, 0x23, 0x89, 0x23, 0xA9, 0x2B, 0x68, 0x23, 0xEC, 0x3C, 0x88, 0x53, 0x5F, 0x04,
    0x52, 0x57, 0x53, 0x57, 0xAC, 0x34, 0x68, 0x23, 0xA9, 0x2B, 0x82, 0x88, 0x23, 0x83, 0x68, 0x23,
    0x83, 0x48, 0x23, 0x00, 0x28, 0x23, 0x82, 0x27, 0x23, 0x83, 0x07, 0x23, 0x84, 0xE7, 0x1A, 0x01,
    0xC7, 0x1A, 0xC6, 0x1A, 0x83, 0xA6, 0x1A, 0x04, 0xC6, 0x1A, 0x45, 0x12, 0xAD, 0x3D, 0x31, 0x47,
    0x11, 0x47, 0x84, 0x31, 0x47, 0x04, 0x10, 0x47, 0x31, 0x47, 0x4C, 0x35, 0x02, 0x09, 0x02, 0x09,
    0x82, 0xE2, 0x08, 0x02, 0xC2, 0x08, 0xC2, 0x08, 0xC1, 0x08, 0x82, 0xA1, 0x00, 0x01, 0x81, 0x00,
    0x81, 0x00, 0x83, 0x61, 0x00, 0x00, 0x60, 0x00, 0x82, 0x40, 0x00, 0x85, 0x20, 0x00, 0x99, 0x00,
    0x00, 0x96, 0x00, 0x00, 0x84, 0x20, 0x00, 0x84, 0x40, 0x00, 0x82, 0x61, 0x00, 0x82, 0x81, 0x00,
    0x04, 0xA1, 0x00, 0xA1, 0x00, 0xA1, 0x08, 0xC2, 0x08, 0xC2, 0x08, 0x83, 0xE2, 0x08, 0x10, 0x02,
    0x09, 0x02, 0x09, 0x23, 0x09, 0x43, 0x09, 0x23, 0x09, 0x8F, 0x45, 0x74, 0x5F, 0x53, 0x5F, 0x74,
    0x67, 0x74, 0x5F, 0x74, 0x5F, 0x74, 0x67, 0x74, 0x67, 0x53, 0x5F, 0x73, 0x67, 0x10, 0x4E, 0xA6,
    0x1A, 0x84, 0x07, 0x23, 0x01, 0x08, 0x23, 0x08, 0x23, 0x83, 0x28, 0x23, 0x83, 0x48, 0x23, 0x83,
    0x68, 0x23, 0x00, 0x69, 0x23, 0x83, 0x89, 0x2B, 0x00, 0xB1, 0x56, 0x86, 0x53, 0x5F, 0x06, 0x53,
    0x57, 0x52, 0x57, 0x52, 0x57, 0x70, 0x4E, 0x89, 0x23, 0xA9, 0x2B, 0x89, 0x23, 0x82, 0x88, 0x23,
    0x83, 0x68, 0x23, 0x83, 0x48, 0x23, 0x00, 0x28, 0x23, 0x82, 0x27, 0x23, 0x82, 0x07, 0x23, 0x00,
    0x07, 0x1B, 0x83, 0xE7, 0x1A, 0x03, 0xC7, 0x1A, 0xC7, 0x1A, 0xC6, 0x1A, 0xC6, 0x1A, 0x82, 0xA6,
    0x1A, 0x04, 0xC6, 0x1A, 0x45, 0x12, 0xAD, 0x3D, 0x31, 0x47, 0x11, 0x47, 0x84, 0x31, 0x47, 0x04,
    0x10, 0x47, 0x31, 0x47, 0x4C, 0x35, 0x02, 0x09, 0x02, 0x09, 0x82, 0xE2, 0x08, 0x02, 0xC2, 0x08,
    0xC2, 0x08, 0xC1, 0x08, 0x82, 0xA1, 0x00, 0x01, 0x81, 0x00, 0x81, 0x00, 0x83, 0x61, 0x00, 0x00,
    0x60, 0x00, 0x82, 0x40, 0x00, 0x85, 0x20, 0x00, 0x99, 0x00, 0x00, 0x96, 0x00, 0x00, 0x84, 0x20,
    0x00, 0x84, 0x40, 0x00, 0x82, 0x61, 0x00, 0x82, 0x81, 0x00, 0x04, 0xA1, 0x00, 0xA1, 0x00, 0xA1,
    0x08, 0xC2, 0x08, 0xC2, 0x08, 0x83, 0xE2, 0x08, 0x07, 0x02, 0x09, 0x02, 0x09, 0x23, 0x09, 0x43,
    0x09, 0x23, 0x09, 0x8E, 0x45, 0x73, 0x5F, 0x53, 0x5F, 0x84, 0x73, 0x5F, 0x03, 0x53, 0x5F, 0x73,
    0x5F, 0x10, 0x4E, 0xA6, 0x1A, 0x84, 0x07, 0x23, 0x01, 0x08, 0x23, 0x08, 0x23, 0x83, 0x28, 0x23,
    0x84, 0x48, 0x23, 0x82, 0x68, 0x23, 0x04, 0x88, 0x23, 0x88, 0x23, 0x89, 0x2B, 0x48, 0x23, 0xEC,
    0x3C, 0x85, 0x53, 0x5F, 0x01, 0x53, 0x57, 0x53, 0x57, 0x82, 0x52, 0x57, 0x02, 0xAC, 0x34, 0x68,
    0x23, 0xA9, 0x2B, 0x83, 0x88, 0x23, 0x83, 0x68, 0x23, 0x83, 0x48, 0x23, 0x00, 0x28, 0x23, 0x82,
    0x27, 0x23, 0x00, 0x07, 0x23, 0x82, 0x07, 0x1B, 0x82, 0xE7, 0x1A, 0x01, 0xC7, 0x1A, 0xC7, 0x1A,
    0x82, 0xC6, 0x1A, 0x82, 0xA6, 0x1A, 0x04, 0xC6, 0x1A, 0x45, 0x12, 0xAD, 0x3D, 0x31, 0x47, 0x11,
    0x47, 0x84, 0x31, 0x47, 0x04, 0x10, 0x47, 0x31, 0x47, 0x2C, 0x35, 0x02, 0x09, 0x02, 0x09, 0x82,
    0xE2, 0x08, 0x02, 0xC2, 0x08, 0xC2, 0x08, 0xC1, 0x08, 0x82, 0xA1, 0x00, 0x01, 0x81, 0x00, 0x81,
    0x00, 0x83, 0x61, 0x00, 0x83, 0x40, 0x00, 0x85, 0x20, 0x00, 0x99, 0x00, 0x00, 0x96, 0x00, 0x00,
    0x84, 0x20, 0x00, 0x84, 0x40, 0x00, 0x82, 0x61, 0x00, 0x82, 0x81, 0x00, 0x04, 0xA1, 0x00, 0xA1,
    0x00, 0xA1, 0x08, 0xC2, 0x08, 0xC2, 0x08, 0x83, 0xE2, 0x08, 0x07, 0x02, 0x09, 0x02, 0x09, 0x23,
    0x09, 0x43, 0x09, 0x23, 0x09, 0x8E, 0x45, 0x73, 0x5F, 0x53, 0x5F, 0x84, 0x73, 0x5F, 0x05, 0x53,
    0x5F, 0x73, 0x5F, 0x10, 0x4E, 0x86, 0x1A, 0x07, 0x23, 0xE7, 0x22, 0x84, 0x07, 0x23, 0x83, 0x28,
    0x23, 0x84, 0x48, 0x23, 0x83, 0x68, 0x23, 0x03, 0x88, 0x23, 0x88, 0x2B, 0x88, 0x2B, 0xB1, 0x56,
    0x83, 0x53, 0x5F, 0x09, 0x53, 0x57, 0x53, 0x57, 0x52, 0x57, 0x52, 0x57, 0x32, 0x57, 0x52, 0x57,
    0x70, 0x4E, 0x88, 0x23, 0xA9, 0x2B, 0x89, 0x23, 0x82, 0x88, 0x23, 0x84, 0x68, 0x23, 0x82, 0x48,
    0x23, 0x01, 0x28, 0x23, 0x28, 0x23, 0x82, 0x27, 0x23, 0x00, 0x07, 0x23, 0x82, 0x07, 0x1B, 0x82,
    0xE7, 0x1A, 0x01, 0xC7, 0x1A, 0xC7, 0x1A, 0x82, 0xC6, 0x1A, 0x82, 0xA6, 0x1A, 0x04, 0xC6, 0x1A,
    0x45, 0x12, 0xAD, 0x3D, 0x31, 0x47, 0x11, 0x47, 0x84, 0x31, 0x47, 0x04, 0x10, 0x47, 0x11, 0x47,
    0x2C, 0x35, 0x02, 0x09, 0x02, 0x09, 0x82, 0xE2, 0x08, 0x02, 0xC2, 0x08, 0xC2, 0x08, 0xC1, 0x08,
    0x82, 0xA1, 0x00, 0x01, 0x81, 0x00, 0x81, 0x00, 0x83, 0x61, 0x00, 0x83, 0x40, 0x00, 0x85, 0x20,
    0x00, 0x99, 0x00, 0x00, 0x97, 0x00, 0x00, 0x83, 0x20, 0x00, 0x84, 0x40, 0x00, 0x83, 0x61, 0x00,
    0x06, 0x81, 0x00, 0x81, 0x00, 0xA1, 0x00, 0xA1, 0x00, 0xA1, 0x08, 0xC2, 0x08, 0xC2, 0x08, 0x83,
    0xE2, 0x08, 0x07, 0x02, 0x09, 0x02, 0x09, 0x22, 0x09, 0x43, 0x09, 0x23, 0x09, 0x8E, 0x45, 0x73,
    0x5F, 0x53, 0x5F, 0x84, 0x73, 0x5F, 0x06, 0x53, 0x5F, 0x73, 0x5F, 0x10, 0x4E, 0x86, 0x1A, 0x07,
    0x23, 0xE7, 0x22, 0xE7, 0x22, 0x83, 0x07, 0x23, 0x00, 0x08, 0x23, 0x83, 0x28, 0x23, 0x83, 0x48,
    0x23, 0x83, 0x68, 0x23, 0x02, 0x89, 0x2B, 0x48, 0x23, 0xCC, 0x3C, 0x82, 0x53, 0x5F, 0x00, 0x53,
    0x57, 0x86, 0x52, 0x57, 0x05, 0xAC, 0x34, 0x68, 0x23, 0xA9, 0x2B, 0x89, 0x2B, 0x89, 0x2B, 0x89,
    0x23, 0x82, 0x88, 0x23, 0x82, 0x68, 0x23, 0x83, 0x48, 0x23, 0x00, 0x28, 0x23, 0x82, 0x27, 0x23,
    0x83, 0x07, 0x1B, 0x82, 0xE7, 0x1A, 0x01, 0xC7, 0x1A, 0xC7, 0x1A, 0x82, 0xC6, 0x1A, 0x82, 0xA6,
    0x1A, 0x04, 0xC6, 0x1A, 0x65, 0x12, 0xAD, 0x3D, 0x31, 0x47, 0x11, 0x47, 0x83, 0x31, 0x47, 0x05,
    0x11, 0x47, 0x10, 0x47, 0x11, 0x47, 0x2C, 0x35, 0x02, 0x09, 0x02, 0x09, 0x82, 0xE2, 0x08, 0x02,
    0xC2, 0x08, 0xC2, 0x08, 0xC1, 0x08, 0x82, 0xA1, 0x00, 0x01, 0x81, 0x00, 0x81, 0x00, 0x83, 0x61,
    0x00, 0x83, 0x40, 0x00, 0x85, 0x20, 0x00, 0x99, 0x00, 0x00, 0x97, 0x00, 0x00, 0x83, 0x20, 0x00,
    0x84, 0x40, 0x00, 0x83, 0x61, 0x00, 0x06, 0x81, 0x00, 0x81, 0x00, 0xA1, 0x00, 0xA1, 0x00, 0xA1,
    0x08, 0xC2, 0x08, 0xC2, 0x08, 0x83, 0xE2, 0x08, 0x07, 0x02, 0x09, 0x02, 0x09, 0x22, 0x09, 0x43,
    0x09, 0x23, 0x09, 0x8E, 0x45, 0x73, 0x5F, 0x53, 0x5F, 0x84, 0x73, 0x5F, 0x06, 0x53, 0x5F, 0x73,
    0x5F, 0x0F, 0x4E, 0x86, 0x1A, 0x07, 0x23, 0xE7, 0x22, 0xE7, 0x22, 0x83, 0x07, 0x23, 0x00, 0x08,
    0x23, 0x83, 0x28, 0x23, 0x84, 0x48, 0x23, 0x82, 0x68, 0x23, 0x03, 0x88, 0x23, 0x68, 0x23, 0x91,
    0x4E, 0x53, 0x5F, 0x88, 0x52, 0x57, 0x01, 0x50, 0x4E, 0x68, 0x23, 0x83, 0x88, 0x23, 0x84, 0x68,
    0x23, 0x84, 0x48, 0x23, 0x00, 0x28, 0x23, 0x83, 0x27, 0x23, 0x83, 0x07, 0x1B, 0x82, 0xE7, 0x1A,
    0x01, 0xC7, 0x1A, 0xC7, 0x1A, 0x82, 0xC6, 0x1A, 0x82, 0xA6, 0x1A, 0x06, 0xC6, 0x1A, 0x65, 0x12,
    0xAD, 0x3D, 0x31, 0x47, 0x11, 0x47, 0x31, 0x47, 0x31, 0x47, 0x82, 0x11, 0x47, 0x04, 0x10, 0x47,
    0x10, 0x47, 0x2C, 0x35, 0x02, 0x09, 0x02, 0x09, 0x82, 0xE2, 0x08, 0x02, 0xC2, 0x08, 0xC2, 0x08,
    0xC1, 0x08, 0x82, 0xA1, 0x00, 0x01, 0x81, 0x00, 0x81, 0x00, 0x83, 0x61, 0x00, 0x83, 0x40, 0x00,
    0x85, 0x20, 0x00, 0x99, 0x00, 0x00, 0x97, 0x00, 0x00, 0x83, 0x20, 0x00, 0x84, 0x40, 0x00, 0x83,
    0x61, 0x00, 0x01, 0x81, 0x00, 0x81, 0x00, 0x82, 0xA1, 0x00, 0x82, 0xC2, 0x08, 0x82, 0xE2, 0x08,
    0x07, 0x02, 0x09, 0x02, 0x09, 0x22, 0x09, 0x43, 0x09, 0x23, 0x09, 0x8E, 0x45, 0x73, 0x5F, 0x53,
    0x5F, 0x84, 0x73, 0x5F, 0x06, 0x53, 0x5F, 0x53, 0x5F, 0x0F, 0x4E, 0x86, 0x1A, 0x07, 0x23, 0xE7,
    0x22, 0xE7, 0x22, 0x84, 0x07, 0x23, 0x84, 0x28, 0x23, 0x83, 0x48, 0x23, 0x82, 0x68, 0x23, 0x01,
    0x28, 0x23, 0xCC, 0x3C, 0x88, 0x52, 0x57, 0x04, 0x32, 0x57, 0x32, 0x57, 0xCC, 0x34, 0xA9, 0x2B,
    0xE9, 0x2B, 0x84, 0xC9, 0x2B, 0x00, 0xA9, 0x2B, 0x82, 0xA9, 0x23, 0x04, 0x88, 0x23, 0x48, 0x23,
    0x07, 0x23, 0x27, 0x23, 0x48, 0x23, 0x83, 0x27, 0x23, 0x82, 0x07, 0x1B, 0x83, 0xE7, 0x1A, 0x03,
    0xC7, 0x1A, 0xC7, 0x1A, 0xC6, 0x1A, 0xC6, 0x1A, 0x84, 0xA6, 0x1A, 0x04, 0x45, 0x12, 0xAD, 0x3D,
    0x31, 0x47, 0x10, 0x47, 0x31, 0x47, 0x82, 0x11, 0x47, 0x82, 0x10, 0x47, 0x02, 0x2C, 0x35, 0x02,
    0x09, 0x02, 0x09, 0x82, 0xE2, 0x08, 0x01, 0xC2, 0x08, 0xC2, 0x08, 0x83, 0xA1, 0x00, 0x01, 0x81,
    0x00, 0x81, 0x00, 0x83, 0x61, 0x00, 0x83, 0x40, 0x00, 0x85, 0x20, 0x00, 0x99, 0x00, 0x00, 0x97,
    0x00, 0x00, 0x83, 0x20, 0x00, 0x84, 0x40, 0x00, 0x83, 0x61, 0x00, 0x01, 0x81, 0x00, 0x81, 0x00,
    0x82, 0xA1, 0x00, 0x82, 0xC2, 0x08, 0x82, 0xE2, 0x08, 0x07, 0x02, 0x09, 0x02, 0x09, 0x22, 0x09,
    0x43, 0x09, 0x23, 0x09, 0x8E, 0x45, 0x73, 0x5F, 0x53, 0x5F, 0x83, 0x73, 0x5F, 0x82, 0x53, 0x5F,
    0x01, 0x0F, 0x4E, 0x86, 0x1A, 0x82, 0xE7, 0x22, 0x84, 0x07, 0x23, 0x84, 0x28, 0x23, 0x83, 0x48,
    0x23, 0x83, 0x68, 0x23, 0x00, 0x91, 0x4E, 0x89, 0x52, 0x57, 0x02, 0x32, 0x57, 0xF1, 0x56, 0x12,
    0x57, 0x84, 0x11, 0x4F, 0x85, 0xF1, 0x4E, 0x06, 0x90, 0x46, 0x4D, 0x3D, 0x68, 0x23, 0x07, 0x23,
    0x28, 0x23, 0x27, 0x23, 0x27, 0x23, 0x82, 0x07, 0x1B, 0x83, 0xE7, 0x1A, 0x01, 0xC7, 0x1A, 0xC7,
    0x1A, 0x83, 0xC6, 0x1A, 0x83, 0xA6, 0x1A, 0x05, 0x45, 0x12, 0xAD, 0x3D, 0x31, 0x47, 0x10, 0x47,
    0x11, 0x47, 0x11, 0x47, 0x84, 0x10, 0x47, 0x02, 0x2C, 0x35, 0x02, 0x09, 0x02, 0x09, 0x82, 0xE2,
    0x08, 0x01, 0xC2, 0x08, 0xC1, 0x08, 0x83, 0xA1, 0x00, 0x01, 0x81, 0x00, 0x81, 0x00, 0x83, 0x61,
    0x00, 0x83, 0x40, 0x00, 0x85, 0x20, 0x00, 0x99, 0x00, 0x00, 0x97, 0x00, 0x00, 0x83, 0x20, 0x00,
    0x85, 0x40, 0x00, 0x82, 0x61, 0x00, 0x01, 0x81, 0x00, 0x81, 0x00, 0x82, 0xA1, 0x00, 0x82, 0xC2,
    0x08, 0x82, 0xE2, 0x08, 0x07, 0x02, 0x09, 0x02, 0x09, 0x22, 0x09, 0x43, 0x09, 0x23, 0x09, 0x8E,
    0x45, 0x73, 0x5F, 0x53, 0x5F, 0x82, 0x73, 0x5F, 0x83, 0x53, 0x5F, 0x01, 0x0F, 0x46, 0x86, 0x1A,
    0x82, 0xE7, 0x22, 0x84, 0x07, 0x23, 0x00, 0x27, 0x23, 0x83, 0x28, 0x23, 0x84, 0x48, 0x23, 0x02,
    0x68, 0x23, 0x08, 0x23, 0xAC, 0x34, 0x90, 0x52, 0x57, 0x00, 0x32, 0x57, 0x87, 0x32, 0x4F, 0x07,
    0x31, 0x4F, 0x90, 0x46, 0xA9, 0x23, 0x07, 0x23, 0x27, 0x23, 0x27, 0x23, 0x07, 0x1B, 0x07, 0x1B,
    0x84, 0xE7, 0x1A, 0x01, 0xC7, 0x1A, 0xC7, 0x1A, 0x83, 0xC6, 0x1A, 0x83, 0xA6, 0x1A, 0x04, 0x45,
    0x12, 0xAD, 0x35, 0x11, 0x47, 0x10, 0x47, 0x11, 0x47, 0x85, 0x10, 0x47, 0x02, 0x2C, 0x35, 0x02,
    0x09, 0x02, 0x09, 0x82, 0xE2, 0x08, 0x01, 0xC2, 0x08, 0xC1, 0x08, 0x83, 0xA1, 0x00, 0x01, 0x81,
    0x00, 0x81, 0x00, 0x83, 0x61, 0x00, 0x83, 0x40, 0x00, 0x85, 0x20, 0x00, 0x99, 0x00, 0x00, 0x97,
    0x00, 0x00, 0x83, 0x20, 0x00, 0x85, 0x40, 0x00, 0x82, 0x61, 0x00, 0x01, 0x81, 0x00, 0x81, 0x00,
    0x82, 0xA1, 0x00, 0x82, 0xC2, 0x08, 0x82, 0xE2, 0x08, 0x08, 0x02, 0x09, 0x02, 0x09, 0x22, 0x09,
    0x23, 0x09, 0x23, 0x09, 0x8E, 0x45, 0x73, 0x5F, 0x53, 0x5F, 0x73, 0x5F, 0x85, 0x53, 0x5F, 0x01,
    0xEF, 0x45, 0x86, 0x1A, 0x83, 0xE7, 0x22, 0x85, 0x07, 0x23, 0x85, 0x28, 0x23, 0x83, 0x48, 0x23,
    0x00, 0x90, 0x4E, 0x8B, 0x52, 0x57, 0x83, 0x32, 0x57, 0x87, 0x32, 0x4F, 0x83, 0x31, 0x4F, 0x05,
    0x4F, 0x46, 0x07, 0x23, 0x27, 0x23, 0x27, 0x23, 0x07, 0x1B, 0x07, 0x1B, 0x84, 0xE7, 0x1A, 0x00,
    0xC7, 0x1A, 0x83, 0xC6, 0x1A, 0x84, 0xA6, 0x1A, 0x02, 0x45, 0x12, 0xAD, 0x35, 0x11, 0x47, 0x87,
    0x10, 0x47, 0x02, 0x2C, 0x35, 0x02, 0x09, 0x02, 0x09, 0x82, 0xE2, 0x08, 0x01, 0xC2, 0x08, 0xC1,
    0x08, 0x82, 0xA1, 0x00, 0x82, 0x81, 0x00, 0x83, 0x61, 0x00, 0x83, 0x40, 0x00, 0x85, 0x20, 0x00,
    0x99, 0x00, 0x00, 0x97, 0x00, 0x00, 0x83, 0x20, 0x00, 0x85, 0x40, 0x00, 0x82, 0x61, 0x00, 0x01,
    0x81, 0x00, 0x81, 0x00, 0x82, 0xA1, 0x00, 0x82, 0xC2, 0x08, 0x82, 0xE2, 0x08, 0x82, 0x02, 0x09,
    0x04, 0x23, 0x09, 0x23, 0x09, 0x8E, 0x45, 0x73, 0x5F, 0x53, 0x57, 0x84, 0x53, 0x5F, 0x03, 0x53,
    0x57, 0x53, 0x57, 0xEF, 0x45, 0x86, 0x1A, 0x84, 0xE7, 0x22, 0x85, 0x07, 0x23, 0x85, 0x28, 0x23,
    0x02, 0x48, 0x23, 0x07, 0x23, 0x8B, 0x34, 0x8E, 0x52, 0x57, 0x00, 0x32, 0x57, 0x86, 0x32, 0x4F,
    0x86, 0x31, 0x4F, 0x03, 0x4A, 0x2C, 0xE7, 0x1A, 0x27, 0x23, 0x07, 0x1B, 0x85, 0xE7, 0x1A, 0x84,
    0xC6, 0x1A, 0x84, 0xA6, 0x1A, 0x01, 0x45, 0x12, 0xAD, 0x35, 0x86, 0x10, 0x47, 0x04, 0xF0, 0x46,
    0x10, 0x47, 0x2C, 0x35, 0x02, 0x09, 0x02, 0x09, 0x82, 0xE2, 0x08, 0x01, 0xC2, 0x08, 0xC1, 0x08,
    0x82, 0xA1, 0x00, 0x82, 0x81, 0x00, 0x82, 0x61, 0x00, 0x00, 0x60, 0x00, 0x83, 0x40, 0x00, 0x85,
    0x20, 0x00, 0x99, 0x00, 0x00, 0x97, 0x00, 0x00, 0x83, 0x20, 0x00, 0x85, 0x40, 0x00, 0x82, 0x61,
    0x00, 0x82, 0x81, 0x00, 0x04, 0xA1, 0x00, 0xA1, 0x00, 0xA1, 0x08, 0xC2, 0x08, 0xC2, 0x08, 0x82,
    0xE2, 0x08, 0x82, 0x02, 0x09, 0x04, 0x23, 0x09, 0x23, 0x09, 0x8E, 0x45, 0x53, 0x57, 0x53, 0x57,
    0x83, 0x53, 0x5F, 0x82, 0x53, 0x57, 0x01, 0xEF, 0x45, 0x86, 0x1A, 0x84, 0xE7, 0x22, 0x85, 0x07,
    0x23, 0x01, 0x08, 0x23, 0x08, 0x23, 0x83, 0x28, 0x23, 0x04, 0x48, 0x23, 0xE7, 0x1A, 0x6D, 0x3D,
    0x52, 0x57, 0x32, 0x57, 0x8A, 0x52, 0x57, 0x00, 0x32, 0x57, 0x87, 0x32, 0x4F, 0x87, 0x31, 0x4F,
    0x03, 0x2C, 0x35, 0xC6, 0x1A, 0x27, 0x23, 0x07, 0x1B, 0x84, 0xE7, 0x1A, 0x85, 0xC6, 0x1A, 0x84,
    0xA6, 0x1A, 0x01, 0x45, 0x12, 0xAD, 0x35, 0x86, 0x10, 0x47, 0x04, 0xF0, 0x46, 0x10, 0x47, 0x2C,
    0x35, 0x02, 0x09, 0x02, 0x09, 0x82, 0xE2, 0x08, 0x01, 0xC2, 0x08, 0xC1, 0x08, 0x82, 0xA1, 0x00,
    0x82, 0x81, 0x00, 0x82, 0x61, 0x00, 0x00, 0x60, 0x00, 0x83, 0x40, 0x00, 0x85, 0x20, 0x00, 0x99,
    0x00, 0x00, 0x97, 0x00, 0x00, 0x83, 0x20, 0x00, 0x85, 0x40, 0x00, 0x82, 0x61, 0x00, 0x82, 0x81,
    0x00, 0x04, 0xA1, 0x00, 0xA1, 0x00, 0xA1, 0x08, 0xC2, 0x08, 0xC2, 0x08, 0x82, 0xE2, 0x08, 0x82,
    0x02, 0x09, 0x04, 0x23, 0x09, 0x23, 0x09, 0x6E, 0x45, 0x53, 0x57, 0x52, 0x57, 0x86, 0x53, 0x57,
    0x01, 0xEF, 0x45, 0x86, 0x1A, 0x85, 0xE7, 0x22, 0x85, 0x07, 0x23, 0x00, 0x08, 0x23, 0x83, 0x28,
    0x23, 0x04, 0x48, 0x23, 0xE7, 0x1A, 0x8E, 0x3D, 0x32, 0x57, 0x32, 0x57, 0x89, 0x52, 0x57, 0x00,
    0x32, 0x57, 0x86, 0x32, 0x4F, 0x89, 0x31, 0x4F, 0x03, 0x6D, 0x35, 0xC6, 0x1A, 0x07, 0x1B, 0x07,
    0x1B, 0x83, 0xE7, 0x1A, 0x00, 0xE6, 0x1A, 0x84, 0xC6, 0x1A, 0x85, 0xA6, 0x1A, 0x01, 0x45, 0x12,
    0xAD, 0x35, 0x86, 0x10, 0x47, 0x04, 0xF0, 0x46, 0x10, 0x47, 0x2C, 0x35, 0x02, 0x09, 0x02, 0x09,
    0x82, 0xE2, 0x08, 0x01, 0xC2, 0x08, 0xC1, 0x08, 0x82, 0xA1, 0x00, 0x82, 0x81, 0x00, 0x82, 0x61,
    0x00, 0x00, 0x60, 0x00, 0x83, 0x40, 0x00, 0x85, 0x20, 0x00, 0x99, 0x00, 0x00, 0x97, 0x00, 0x00,
    0x83, 0x20, 0x00, 0x86, 0x40, 0x00, 0x01, 0x61, 0x00, 0x61, 0x00, 0x82, 0x81, 0x00, 0x04, 0xA1,
    0x00, 0xA1, 0x00, 0xA1, 0x08, 0xC2, 0x08, 0xC2, 0x08, 0x82, 0xE2, 0x08, 0x82, 0x02, 0x09, 0x04,
    0x23, 0x09, 0x23, 0x09, 0x6E, 0x45, 0x53, 0x57, 0x52, 0x57, 0x84, 0x53, 0x57, 0x05, 0x52, 0x57,
    0x53, 0x57, 0xEF, 0x45, 0x66, 0x1A, 0xC7, 0x22, 0xC7, 0x22, 0x84, 0xE7, 0x22, 0x85, 0x07, 0x23,
    0x00, 0x08, 0x23, 0x82, 0x28, 0x23, 0x04, 0x48, 0x23, 0xE7, 0x22, 0xEC, 0x34, 0x52, 0x57, 0x32,
    0x57, 0x87, 0x52, 0x57, 0x00, 0x32, 0x57, 0x86, 0x32, 0x4F, 0x8B, 0x31, 0x4F, 0x02, 0xAB, 0x34,
    0xC6, 0x1A, 0x07, 0x1B, 0x84, 0xE7, 0x1A, 0x84, 0xC6, 0x1A, 0x86, 0xA6, 0x1A, 0x01, 0x45, 0x12,
    0xAD, 0x35, 0x86, 0x10, 0x47, 0x09, 0xF0, 0x46, 0x10, 0x47, 0x2C, 0x35, 0x02, 0x09, 0x02, 0x09,
    0xE2, 0x08, 0xE2, 0x08, 0xC2, 0x08, 0xC2, 0x08, 0xC1, 0x08, 0x82, 0xA1, 0x00, 0x82, 0x81, 0x00,
    0x82, 0x61, 0x00, 0x00, 0x60, 0x00, 0x83, 0x40, 0x00, 0x85, 0x20, 0x00, 0x99, 0x00, 0x00, 0x97,
    0x00, 0x00, 0x83, 0x20, 0x00, 0x86, 0x40, 0x00, 0x01, 0x61, 0x00, 0x61, 0x00, 0x82, 0x81, 0x00,
    0x04, 0xA1, 0x00, 0xA1, 0x00, 0xA1, 0x08, 0xC1, 0x08, 0xC2, 0x08, 0x82, 0xE2, 0x08, 0x82, 0x02,
    0x09, 0x04, 0x23, 0x09, 0x23, 0x09, 0x6E, 0x3D, 0x53, 0x57, 0x52, 0x57, 0x84, 0x53, 0x57, 0x05,
    0x52, 0x57, 0x52, 0x57, 0xEF, 0x45, 0x66, 0x1A, 0xC7, 0x22, 0xC7, 0x22, 0x86, 0xE7, 0x22, 0x84,
    0x07, 0x23, 0x00, 0x08, 0x23, 0x82, 0x28, 0x23, 0x04, 0x27, 0x23, 0x88, 0x23, 0x11, 0x4F, 0x32,
    0x57, 0x32, 0x57, 0x84, 0x52, 0x57, 0x00, 0x32, 0x57, 0x87, 0x32, 0x4F, 0x8B, 0x31, 0x4F, 0x03,
    0xF0, 0x46, 0x68, 0x23, 0xE7, 0x1A, 0x07, 0x1B, 0x84, 0xE7, 0x1A, 0x84, 0xC6, 0x1A, 0x86, 0xA6,
    0x1A, 0x01, 0x45, 0x12, 0xAD, 0x35, 0x86, 0x10, 0x47, 0x09, 0xF0, 0x46, 0x10, 0x47, 0x2C, 0x35,
    0x02, 0x09, 0x02, 0x09, 0xE2, 0x08, 0xE2, 0x08, 0xC2, 0x08, 0xC2, 0x08, 0xC1, 0x08, 0x82, 0xA1,
    0x00, 0x82, 0x81, 0x00, 0x03, 0x61, 0x00, 0x61, 0x00, 0x60, 0x00, 0x60, 0x00, 0x83, 0x40, 0x00,
    0x85, 0x20, 0x00, 0x99, 0x00, 0x00, 0x97, 0x00, 0x00, 0x83, 0x20, 0x00, 0x86, 0x40, 0x00, 0x01,
    0x61, 0x00, 0x61, 0x00, 0x82, 0x81, 0x00, 0x05, 0xA1, 0x00, 0xA1, 0x00, 0xA1, 0x08, 0xC1, 0x08,
    0xC2, 0x08, 0xC2, 0x08, 0x82, 0xE2, 0x08, 0x05, 0x02, 0x09, 0x02, 0x09, 0x23, 0x09, 0x23, 0x09,
    0x6E, 0x3D, 0x53, 0x57, 0x87, 0x52, 0x57, 0x06, 0xEF, 0x45, 0x66, 0x1A, 0xC7, 0x22, 0xC7, 0x1A,
    0xC7, 0x1A, 0xE7, 0x1A, 0xE7, 0x1A, 0x83, 0xE7, 0x22, 0x86, 0x07, 0x23, 0x07, 0x27, 0x23, 0x27,
    0x23, 0x48, 0x23, 0xE7, 0x1A, 0xAB, 0x34, 0x52, 0x57, 0x52, 0x57, 0x32, 0x57, 0x85, 0x32, 0x4F,
    0x90, 0x31, 0x4F, 0x04, 0x11, 0x4F, 0x31, 0x4F, 0x2C, 0x35, 0xC6, 0x1A, 0x07, 0x1B, 0x85, 0xE7,
    0x1A, 0x83, 0xC6, 0x1A, 0x87, 0xA6, 0x1A, 0x01, 0x45, 0x12, 0xAD, 0x35, 0x86, 0x10, 0x47, 0x09,
    0xF0, 0x46, 0x10, 0x47, 0x2C, 0x35, 0x02, 0x09, 0x02, 0x09, 0xE2, 0x08, 0xE2, 0x08, 0xC2, 0x08,
    0xC1, 0x08, 0xC1, 0x08, 0x82, 0xA1, 0x00, 0x82, 0x81, 0x00, 0x03, 0x61, 0x00, 0x61, 0x00, 0x60,
    0x00, 0x60, 0x00, 0x82, 0x40, 0x00, 0x86, 0x20, 0x00, 0x99, 0x00, 0x00, 0x97, 0x00, 0x00, 0x84,
    0x20, 0x00, 0x85, 0x40, 0x00, 0x82, 0x61, 0x00, 0x07, 0x81, 0x00, 0x81, 0x00, 0xA1, 0x00, 0xA1,
    0x00, 0xA1, 0x08, 0xC1, 0x08, 0xC2, 0x08, 0xC2, 0x08, 0x82, 0xE2, 0x08, 0x04, 0x02, 0x09, 0x02,
    0x09, 0x22, 0x09, 0x23, 0x09, 0x6E, 0x3D, 0x88, 0x52, 0x57, 0x01, 0xEF, 0x45, 0x66, 0x1A, 0x84,
    0xC7, 0x1A, 0x83, 0xE7, 0x1A, 0x00, 0xE7, 0x22, 0x87, 0x07, 0x23, 0x06, 0x27, 0x23, 0x28, 0x23,
    0xE7, 0x1A, 0x8B, 0x34, 0xB0, 0x4E, 0x52, 0x57, 0x52, 0x4F, 0x88, 0x32, 0x4F, 0x8C, 0x31, 0x4F,
    0x04, 0x11, 0x4F, 0xF0, 0x46, 0x68, 0x23, 0xE7, 0x1A, 0x07, 0x1B, 0x84, 0xE7, 0x1A, 0x84, 0xC6,
    0x1A, 0x87, 0xA6, 0x1A, 0x01, 0x45, 0x12, 0xAD, 0x35, 0x86, 0x10, 0x47, 0x09, 0xF0, 0x46, 0x10,
    0x47, 0x2C, 0x35, 0x02, 0x09, 0x02, 0x09, 0xE2, 0x08, 0xE2, 0x08, 0xC2, 0x08, 0xC1, 0x08, 0xC1,
    0x08, 0x82, 0xA1, 0x00, 0x82, 0x81, 0x00, 0x03, 0x61, 0x00, 0x61, 0x00, 0x60, 0x00, 0x60, 0x00,
    0x82, 0x40, 0x00, 0x86, 0x20, 0x00, 0x99, 0x00, 0x00, 0x97, 0x00, 0x00, 0x84, 0x20, 0x00, 0x85,
    0x40, 0x00, 0x82, 0x61, 0x00, 0x07, 0x81, 0x00, 0x81, 0x00, 0xA1, 0x00, 0xA1, 0x00, 0xA1, 0x08,
    0xC1, 0x08, 0xC2, 0x08, 0xC2, 0x08, 0x82, 0xE2, 0x08, 0x06, 0x02, 0x09, 0x02, 0x09, 0x22, 0x09,
    0x23, 0x09, 0x6D, 0x3D, 0x52, 0x57, 0x32, 0x57, 0x86, 0x52, 0x57, 0x01, 0xEF, 0x45, 0x66, 0x1A,
    0x85, 0xC7, 0x1A, 0x83, 0xE7, 0x1A, 0x00, 0xE7, 0x22, 0x87, 0x07, 0x23, 0x04, 0x27, 0x23, 0x27,
    0x23, 0xE7, 0x1A, 0x48, 0x23, 0x2A, 0x2C, 0x83, 0xAB, 0x34, 0x86, 0xCB, 0x34, 0x01, 0xAB, 0x34,
    0x2C, 0x35, 0x88, 0x31, 0x4F, 0x04, 0x11, 0x47, 0x31, 0x4F, 0x2C, 0x35, 0xA6, 0x1A, 0x07, 0x1B,
    0x84, 0xE7, 0x1A, 0x85, 0xC6, 0x1A, 0x85, 0xA6, 0x1A, 0x03, 0x86, 0x1A, 0x86, 0x1A, 0x25, 0x12,
    0xAD, 0x35, 0x86, 0x10, 0x47, 0x08, 0xF0, 0x46, 0x10, 0x47, 0x2C, 0x35, 0x02, 0x09, 0x02, 0x09,
    0xE2, 0x08, 0xE2, 0x08, 0xC1, 0x08, 0xC1, 0x08, 0x83, 0xA1, 0x00, 0x82, 0x81, 0x00, 0x00, 0x61,
    0x00, 0x82, 0x60, 0x00, 0x82, 0x40, 0x00, 0x86, 0x20, 0x00, 0x99, 0x00, 0x00, 0x97, 0x00, 0x00,
    0x84, 0x20, 0x00, 0x85, 0x40, 0x00, 0x82, 0x61, 0x00, 0x07, 0x81, 0x00, 0x81, 0x00, 0xA1, 0x00,
    0xA1, 0x00, 0xA1, 0x08, 0xA1, 0x08, 0xC2, 0x08, 0xC2, 0x08, 0x82, 0xE2, 0x08, 0x06, 0x02, 0x09,
    0x02, 0x09, 0x22, 0x09, 0x22, 0x09, 0x6D, 0x3D, 0x52, 0x57, 0x32, 0x57, 0x86, 0x52, 0x57, 0x03,
    0xEF, 0x45, 0x66, 0x1A, 0xC7, 0x1A, 0xA6, 0x1A, 0x83, 0xC7, 0x1A, 0x84, 0xE7, 0x1A, 0x01, 0xE7,
    0x22, 0xE7, 0x22, 0x86, 0x07, 0x23, 0x02, 0x27, 0x23, 0x27, 0x23, 0x07, 0x23, 0x8B, 0xE7, 0x1A,
    0x03, 0xA6, 0x1A, 0x4D, 0x35, 0x31, 0x4F, 0x11, 0x4F, 0x85, 0x31, 0x4F, 0x03, 0x11, 0x4F, 0x11,
    0x4F, 0xD0, 0x46, 0x68, 0x23, 0x85, 0xE7, 0x1A, 0x85, 0xC6, 0x1A, 0x85, 0xA6, 0x1A, 0x82, 0x86,
    0x1A, 0x01, 0x25, 0x12, 0xAD, 0x35, 0x86, 0x10, 0x47, 0x08, 0xF0, 0x46, 0x10, 0x47, 0x2C, 0x35,
    0x02, 0x09, 0x02, 0x09, 0xE2, 0x08, 0xE2, 0x08, 0xC1, 0x08, 0xC1, 0x08, 0x83, 0xA1, 0x00, 0x82,
    0x81, 0x00, 0x00, 0x61, 0x00, 0x82, 0x60, 0x00, 0x82, 0x40, 0x00, 0x86, 0x20, 0x00, 0x99, 0x00,
    0x00, 0x97, 0x00, 0x00, 0x85, 0x20, 0x00, 0x84, 0x40, 0x00, 0x82, 0x61, 0x00, 0x82, 0x81, 0x00,
    0x04, 0xA1, 0x00, 0xA1, 0x08, 0xA1, 0x08, 0xC2, 0x08, 0xC2, 0x08, 0x82, 0xE2, 0x08, 0x06, 0x02,
    0x09, 0x02, 0x09, 0x22, 0x09, 0x02, 0x09, 0x6D, 0x3D, 0x52, 0x57, 0x32, 0x57, 0x86, 0x52, 0x57,
    0x04, 0xCF, 0x45, 0x66, 0x1A, 0xC7, 0x1A, 0xA6, 0x1A, 0xA6, 0x1A, 0x83, 0xC7, 0x1A, 0x85, 0xE7,
    0x1A, 0x00, 0xE7, 0x22, 0x87, 0x07, 0x23, 0x84, 0x27, 0x23, 0x86, 0x48, 0x23, 0x02, 0x27, 0x1B,
    0xC9, 0x23, 0x11, 0x4F, 0x87, 0x31, 0x4F, 0x04, 0x11, 0x47, 0x31, 0x47, 0x2C, 0x35, 0xA6, 0x1A,
    0x07, 0x1B, 0x83, 0xE7, 0x1A, 0x85, 0xC6, 0x1A, 0x86, 0xA6, 0x1A, 0x82, 0x86, 0x1A, 0x01, 0x25,
    0x12, 0xAD, 0x35, 0x86, 0x10, 0x47, 0x08, 0xF0, 0x46, 0x10, 0x47, 0x2C, 0x2D, 0xE2, 0x08, 0x02,
    0x09, 0xE2, 0x08, 0xE2, 0x08, 0xC1, 0x08, 0xC1, 0x00, 0x82, 0xA1, 0x00, 0x83, 0x81, 0x00, 0x02,
    0x61, 0x00, 0x60, 0x00, 0x60, 0x00, 0x83, 0x40, 0x00, 0x86, 0x20, 0x00, 0x99, 0x00, 0x00, 0x97,
    0x00, 0x00, 0x85, 0x20, 0x00, 0x84, 0x40, 0x00, 0x82, 0x61, 0x00, 0x82, 0x81, 0x00, 0x04, 0xA1,
    0x00, 0xA1, 0x08, 0xA1, 0x08, 0xC2, 0x08, 0xC2, 0x08, 0x82, 0xE2, 0x08, 0x06, 0x02, 0x09, 0x02,
    0x09, 0x22, 0x09, 0x02, 0x09, 0x6D, 0x3D, 0x52, 0x57, 0x32, 0x57, 0x84, 0x52, 0x57, 0x06, 0x32,
    0x57, 0x52, 0x57, 0xCE, 0x45, 0x45, 0x1A, 0xC6, 0x1A, 0xA6, 0x1A, 0xA6, 0x1A, 0x85, 0xC7, 0x1A,
    0x84, 0xE7, 0x1A, 0x00, 0xE7, 0x22, 0x88, 0x07, 0x23, 0x89, 0x27, 0x23, 0x03, 0xC7, 0x1A, 0x6D,
    0x3D, 0x31, 0x4F, 0x11, 0x4F, 0x85, 0x31, 0x4F, 0x04, 0x11, 0x47, 0x11, 0x47, 0xD0, 0x46, 0x68,
    0x23, 0xE6, 0x1A, 0x83, 0xE7, 0x1A, 0x86, 0xC6, 0x1A, 0x85, 0xA6, 0x1A, 0x83, 0x86, 0x1A, 0x01,
    0x25, 0x12, 0xAD, 0x35, 0x86, 0x10, 0x47, 0x02, 0xF0, 0x3E, 0x10, 0x47, 0x2C, 0x2D, 0x82, 0xE2,
    0x08, 0x02, 0xC2, 0x08, 0xC1, 0x08, 0xC1, 0x00, 0x82, 0xA1, 0x00, 0x83, 0x81, 0x00, 0x02, 0x61,
    0x00, 0x60, 0x00, 0x60, 0x00, 0x83, 0x40, 0x00, 0x86, 0x20, 0x00, 0x99, 0x00, 0x00, 0x97, 0x00,
    0x00, 0x85, 0x20, 0x00, 0x84, 0x40, 0x00, 0x82, 0x61, 0x00, 0x83, 0x81, 0x00, 0x01, 0xA1, 0x08,
    0xA1, 0x08, 0x82, 0xC2, 0x08, 0x82, 0xE2, 0x08, 0x05, 0x02, 0x09, 0x22, 0x09, 0x02, 0x09, 0x6D,
    0x3D, 0x52, 0x57, 0x32, 0x57, 0x84, 0x52, 0x57, 0x07, 0x32, 0x57, 0x52, 0x57, 0xCE, 0x45, 0x45,
    0x1A, 0xC6, 0x1A, 0xA6, 0x1A, 0xA6, 0x1A, 0xC6, 0x1A, 0x85, 0xC7, 0x1A, 0x85, 0xE7, 0x1A, 0x00,
    0xE7, 0x22, 0x88, 0x07, 0x23, 0x85, 0x07, 0x1B, 0x03, 0x27, 0x1B, 0xE7, 0x1A, 0xA8, 0x23, 0xF1,
    0x46, 0x84, 0x31, 0x4F, 0x82, 0x31, 0x47, 0x04, 0x11, 0x47, 0x31, 0x47, 0x2C, 0x35, 0xA6, 0x1A,
    0x07, 0x1B, 0x82, 0xE7, 0x1A, 0x86, 0xC6, 0x1A, 0x85, 0xA6, 0x1A, 0x84, 0x86, 0x1A, 0x03, 0x25,
    0x12, 0xAD, 0x35, 0x10, 0x47, 0xF0, 0x46, 0x84, 0x10, 0x47, 0x02, 0xF0, 0x3E, 0x10, 0x47, 0x2C,
    0x2D, 0x82, 0xE2, 0x08, 0x02, 0xC2, 0x08, 0xC1, 0x00, 0xC1, 0x00, 0x82, 0xA1, 0x00, 0x83, 0x81,
    0x00, 0x02, 0x61, 0x00, 0x60, 0x00, 0x60, 0x00, 0x83, 0x40, 0x00, 0x85, 0x20, 0x00, 0x9A, 0x00,
    0x00, 0x98, 0x00, 0x00, 0x84, 0x20, 0x00, 0x84, 0x40, 0x00, 0x82, 0x61, 0x00, 0x83, 0x81, 0x00,
    0x04, 0xA1, 0x00, 0xA1, 0x08, 0xC1, 0x08, 0xC2, 0x08, 0xC2, 0x08, 0x82, 0xE2, 0x08, 0x05, 0x02,
    0x09, 0x22, 0x09, 0x02, 0x09, 0x6D, 0x3D, 0x52, 0x57, 0x32, 0x4F, 0x84, 0x52, 0x57, 0x04, 0x32,
    0x4F, 0x52, 0x57, 0xCE, 0x3D, 0x45, 0x1A, 0xC6, 0x1A, 0x82, 0xA6, 0x1A, 0x03, 0xC6, 0x1A, 0xC7,
    0x1A, 0xC7, 0x1A, 0xC6, 0x1A, 0x82, 0xC7, 0x1A, 0x85, 0xE7, 0x1A, 0x03, 0xE7, 0x22, 0xE7, 0x22,
    0x07, 0x23, 0x07, 0x23, 0x8A, 0x07, 0x1B, 0x06, 0x27, 0x23, 0xC6, 0x1A, 0x6D, 0x3D, 0x31, 0x4F,
    0x11, 0x47, 0x31, 0x4F, 0x31, 0x4F, 0x83, 0x31, 0x47, 0x04, 0x11, 0x47, 0x11, 0x47, 0xD0, 0x46,
    0x48, 0x23, 0xC6, 0x1A, 0x82, 0xE7, 0x1A, 0x86, 0xC6, 0x1A, 0x85, 0xA6, 0x1A, 0x83, 0x86, 0x1A,
    0x05, 0x85, 0x1A, 0x86, 0x1A, 0x25, 0x12, 0x8D, 0x35, 0x10, 0x47, 0xF0, 0x46, 0x84, 0x10, 0x47,
    0x08, 0xF0, 0x3E, 0x10, 0x47, 0x2B, 0x2D, 0xE2, 0x08, 0xE2, 0x08, 0xC2, 0x08, 0xC2, 0x08, 0xC1,
    0x00, 0xC1, 0x00, 0x82, 0xA1, 0x00, 0x82, 0x81, 0x00, 0x03, 0x61, 0x00, 0x61, 0x00, 0x60, 0x00,
    0x60, 0x00, 0x83, 0x40, 0x00, 0x85, 0x20, 0x00, 0x9A, 0x00, 0x00, 0x98, 0x00, 0x00, 0x84, 0x20,
    0x00, 0x84, 0x40, 0x00, 0x83, 0x61, 0x00, 0x82, 0x81, 0x00, 0x02, 0xA1, 0x00, 0xA1, 0x08, 0xC1,
    0x08, 0x82, 0xC2, 0x08, 0x07, 0xE2, 0x08, 0xE2, 0x08, 0x02, 0x09, 0x22, 0x09, 0x02, 0x09, 0x6D,
    0x3D, 0x52, 0x4F, 0x32, 0x4F, 0x83, 0x52, 0x57, 0x04, 0x52, 0x4F, 0x32, 0x4F, 0x52, 0x4F, 0xCE,
    0x3D, 0x45, 0x1A, 0x86, 0xA6, 0x1A, 0x84, 0xC6, 0x1A, 0x01, 0xC7, 0x1A, 0xC7, 0x1A, 0x87, 0xE7,
    0x1A, 0x82, 0x07, 0x1B, 0x85, 0xE7, 0x1A, 0x05, 0x07, 0x1B, 0xE7, 0x1A, 0x88, 0x23, 0xF0, 0x46,
    0x31, 0x4F, 0x11, 0x47, 0x85, 0x31, 0x47, 0x05, 0x11, 0x47, 0x31, 0x47, 0x2C, 0x35, 0xA6, 0x1A,
    0xE7, 0x1A, 0xE7, 0x1A, 0x86, 0xC6, 0x1A, 0x86, 0xA6, 0x1A, 0x84, 0x86, 0x1A, 0x05, 0x85, 0x12,
    0x86, 0x1A, 0x25, 0x12, 0x8D, 0x35, 0x10, 0x47, 0xF0, 0x46, 0x84, 0x10, 0x47, 0x07, 0xF0, 0x3E,
    0x10, 0x3F, 0x2B, 0x2D, 0xE2, 0x08, 0xE2, 0x08, 0xC2, 0x08, 0xC1, 0x00, 0xC1, 0x00, 0x83, 0xA1,
    0x00, 0x82, 0x81, 0x00, 0x03, 0x61, 0x00, 0x61, 0x00, 0x60, 0x00, 0x60, 0x00, 0x83, 0x40, 0x00,
    0x85, 0x20, 0x00, 0x9A, 0x00, 0x00, 0x98, 0x00, 0x00, 0x84, 0x20, 0x00, 0x84, 0x40, 0x00, 0x83,
    0x61, 0x00, 0x82, 0x81, 0x00, 0x02, 0xA1, 0x00, 0xA1, 0x08, 0xA1, 0x08, 0x82, 0xC2, 0x08, 0x01,
    0xE2, 0x08, 0xE2, 0x08, 0x82, 0x02, 0x09, 0x02, 0x6D, 0x3D, 0x52, 0x4F, 0x32, 0x4F, 0x84, 0x52,
    0x4F, 0x03, 0x32, 0x4F, 0x52, 0x4F, 0xCE, 0x3D, 0x45, 0x1A, 0x87, 0xA6, 0x1A, 0x85, 0xC6, 0x1A,
    0x01, 0xC7, 0x1A, 0xC6, 0x1A, 0x8E, 0xE7, 0x1A, 0x04, 0x07, 0x1B, 0xA6, 0x1A, 0x6D, 0x35, 0x31,
    0x47, 0x11, 0x47, 0x85, 0x31, 0x47, 0x05, 0x11, 0x47, 0x11, 0x47, 0xD0, 0x46, 0x47, 0x23, 0xC6,
    0x1A, 0xE7, 0x1A, 0x86, 0xC6, 0x1A, 0x87, 0xA6, 0x1A, 0x84, 0x86, 0x1A, 0x05, 0x65, 0x12, 0x86,
    0x1A, 0x25, 0x12, 0x8D, 0x35, 0x10, 0x47, 0xF0, 0x3E, 0x83, 0x10, 0x47, 0x08, 0x10, 0x3F, 0xF0,
    0x3E, 0x10, 0x3F, 0x0B, 0x2D, 0xE2, 0x08, 0xE2, 0x08, 0xC2, 0x08, 0xC1, 0x00, 0xC1, 0x00, 0x83,
    0xA1, 0x00, 0x82, 0x81, 0x00, 0x03, 0x61, 0x00, 0x61, 0x00, 0x60, 0x00, 0x60, 0x00, 0x83, 0x40,
    0x00, 0x84, 0x20, 0x00, 0x9B, 0x00, 0x00, 0x99, 0x00, 0x00, 0x83, 0x20, 0x00, 0x84, 0x40, 0x00,
    0x83, 0x61, 0x00, 0x82, 0x81, 0x00, 0x05, 0xA1, 0x00, 0xA1, 0x00, 0xA1, 0x08, 0xC1, 0x08, 0xC2,
    0x08, 0xC2, 0x08, 0x82, 0xE2, 0x08, 0x04, 0x02, 0x09, 0x02, 0x09, 0x4D, 0x3D, 0x52, 0x4F, 0x32,
    0x4F, 0x84, 0x52, 0x4F, 0x03, 0x32, 0x4F, 0x52, 0x4F, 0xCE, 0x3D, 0x45, 0x12, 0x8A, 0xA6, 0x1A,
    0x86, 0xC6, 0x1A, 0x8B, 0xE7, 0x1A, 0x05, 0x07, 0x1B, 0xC6, 0x1A, 0x88, 0x23, 0xF1, 0x46, 0x11,
    0x47, 0x11, 0x47, 0x85, 0x31, 0x47, 0x04, 0x10, 0x47, 0x31, 0x47, 0x0C, 0x35, 0x86, 0x1A, 0xE7,
    0x1A, 0x86, 0xC6, 0x1A, 0x87, 0xA6, 0x1A, 0x85, 0x86, 0x1A, 0x05, 0x65, 0x12, 0x86, 0x1A, 0x25,
    0x12, 0x8D, 0x35, 0x10, 0x47, 0xF0, 0x3E, 0x82, 0x10, 0x47, 0x06, 0x10, 0x3F, 0x10, 0x3F, 0xF0,
    0x3E, 0x10, 0x3F, 0x0B, 0x2D, 0xE2, 0x08, 0xE2, 0x08, 0x82, 0xC1, 0x00, 0x83, 0xA1, 0x00, 0x82,
    0x81, 0x00, 0x03, 0x61, 0x00, 0x61, 0x00, 0x60, 0x00, 0x60, 0x00, 0x83, 0x40, 0x00, 0x84, 0x20,
    0x00, 0x9B, 0x00, 0x00, 0x99, 0x00, 0x00, 0x83, 0x20, 0x00, 0x85, 0x40, 0x00, 0x82, 0x61, 0x00,
    0x82, 0x81, 0x00, 0x05, 0xA1, 0x00, 0xA1, 0x00, 0xA1, 0x08, 0xC1, 0x08, 0xC2, 0x08, 0xC2, 0x08,
    0x82, 0xE2, 0x08, 0x04, 0x02, 0x09, 0x02, 0x09, 0x4D, 0x3D, 0x52, 0x4F, 0x32, 0x4F, 0x84, 0x52,
    0x4F, 0x06, 0x32, 0x4F, 0x52, 0x4F, 0xCE, 0x3D, 0x45, 0x12, 0xA6, 0x1A, 0x86, 0x1A, 0x86, 0x1A,
    0x88, 0xA6, 0x1A, 0x88, 0xC6, 0x1A, 0x82, 0xC7, 0x1A, 0x85, 0xE7, 0x1A, 0x04, 0x07, 0x1B, 0xA6,
    0x1A, 0x6D, 0x35, 0x31, 0x47, 0x11, 0x47, 0x85, 0x31, 0x47, 0x03, 0x11, 0x47, 0x11, 0x47, 0xD0,
    0x46, 0x27, 0x1B, 0x86, 0xC6, 0x1A, 0x87, 0xA6, 0x1A, 0x86, 0x86, 0x1A, 0x07, 0x65, 0x12, 0x65,
    0x12, 0x85, 0x12, 0x25, 0x12, 0x8D, 0x35, 0x10, 0x47, 0xF0, 0x3E, 0x10, 0x47, 0x83, 0x10, 0x3F,
    0x04, 0xEF, 0x3E, 0x10, 0x3F, 0x0B, 0x2D, 0xE2, 0x08, 0xE2, 0x08, 0x82, 0xC1, 0x00, 0x83, 0xA1,
    0x00, 0x82, 0x81, 0x00, 0x03, 0x61, 0x00, 0x61, 0x00, 0x60, 0x00, 0x60, 0x00, 0x83, 0x40, 0x00,
    0x83, 0x20, 0x00, 0x9C, 0x00, 0x00, 0x99, 0x00, 0x00, 0x83, 0x20, 0x00, 0x85, 0x40, 0x00, 0x82,
    0x61, 0x00, 0x83, 0x81, 0x00, 0x02, 0xA1, 0x00, 0xA1, 0x00, 0xC1, 0x08, 0x82, 0xC2, 0x08, 0x06,
    0xE2, 0x08, 0xE2, 0x08, 0x02, 0x09, 0x02, 0x09, 0x4D, 0x3D, 0x52, 0x4F, 0x32, 0x4F, 0x84, 0x52,
    0x4F, 0x04, 0x32, 0x4F, 0x32, 0x4F, 0xCE, 0x3D, 0x45, 0x12, 0xA6, 0x1A, 0x82, 0x86, 0x1A, 0x89,
    0xA6, 0x1A, 0x89, 0xC6, 0x1A, 0x84, 0xC7, 0x1A, 0x05, 0xE7, 0x1A, 0xA6, 0x1A, 0x68, 0x23, 0xF0,
    0x46, 0x11, 0x47, 0x11, 0x47, 0x85, 0x31, 0x47, 0x03, 0x10, 0x47, 0x11, 0x47, 0x0C, 0x35, 0x86,
    0x1A, 0x85, 0xC6, 0x1A, 0x87, 0xA6, 0x1A, 0x86, 0x86, 0x1A, 0x83, 0x65, 0x12, 0x03, 0x24, 0x12,
    0x8D, 0x35, 0x10, 0x47, 0xF0, 0x3E, 0x84, 0x10, 0x3F, 0x04, 0xEF, 0x3E, 0x10, 0x3F, 0x0B, 0x2D,
    0xE2, 0x08, 0xE2, 0x08, 0x82, 0xC1, 0x00, 0x83, 0xA1, 0x00, 0x82, 0x81, 0x00, 0x03, 0x61, 0x00,
    0x61, 0x00, 0x60, 0x00, 0x60, 0x00, 0x82, 0x40, 0x00, 0x84, 0x20, 0x00, 0x9C, 0x00, 0x00, 0x99,
    0x00, 0x00, 0x84, 0x20, 0x00, 0x84, 0x40, 0x00, 0x02, 0x60, 0x00, 0x61, 0x00, 0x61, 0x00, 0x83,
    0x81, 0x00, 0x82, 0xA1, 0x00, 0x82, 0xC2, 0x08, 0x06, 0xE2, 0x08, 0xE2, 0x08, 0x02, 0x09, 0x02,
    0x09, 0x4D, 0x3D, 0x52, 0x4F, 0x32, 0x4F, 0x82, 0x52, 0x4F, 0x83, 0x32, 0x4F, 0x02, 0xCE, 0x3D,
    0x25, 0x12, 0xA6, 0x1A, 0x83, 0x86, 0x1A, 0x8A, 0xA6, 0x1A, 0x00, 0xC6, 0x1A, 0x83, 0xA6, 0x1A,
    0x87, 0xC6, 0x1A, 0x04, 0xE7, 0x1A, 0x86, 0x1A, 0x4D, 0x35, 0x31, 0x47, 0x11, 0x47, 0x84, 0x31,
    0x47, 0x82, 0x11, 0x47, 0x02, 0xD0, 0x46, 0x27, 0x1B, 0xA6, 0x1A, 0x82, 0xC6, 0x1A, 0x89, 0xA6,
    0x1A, 0x86, 0x86, 0x1A, 0x84, 0x65, 0x12, 0x03, 0x24, 0x12, 0x8C, 0x35, 0x10, 0x3F, 0xF0, 0x3E,
    0x84, 0x10, 0x3F, 0x04, 0xEF, 0x3E, 0x10, 0x3F, 0x0B, 0x2D, 0xE2, 0x08, 0xE2, 0x08, 0x82, 0xC1,
    0x00, 0x83, 0xA1, 0x00, 0x82, 0x81, 0x00, 0x02, 0x61, 0x00, 0x61, 0x00, 0x60, 0x00, 0x83, 0x40,
    0x00, 0x83, 0x20, 0x00, 0x9D, 0x00, 0x00, 0x99, 0x00, 0x00, 0x84, 0x20, 0x00, 0x84, 0x40, 0x00,
    0x02, 0x60, 0x00, 0x61, 0x00, 0x61, 0x00, 0x83, 0x81, 0x00, 0x82, 0xA1, 0x00, 0x82, 0xC2, 0x08,
    0x08, 0xE2, 0x08, 0xE2, 0x08, 0x02, 0x09, 0x02, 0x09, 0x4D, 0x3D, 0x52, 0x4F, 0x31, 0x4F, 0x52,
    0x4F, 0x52, 0x4F, 0x82, 0x32, 0x4F, 0x03, 0x31, 0x4F, 0x32, 0x4F, 0xCE, 0x3D, 0x25, 0x12, 0x85,
    0x86, 0x1A, 0x01, 0xA6, 0x1A, 0x86, 0x1A, 0x8E, 0xA6, 0x1A, 0x85, 0xC6, 0x1A, 0x04, 0xA6, 0x1A,
    0x48, 0x23, 0xF0, 0x46, 0x11, 0x47, 0x11, 0x47, 0x82, 0x31, 0x47, 0x82, 0x11, 0x47, 0x04, 0x10,
    0x47, 0x10, 0x47, 0x0C, 0x35, 0x65, 0x1A, 0xC6, 0x1A, 0x8B, 0xA6, 0x1A, 0x85, 0x86, 0x1A, 0x86,
    0x65, 0x12, 0x03, 0x04, 0x12, 0x8C, 0x35, 0x10, 0x3F, 0xF0, 0x3E, 0x84, 0x10, 0x3F, 0x06, 0xEF,
    0x3E, 0x10, 0x3F, 0x0B, 0x2D, 0xE2, 0x08, 0xE2, 0x08, 0xC1, 0x00, 0xC1, 0x00, 0x84, 0xA1, 0x00,
    0x82, 0x81, 0x00, 0x02, 0x61, 0x00, 0x61, 0x00, 0x60, 0x00, 0x82, 0x40, 0x00, 0x84, 0x20, 0x00,
    0x9D, 0x00, 0x00, 0x99, 0x00, 0x00, 0x85, 0x20, 0x00, 0x83, 0x40, 0x00, 0x02, 0x60, 0x00, 0x61,
    0x00, 0x61, 0x00, 0x83, 0x81, 0x00, 0x82, 0xA1, 0x00, 0x09, 0xC1, 0x08, 0xC2, 0x08, 0xC2, 0x08,
    0xE2, 0x08, 0xE2, 0x08, 0x02, 0x09, 0x02, 0x09, 0x4D, 0x3D, 0x52, 0x4F, 0x31, 0x4F, 0x82, 0x32,
    0x4F, 0x83, 0x31, 0x4F, 0x01, 0xAE, 0x3D, 0x25, 0x12, 0x89, 0x86, 0x1A, 0x90, 0xA6, 0x1A, 0x05,
    0xC6, 0x1A, 0xC6, 0x1A, 0x66, 0x1A, 0x4C, 0x35, 0x31, 0x47, 0x11, 0x47, 0x82, 0x31, 0x47, 0x82,
    0x11, 0x47, 0x03, 0x10, 0x47, 0x10, 0x47, 0xD0, 0x46, 0x07, 0x1B, 0x8B, 0xA6, 0x1A, 0x00, 0x86,
    0x1A, 0x82, 0x86, 0x12, 0x01, 0x85, 0x12, 0x85, 0x12, 0x88, 0x65, 0x12, 0x03, 0x04, 0x12, 0x8C,
    0x35, 0x10, 0x3F, 0xF0, 0x3E, 0x84, 0x10, 0x3F, 0x06, 0xEF, 0x3E, 0xF0, 0x3E, 0x0B, 0x2D, 0xE2,
    0x08, 0xE2, 0x08, 0xC1, 0x00, 0xC1, 0x00, 0x83, 0xA1, 0x00, 0x82, 0x81, 0x00, 0x82, 0x61, 0x00,
    0x83, 0x40, 0x00, 0x84, 0x20, 0x00, 0x9D, 0x00, 0x00, 0x99, 0x00, 0x00, 0x86, 0x20, 0x00, 0x82,
    0x40, 0x00, 0x02, 0x60, 0x00, 0x61, 0x00, 0x61, 0x00, 0x84, 0x81, 0x00, 0x0C, 0xA1, 0x00, 0xA1,
    0x00, 0xC1, 0x08, 0xC1, 0x08, 0xC2, 0x08, 0xC2, 0x08, 0xE2, 0x08, 0x02, 0x09, 0x02, 0x09, 0x4D,
    0x35, 0x32, 0x4F, 0x31, 0x4F, 0x32, 0x4F, 0x85, 0x31, 0x4F, 0x01, 0xAE, 0x3D, 0x25, 0x12, 0x8D,
    0x86, 0x1A, 0x8E, 0xA6, 0x1A, 0x04, 0xE7, 0x1A, 0xD0, 0x46, 0x31, 0x47, 0x11, 0x47, 0x31, 0x47,
    0x82, 0x11, 0x47, 0x83, 0x10, 0x47, 0x01, 0x0B, 0x35, 0x65, 0x12, 0x87, 0xA6, 0x1A, 0x82, 0x86,
    0x1A, 0x82, 0x86, 0x12, 0x01, 0x85, 0x12, 0x85, 0x12, 0x8A, 0x65, 0x12, 0x03, 0x04, 0x12, 0x8C,
    0x35, 0x10, 0x3F, 0xF0, 0x3E, 0x84, 0x10, 0x3F, 0x06, 0xEF, 0x3E, 0xF0, 0x3E, 0x0B, 0x2D, 0xC2,
    0x08, 0xE2, 0x08, 0xC1, 0x00, 0xC1, 0x00, 0x82, 0xA1, 0x00, 0x83, 0x81, 0x00, 0x02, 0x61, 0x00,
    0x61, 0x00, 0x60, 0x00, 0x83, 0x40, 0x00, 0x84, 0x20, 0x00, 0x9D, 0x00, 0x00, 0x99, 0x00, 0x00,
    0x86, 0x20, 0x00, 0x82, 0x40, 0x00, 0x02, 0x60, 0x00, 0x61, 0x00, 0x61, 0x00, 0x84, 0x81, 0x00,
    0x0A, 0xA1, 0x00, 0xA1, 0x00, 0xA1, 0x08, 0xC1, 0x08, 0xC2, 0x08, 0xC2, 0x08, 0xE2, 0x08, 0x02,
    0x09, 0xE2, 0x08, 0x4D, 0x35, 0x32, 0x4F, 0x87, 0x31, 0x4F, 0x01, 0xAE, 0x3D, 0x25, 0x12, 0x92,
    0x86, 0x1A, 0x88, 0xA6, 0x1A, 0x03, 0x66, 0x1A, 0x88, 0x23, 0x31, 0x47, 0x31, 0x47, 0x83, 0x11,
    0x47, 0x83, 0x10, 0x47, 0x02, 0xD0, 0x46, 0x07, 0x1B, 0x86, 0x1A, 0x85, 0xA6, 0x1A, 0x82, 0x86,
    0x1A, 0x83, 0x86, 0x12, 0x01, 0x85, 0x12, 0x85, 0x12, 0x8B, 0x65, 0x12, 0x03, 0x04, 0x12, 0x8C,
    0x35, 0x10, 0x3F, 0xF0, 0x3E, 0x82, 0x10, 0x3F, 0x08, 0xF0, 0x3E, 0xF0, 0x3E, 0xEF, 0x3E, 0xF0,
    0x3E, 0x0B, 0x2D, 0xC2, 0x08, 0xE2, 0x08, 0xC1, 0x00, 0xC1, 0x00, 0x82, 0xA1, 0x00, 0x83, 0x81,
    0x00, 0x02, 0x61, 0x00, 0x61, 0x00, 0x60, 0x00, 0x83, 0x40, 0x00, 0x84, 0x20, 0x00, 0x9D, 0x00,
    0x00, 0x99, 0x00, 0x00, 0x86, 0x20, 0x00, 0x83, 0x40, 0x00, 0x82, 0x61, 0x00, 0x83, 0x81, 0x00,
    0x05, 0xA1, 0x00, 0xA1, 0x00, 0xA1, 0x08, 0xC1, 0x08, 0xC2, 0x08, 0xC2, 0x08, 0x82, 0xE2, 0x08,
    0x00, 0x4D, 0x35, 0x88, 0x31, 0x4F, 0x04, 0xAE, 0x3D, 0x05, 0x12, 0x86, 0x1A, 0x66, 0x1A, 0x66,
    0x1A, 0x93, 0x86, 0x1A, 0x84, 0xA6, 0x1A, 0x01, 0x66, 0x1A, 0x68, 0x23, 0x83, 0x11, 0x47, 0x85,
    0x10, 0x47, 0x01, 0xEB, 0x2C, 0x45, 0x12, 0x84, 0xA6, 0x1A, 0x83, 0x86, 0x1A, 0x82, 0x86, 0x12,
    0x8D, 0x65, 0x12, 0x06, 0x45, 0x12, 0x65, 0x12, 0x04, 0x12, 0x8C, 0x35, 0x10, 0x3F, 0xEF, 0x3E,
    0x10, 0x3F, 0x83, 0xF0, 0x3E, 0x06, 0xEF, 0x3E, 0xEF, 0x3E, 0x0B, 0x2D, 0xC2, 0x08, 0xE2, 0x08,
    0xC1, 0x00, 0xC1, 0x00, 0x82, 0xA1, 0x00, 0x83, 0x81, 0x00, 0x02, 0x61, 0x00, 0x60, 0x00, 0x60,
    0x00, 0x83, 0x40, 0x00, 0x84, 0x20, 0x00, 0x9D, 0x00, 0x00, 0x99, 0x00, 0x00, 0x86, 0x20, 0x00,
    0x83, 0x40, 0x00, 0x82, 0x61, 0x00, 0x83, 0x81, 0x00, 0x03, 0xA1, 0x00, 0xA1, 0x00, 0xA1, 0x08,
    0xC1, 0x08, 0x82, 0xC2, 0x08, 0x02, 0xE2, 0x08, 0xE2, 0x08, 0x4D, 0x35, 0x88, 0x31, 0x4F, 0x02,
    0xAE, 0x3D, 0x05, 0x12, 0x86, 0x1A, 0x82, 0x66, 0x1A, 0x83, 0x86, 0x1A, 0x00, 0x66, 0x1A, 0x91,
    0x86, 0x1A, 0x03, 0xA6, 0x1A, 0x86, 0x1A, 0xC6, 0x1A, 0xAF, 0x46, 0x87, 0x10, 0x47, 0x03, 0xD0,
    0x46, 0xE7, 0x1A, 0x86, 0x1A, 0xA6, 0x1A, 0x85, 0x86, 0x1A, 0x82, 0x86, 0x12, 0x8E, 0x65, 0x12,
    0x06, 0x45, 0x12, 0x45, 0x12, 0x65, 0x12, 0x04, 0x12, 0x8C, 0x35, 0x10, 0x3F, 0xEF, 0x3E, 0x82,
    0xF0, 0x3E, 0x83, 0xEF, 0x3E, 0x04, 0x0B, 0x2D, 0xC1, 0x08, 0xE2, 0x08, 0xC1, 0x00, 0xC1, 0x00,
    0x82, 0xA1, 0x00, 0x83, 0x81, 0x00, 0x02, 0x61, 0x00, 0x60, 0x00, 0x60, 0x00, 0x83, 0x40, 0x00,
    0x84, 0x20, 0x00, 0x9D, 0x00, 0x00, 0x99, 0x00, 0x00, 0x86, 0x20, 0x00, 0x83, 0x40, 0x00, 0x82,
    0x61, 0x00, 0x83, 0x81, 0x00, 0x03, 0xA1, 0x00, 0xA1, 0x00, 0xA1, 0x08, 0xC1, 0x08, 0x82, 0xC2,
    0x08, 0x02, 0xE2, 0x08, 0xE2, 0x08, 0x4D, 0x35, 0x88, 0x31, 0x4F, 0x03, 0xAE, 0x3D, 0x05, 0x12,
    0x86, 0x1A, 0x65, 0x1A, 0x88, 0x66, 0x1A, 0x90, 0x86, 0x1A, 0x04, 0xA6, 0x1A, 0x45, 0x12, 0xCB,
    0x2C, 0x10, 0x47, 0xF0, 0x46, 0x83, 0x10, 0x47, 0x03, 0xF0, 0x46, 0x10, 0x47, 0xCB, 0x2C, 0x25,
    0x12, 0x82, 0x86, 0x1A, 0x02, 0x85, 0x1A, 0x86, 0x1A, 0x86, 0x1A, 0x82, 0x86, 0x12, 0x90, 0x65,
    0x12, 0x08, 0x45, 0x12, 0x45, 0x12, 0x65, 0x12, 0x04, 0x12, 0x8C, 0x35, 0xF0, 0x3E, 0xEF, 0x3E,
    0xF0, 0x3E, 0xF0, 0x3E, 0x84, 0xEF, 0x3E, 0x04, 0x0B, 0x2D, 0xC1, 0x08, 0xC2, 0x08, 0xC1, 0x00,
    0xC1, 0x00, 0x82, 0xA1, 0x00, 0x83, 0x81, 0x00, 0x02, 0x61, 0x00, 0x60, 0x00, 0x60, 0x00, 0x83,
    0x40, 0x00, 0x84, 0x20, 0x00, 0x9D, 0x00, 0x00, 0x9A, 0x00, 0x00, 0x85, 0x20, 0x00, 0x83, 0x40,
    0x00, 0x82, 0x61, 0x00, 0x83, 0x81, 0x00, 0x82, 0xA1, 0x00, 0x00, 0xA1, 0x08, 0x82, 0xC2, 0x08,
    0x02, 0xE2, 0x08, 0xE2, 0x08, 0x4D, 0x35, 0x88, 0x31, 0x4F, 0x04, 0xAD, 0x3D, 0x05, 0x12, 0x66,
    0x1A, 0x65, 0x1A, 0x65, 0x1A, 0x8C, 0x66, 0x1A, 0x8E, 0x86, 0x1A, 0x00, 0xAD, 0x35, 0x85, 0x10,
    0x47, 0x03, 0xAD, 0x35, 0x85, 0x12, 0x85, 0x12, 0x86, 0x1A, 0x83, 0x85, 0x1A, 0x00, 0x85, 0x12,
    0x90, 0x65, 0x12, 0x84, 0x45, 0x12, 0x03, 0x65, 0x12, 0x04, 0x12, 0x8C, 0x35, 0xF0, 0x3E, 0x87,
    0xEF, 0x3E, 0x04, 0x0B, 0x2D, 0xC1, 0x08, 0xC2, 0x08, 0xC1, 0x00, 0xC1, 0x00, 0x82, 0xA1, 0x00,
    0x82, 0x81, 0x00, 0x03, 0x61, 0x00, 0x61, 0x00, 0x60, 0x00, 0x60, 0x00, 0x83, 0x40, 0x00, 0x84,
    0x20, 0x00, 0x9D, 0x00, 0x00, 0x9B, 0x00, 0x00, 0x84, 0x20, 0x00, 0x83, 0x40, 0x00, 0x82, 0x61,
    0x00, 0x83, 0x81, 0x00, 0x82, 0xA1, 0x00, 0x06, 0xA1, 0x08, 0xC1, 0x08, 0xC2, 0x08, 0xC2, 0x08,
    0xE2, 0x08, 0xE2, 0x08, 0x4C, 0x35, 0x88, 0x31, 0x4F, 0x02, 0xAD, 0x3D, 0x05, 0x12, 0x66, 0x1A,
    0x85, 0x65, 0x1A, 0x88, 0x66, 0x1A, 0x82, 0x65, 0x1A, 0x84, 0x66, 0x1A, 0x85, 0x86, 0x1A, 0x0A,
    0x65, 0x12, 0x65, 0x1A, 0xAB, 0x2C, 0x6F, 0x3E, 0x10, 0x47, 0x10, 0x47, 0x6F, 0x3E, 0xAB, 0x2C,
    0x65, 0x12, 0x65, 0x12, 0x86, 0x1A, 0x82, 0x85, 0x1A, 0x92, 0x65, 0x12, 0x85, 0x45, 0x12, 0x03,
    0x65, 0x12, 0xE4, 0x11, 0x8C, 0x35, 0xF0, 0x3E, 0x87, 0xEF, 0x3E, 0x03, 0x0B, 0x2D, 0xC1, 0x00,
    0xC2, 0x00, 0xC1, 0x00, 0x82, 0xA1, 0x00, 0x83, 0x81, 0x00, 0x02, 0x61, 0x00, 0x61, 0x00, 0x60,
    0x00, 0x84, 0x40, 0x00, 0x84, 0x20, 0x00, 0x9D, 0x00, 0x00, 0x9B, 0x00, 0x00, 0x84, 0x20, 0x00,
    0x83, 0x40, 0x00, 0x83, 0x61, 0x00, 0x82, 0x81, 0x00, 0x82, 0xA1, 0x00, 0x08, 0xA1, 0x08, 0xC1,
    0x08, 0xC1, 0x08, 0xC2, 0x08, 0xE2, 0x08, 0xE2, 0x08, 0x4C, 0x35, 0x31, 0x4F, 0x11, 0x4F, 0x86,
    0x31, 0x4F, 0x02, 0xAD, 0x3D, 0x05, 0x12, 0x66, 0x1A, 0x87, 0x65, 0x1A, 0x85, 0x66, 0x1A, 0x87,
    0x65, 0x1A, 0x86, 0x66, 0x1A, 0x09, 0x86, 0x1A, 0x65, 0x1A, 0x25, 0x12, 0x86, 0x1A, 0x07, 0x1B,
    0x07, 0x1B, 0x86, 0x1A, 0x25, 0x12, 0x65, 0x1A, 0x85, 0x1A, 0x82, 0x65, 0x1A, 0x8F, 0x65, 0x12,
    0x01, 0x45, 0x12, 0x65, 0x12, 0x88, 0x45, 0x12, 0x01, 0xE4, 0x11, 0x8C, 0x35, 0x86, 0xEF, 0x3E,
    0x02, 0xCF, 0x3E, 0xEF, 0x3E, 0x0B, 0x2D, 0x82, 0xC1, 0x00, 0x82, 0xA1, 0x00, 0x83, 0x81, 0x00,
    0x02, 0x61, 0x00, 0x61, 0x00, 0x60, 0x00, 0x84, 0x40, 0x00, 0x84, 0x20, 0x00, 0x9D, 0x00, 0x00,
    0x9B, 0x00, 0x00, 0x85, 0x20, 0x00, 0x83, 0x40, 0x00, 0x82, 0x61, 0x00, 0x83, 0x81, 0x00, 0x82,
    0xA1, 0x00, 0x07, 0xC1, 0x08, 0xC1, 0x08, 0xC2, 0x08, 0xE2, 0x08, 0xE2, 0x08, 0x2C, 0x35, 0x31,
    0x4F, 0x11, 0x4F, 0x84, 0x31, 0x4F, 0x04, 0x31, 0x47, 0x31, 0x4F, 0xAD, 0x3D, 0x05, 0x12, 0x66,
    0x1A, 0x89, 0x65, 0x1A, 0x03, 0x66, 0x1A, 0x66, 0x1A, 0x65, 0x1A, 0x65, 0x1A, 0x82, 0x65, 0x12,
    0x89, 0x65, 0x1A, 0x83, 0x65, 0x12, 0x05, 0x65, 0x1A, 0x65, 0x1A, 0x45, 0x12, 0x45, 0x12, 0x65,
    0x12, 0x85, 0x1A, 0x82, 0x65, 0x1A, 0x8A, 0x65, 0x12, 0x82, 0x45, 0x12, 0x01, 0x65, 0x12, 0x65,
    0x12, 0x8C, 0x45, 0x12, 0x01, 0xE4, 0x11, 0x6C, 0x35, 0x86, 0xEF, 0x3E, 0x02, 0xCF, 0x3E, 0xEF,
    0x3E, 0x0B, 0x2D, 0x82, 0xC1, 0x00, 0x82, 0xA1, 0x00, 0x83, 0x81, 0x00, 0x02, 0x61, 0x00, 0x61,
    0x00, 0x60, 0x00, 0x83, 0x40, 0x00, 0x85, 0x20, 0x00, 0x9D, 0x00, 0x00, 0x9B, 0x00, 0x00, 0x86,
    0x20, 0x00, 0x82, 0x40, 0x00, 0x02, 0x60, 0x00, 0x61, 0x00, 0x61, 0x00, 0x83, 0x81, 0x00, 0x82,
    0xA1, 0x00, 0x07, 0xC1, 0x00, 0xC1, 0x08, 0xC2, 0x08, 0xE2, 0x08, 0xE2, 0x08, 0x2C, 0x35, 0x31,
    0x4F, 0x11, 0x4F, 0x84, 0x31, 0x4F, 0x05, 0x31, 0x47, 0x31, 0x4F, 0xAD, 0x3D, 0x05, 0x12, 0x66,
    0x1A, 0x45, 0x1A, 0x8A, 0x65, 0x1A, 0x00, 0x45, 0x12, 0x87, 0x65, 0x12, 0x83, 0x65, 0x1A, 0x92,
    0x65, 0x12, 0x98, 0x45, 0x12, 0x01, 0xE4, 0x11, 0x6C, 0x35, 0x86, 0xEF, 0x3E, 0x02, 0xCF, 0x3E,
    0xEF, 0x3E, 0x0B, 0x2D, 0x82, 0xC1, 0x00, 0x82, 0xA1, 0x00, 0x83, 0x81, 0x00, 0x02, 0x61, 0x00,
    0x61, 0x00, 0x60, 0x00, 0x83, 0x40, 0x00, 0x85, 0x20, 0x00, 0x9D, 0x00, 0x00, 0x9B, 0x00, 0x00,
    0x86, 0x20, 0x00, 0x82, 0x40, 0x00, 0x02, 0x60, 0x00, 0x61, 0x00, 0x61, 0x00, 0x83, 0x81, 0x00,
    0x82, 0xA1, 0x00, 0x07, 0xC1, 0x00, 0xC1, 0x00, 0xC2, 0x08, 0xE2, 0x08, 0xC2, 0x08, 0x2C, 0x35,
    0x31, 0x4F, 0x11, 0x4F, 0x84, 0x31, 0x4F, 0x06, 0x11, 0x47, 0x31, 0x4F, 0xAD, 0x3D, 0x04, 0x12,
    0x65, 0x1A, 0x45, 0x1A, 0x45, 0x1A, 0x85, 0x65, 0x1A, 0x03, 0x45, 0x1A, 0x65, 0x1A, 0x65, 0x12,
    0x65, 0x12, 0x83, 0x45, 0x12, 0x00, 0x65, 0x12, 0x83, 0x45, 0x12, 0x91, 0x65, 0x12, 0x9D, 0x45,
    0x12, 0x01, 0xE4, 0x11, 0x6C, 0x2D, 0x86, 0xEF, 0x3E, 0x04, 0xCF, 0x3E, 0xEF, 0x3E, 0x0B, 0x2D,
    0xC1, 0x00, 0xC1, 0x00, 0x83, 0xA1, 0x00, 0x83, 0x81, 0x00, 0x02, 0x61, 0x00, 0x61, 0x00, 0x60,
    0x00, 0x83, 0x40, 0x00, 0x85, 0x20, 0x00, 0x9D, 0x00, 0x00, 0x9B, 0x00, 0x00, 0x86, 0x20, 0x00,
    0x82, 0x40, 0x00, 0x02, 0x60, 0x00, 0x61, 0x00, 0x61, 0x00, 0x83, 0x81, 0x00, 0x82, 0xA1, 0x00,
    0x07, 0xC1, 0x00, 0xC1, 0x00, 0xC2, 0x00, 0xE2, 0x08, 0xC2, 0x08, 0x2C, 0x35, 0x31, 0x4F, 0x11,
    0x47, 0x84, 0x31, 0x4F, 0x07, 0x11, 0x47, 0x31, 0x47, 0xAD, 0x3D, 0x04, 0x12, 0x65, 0x1A, 0x45,
    0x12, 0x45, 0x12, 0x65, 0x1A, 0x85, 0x45, 0x1A, 0x02, 0x45, 0x12, 0x45, 0x12, 0x65, 0x12, 0xB6,
    0x45, 0x12, 0x03, 0x25, 0x12, 0x45, 0x12, 0xE4, 0x11, 0x6C, 0x2D, 0x86, 0xEF, 0x3E, 0x04, 0xCF,
    0x3E, 0xEF, 0x3E, 0x0B, 0x2D, 0xC1, 0x00, 0xC1, 0x00, 0x82, 0xA1, 0x00, 0x83, 0x81, 0x00, 0x82,
    0x61, 0x00, 0x00, 0x60, 0x00, 0x83, 0x40, 0x00, 0x85, 0x20, 0x00, 0x9D, 0x00, 0x00, 0x9B, 0x00,
    0x00, 0x86, 0x20, 0x00, 0x82, 0x40, 0x00, 0x00, 0x60, 0x00, 0x82, 0x61, 0x00, 0x83, 0x81, 0x00,
    0x82, 0xA1, 0x00, 0x06, 0xC1, 0x00, 0xC1, 0x00, 0xE2, 0x08, 0xC2, 0x08, 0x2C, 0x35, 0x31, 0x4F,
    0x11, 0x47, 0x83, 0x31, 0x4F, 0x05, 0x31, 0x47, 0x11, 0x47, 0x31, 0x47, 0xAD, 0x3D, 0x04, 0x12,
    0x65, 0x1A, 0x83, 0x45, 0x12, 0x82, 0x45, 0x1A, 0xBA, 0x45, 0x12, 0x04, 0x25, 0x12, 0x25, 0x12,
    0x45, 0x12, 0xE4, 0x11, 0x6C, 0x2D, 0x86, 0xEF, 0x3E, 0x04, 0xCF, 0x3E, 0xEF, 0x3E, 0x0B, 0x2D,
    0xC1, 0x00, 0xC1, 0x00, 0x82, 0xA1, 0x00, 0x83, 0x81, 0x00, 0x82, 0x61, 0x00, 0x00, 0x60, 0x00,
    0x83, 0x40, 0x00, 0x85, 0x20, 0x00, 0x9D, 0x00, 0x00, 0x9B, 0x00, 0x00, 0x86, 0x20, 0x00, 0x82,
    0x40, 0x00, 0x00, 0x60, 0x00, 0x83, 0x61, 0x00, 0x82, 0x81, 0x00, 0x83, 0xA1, 0x00, 0x07, 0xC1,
    0x00, 0xE2, 0x08, 0xC2, 0x08, 0x2C, 0x35, 0x31, 0x4F, 0x11, 0x47, 0x31, 0x4F, 0x31, 0x4F, 0x82,
    0x31, 0x47, 0x04, 0x11, 0x47, 0x31, 0x47, 0xAD, 0x3D, 0xE4, 0x11, 0x65, 0x12, 0xBC, 0x45, 0x12,
    0x02, 0x25, 0x12, 0x45, 0x12, 0x45, 0x12, 0x83, 0x25, 0x12, 0x02, 0x45, 0x12, 0xE4, 0x11, 0x6C,
    0x2D, 0x86, 0xEF, 0x3E, 0x04, 0xCF, 0x3E, 0xEF, 0x3E, 0x0B, 0x2D, 0xC1, 0x00, 0xC1, 0x00, 0x82,
    0xA1, 0x00, 0x83, 0x81, 0x00, 0x82, 0x61, 0x00, 0x00, 0x60, 0x00, 0x83, 0x40, 0x00, 0x85, 0x20,
    0x00, 0x9D, 0x00, 0x00, 0x9B, 0x00, 0x00, 0x86, 0x20, 0x00, 0x83, 0x40, 0x00, 0x83, 0x61, 0x00,
    0x82, 0x81, 0x00, 0x83, 0xA1, 0x00, 0x06, 0xC1, 0x00, 0xE2, 0x08, 0xC2, 0x08, 0x2C, 0x35, 0x31,
    0x4F, 0x11, 0x47, 0x31, 0x4F, 0x83, 0x31, 0x47, 0x04, 0x11, 0x47, 0x31, 0x47, 0xAD, 0x35, 0xE4,
    0x11, 0x65, 0x12, 0xB4, 0x45, 0x12, 0x09, 0x25, 0x12, 0x45, 0x12, 0x45, 0x12, 0x25, 0x12, 0x25,
    0x12, 0x45, 0x12, 0x45, 0x12, 0x25, 0x12, 0x25, 0x12, 0x45, 0x12, 0x84, 0x25, 0x12, 0x02, 0x45,
    0x12, 0xC4, 0x11, 0x6C, 0x2D, 0x86, 0xEF, 0x3E, 0x04, 0xCF, 0x3E, 0xEF, 0x3E, 0x0B, 0x2D, 0xC1,
    0x00, 0xC1, 0x00, 0x82, 0xA1, 0x00, 0x83, 0x81, 0x00, 0x82, 0x61, 0x00, 0x84, 0x40, 0x00, 0x85,
    0x20, 0x00, 0x9D, 0x00, 0x00, 0x9B, 0x00, 0x00, 0x86, 0x20, 0x00, 0x83, 0x40, 0x00, 0x83, 0x61,
    0x00, 0x82, 0x81, 0x00, 0x83, 0xA1, 0x00, 0x05, 0xC1, 0x00, 0xC2, 0x08, 0xC2, 0x08, 0x2C, 0x35,
    0x31, 0x4F, 0x11, 0x47, 0x84, 0x31, 0x47, 0x03, 0x11, 0x47, 0x31, 0x47, 0x8D, 0x35, 0xE4, 0x11,
    0xA7, 0x45, 0x12, 0x00, 0x25, 0x12, 0x89, 0x45, 0x12, 0x92, 0x25, 0x12, 0x01, 0xC4, 0x11, 0x6C,
    0x2D, 0x86, 0xEF, 0x3E, 0x04, 0xCF, 0x3E, 0xEF, 0x3E, 0x0B, 0x2D, 0xC1, 0x00, 0xC1, 0x00, 0x82,
    0xA1, 0x00, 0x83, 0x81, 0x00, 0x02, 0x61, 0x00, 0x61, 0x00, 0x60, 0x00, 0x84, 0x40, 0x00, 0x85,
    0x20, 0x00, 0x9D, 0x00, 0x00, 0x9B, 0x00, 0x00, 0x87, 0x20, 0x00, 0x82, 0x40, 0x00, 0x83, 0x61,
    0x00, 0x82, 0x81, 0x00, 0x83, 0xA1, 0x00, 0x05, 0xC1, 0x00, 0xC2, 0x08, 0xC2, 0x08, 0x2C, 0x35,
    0x31, 0x47, 0x11, 0x47, 0x84, 0x31, 0x47, 0x03, 0x11, 0x47, 0x31, 0x47, 0x8D, 0x35, 0xE4, 0x11,
    0x9D, 0x45, 0x12, 0x90, 0x25, 0x12, 0x00, 0x45, 0x12, 0x92, 0x25, 0x12, 0x04, 0x24, 0x12, 0x24,
    0x12, 0x25, 0x12, 0xC4, 0x11, 0x6C, 0x2D, 0x86, 0xEF, 0x3E, 0x04, 0xCF, 0x3E, 0xEF, 0x3E, 0x0B,
    0x2D, 0xA1, 0x00, 0xC1, 0x00, 0x82, 0xA1, 0x00, 0x83, 0x81, 0x00, 0x02, 0x61, 0x00, 0x60, 0x00,
    0x60, 0x00, 0x84, 0x40, 0x00, 0x85, 0x20, 0x00, 0x9D, 0x00, 0x00, 0x9B, 0x00, 0x00, 0x87, 0x20,
    0x00, 0x82, 0x40, 0x00, 0x83, 0x61, 0x00, 0x83, 0x81, 0x00, 0x83, 0xA1, 0x00, 0x04, 0xC2, 0x08,
    0xC1, 0x08, 0x2C, 0x35, 0x31, 0x47, 0x11, 0x47, 0x84, 0x31, 0x47, 0x03, 0x11, 0x47, 0x31, 0x47,
    0x8D, 0x35, 0xE4, 0x11, 0x98, 0x45, 0x12, 0xA8, 0x25, 0x12, 0x82, 0x24, 0x12, 0x04, 0x25, 0x12,
    0xC4, 0x11, 0x6C, 0x2D, 0xEF, 0x3E, 0xCF, 0x3E, 0x84, 0xEF, 0x3E, 0x06, 0xCF, 0x3E, 0xEF, 0x3E,
    0xEB, 0x2C, 0xA1, 0x00, 0xC1, 0x00, 0xA1, 0x00, 0xA1, 0x00, 0x84, 0x81, 0x00, 0x02, 0x61, 0x00,
    0x60, 0x00, 0x60, 0x00, 0x84, 0x40, 0x00, 0x85, 0x20, 0x00, 0x9D, 0x00, 0x00, 0x9B, 0x00, 0x00,
    0x87, 0x20, 0x00, 0x82, 0x40, 0x00, 0x84, 0x61, 0x00, 0x82, 0x81, 0x00, 0x83, 0xA1, 0x00, 0x04,
    0xC2, 0x08, 0xC1, 0x08, 0x2C, 0x35, 0x31, 0x47, 0x11, 0x47, 0x84, 0x31, 0x47, 0x03, 0x11, 0x47,
    0x31, 0x47, 0x8D, 0x35, 0xE4, 0x11, 0x8F, 0x45, 0x12, 0x00, 0x25, 0x12, 0x82, 0x45, 0x12, 0xAB,
    0x25, 0x12, 0x84, 0x24, 0x12, 0x04, 0x25, 0x12, 0xC4, 0x09, 0x6C, 0x2D, 0xEF, 0x3E, 0xCF, 0x3E,
    0x84, 0xEF, 0x3E, 0x06, 0xCF, 0x3E, 0xEF, 0x3E, 0xEB, 0x2C, 0xA1, 0x00, 0xC1, 0x00, 0xA1, 0x00,
    0xA1, 0x00, 0x83, 0x81, 0x00, 0x03, 0x61, 0x00, 0x61, 0x00, 0x60, 0x00, 0x60, 0x00, 0x84, 0x40,
    0x00, 0x85, 0x20, 0x00, 0x9D, 0x00, 0x00, 0x9B, 0x00, 0x00, 0x87, 0x20, 0x00, 0x82, 0x40, 0x00,
    0x84, 0x61, 0x00, 0x82, 0x81, 0x00, 0x83, 0xA1, 0x00, 0x04, 0xC2, 0x08, 0xC1, 0x08, 0x2C, 0x35,
    0x31, 0x47, 0x11, 0x47, 0x84, 0x31, 0x47, 0x03, 0x11, 0x47, 0x31, 0x47, 0x8D, 0x35, 0xE4, 0x11,
    0x8C, 0x45, 0x12, 0x03, 0x25, 0x12, 0x25, 0x12, 0x45, 0x12, 0x45, 0x12, 0xAD, 0x25, 0x12, 0x85,
    0x24, 0x12, 0x04, 0x25, 0x12, 0xC4, 0x09, 0x6C, 0x2D, 0xEF, 0x3E, 0xCF, 0x3E, 0x84, 0xEF, 0x3E,
    0x06, 0xCF, 0x3E, 0xEF, 0x3E, 0xEB, 0x2C, 0xA1, 0x00, 0xC1, 0x00, 0xA1, 0x00, 0xA1, 0x00, 0x83,
    0x81, 0x00, 0x03, 0x61, 0x00, 0x61, 0x00, 0x60, 0x00, 0x60, 0x00, 0x84, 0x40, 0x00, 0x85, 0x20,
    0x00, 0x9D, 0x00, 0x00, 0x9B, 0x00, 0x00, 0x87, 0x20, 0x00, 0x83, 0x40, 0x00, 0x83, 0x61, 0x00,
    0x82, 0x81, 0x00, 0x83, 0xA1, 0x00, 0x04, 0xC2, 0x08, 0xC1, 0x08, 0x2C, 0x35, 0x31, 0x47, 0x11,
    0x47, 0x84, 0x31, 0x47, 0x06, 0x11, 0x47, 0x31, 0x47, 0x8D, 0x35, 0xE4, 0x11, 0x45, 0x12, 0x25,
    0x12, 0x25, 0x12, 0x83, 0x45, 0x12, 0x02, 0x25, 0x12, 0x45, 0x12, 0x45, 0x12, 0xA7, 0x25, 0x12,
    0x00, 0x24, 0x12, 0x88, 0x25, 0x12, 0x88, 0x24, 0x12, 0x04, 0x25, 0x12, 0xC4, 0x09, 0x6C, 0x2D,
    0xEF, 0x3E, 0xCF, 0x3E, 0x84, 0xEF, 0x3E, 0x06, 0xCF, 0x3E, 0xEF, 0x3E, 0xEB, 0x2C, 0xA1, 0x00,
    0xC1, 0x00, 0xA1, 0x00, 0xA1, 0x00, 0x83, 0x81, 0x00, 0x03, 0x61, 0x00, 0x61, 0x00, 0x60, 0x00,
    0x60, 0x00, 0x84, 0x40, 0x00, 0x85, 0x20, 0x00, 0x9D, 0x00, 0x00, 0x9B, 0x00, 0x00, 0x87, 0x20,
    0x00, 0x84, 0x40, 0x00, 0x82, 0x61, 0x00, 0x82, 0x81, 0x00, 0x83, 0xA1, 0x00, 0x04, 0xC1, 0x08,
    0xC1, 0x08, 0x2C, 0x35, 0x31, 0x47, 0x11, 0x47, 0x84, 0x31, 0x47, 0x04, 0x11, 0x47, 0x31, 0x47,
    0x8D, 0x35, 0xE4, 0x11, 0x45, 0x12, 0x84, 0x25, 0x12, 0x00, 0x45, 0x12, 0x9D, 0x25, 0x12, 0x85,
    0x24, 0x12, 0x82, 0x25, 0x12, 0x84, 0x24, 0x12, 0x82, 0x25, 0x12, 0x02, 0x24, 0x12, 0x25, 0x12,
    0x25, 0x12, 0x8B, 0x24, 0x12, 0x04, 0x25, 0x12, 0xC4, 0x09, 0x6C, 0x2D, 0xEF, 0x3E, 0xCF, 0x3E,
    0x84, 0xEF, 0x3E, 0x06, 0xCF, 0x36, 0xEF, 0x3E, 0xEB, 0x2C, 0xA1, 0x00, 0xC1, 0x00, 0xA1, 0x00,
    0xA1, 0x00, 0x82, 0x81, 0x00, 0x03, 0x61, 0x00, 0x61, 0x00, 0x60, 0x00, 0x60, 0x00, 0x85, 0x40,
    0x00, 0x85, 0x20, 0x00, 0x9D, 0x00, 0x00, 0x9B, 0x00, 0x00, 0x87, 0x20, 0x00, 0x84, 0x40, 0x00,
    0x02, 0x60, 0x00, 0x61, 0x00, 0x61, 0x00, 0x83, 0x81, 0x00, 0x82, 0xA1, 0x00, 0x04, 0xC1, 0x08,
    0xC1, 0x08, 0x2C, 0x35, 0x31, 0x47, 0x10, 0x47, 0x84, 0x31, 0x47, 0x04, 0x10, 0x47, 0x31, 0x47,
    0x8D, 0x35, 0xE4, 0x11, 0x45, 0x12, 0xA1, 0x25, 0x12, 0x85, 0x24, 0x12, 0x00, 0x04, 0x12, 0x88,
    0x24, 0x12, 0x00, 0x25, 0x12, 0x91, 0x24, 0x12, 0x03, 0xC4, 0x09, 0x6C, 0x2D, 0xEF, 0x3E, 0xCF,
    0x3E, 0x84, 0xEF, 0x3E, 0x06, 0xCF, 0x36, 0xEF, 0x3E, 0xEA, 0x2C, 0xA1, 0x00, 0xC1, 0x00, 0xA1,
    0x00, 0xA1, 0x00, 0x82, 0x81, 0x00, 0x03, 0x61, 0x00, 0x61, 0x00, 0x60, 0x00, 0x60, 0x00, 0x85,
    0x40, 0x00, 0x84, 0x20, 0x00, 0x9E, 0x00, 0x00, 0x9C, 0x00, 0x00, 0x86, 0x20, 0x00, 0x84, 0x40,
    0x00, 0x02, 0x60, 0x00, 0x61, 0x00, 0x61, 0x00, 0x83, 0x81, 0x00, 0x82, 0xA1, 0x00, 0x04, 0xC1,
    0x08, 0xC1, 0x08, 0x2C, 0x35, 0x31, 0x47, 0x10, 0x47, 0x84, 0x31, 0x47, 0x07, 0x10, 0x47, 0x11,
    0x47, 0x8D, 0x35, 0xE4, 0x11, 0x45, 0x12, 0x25, 0x12, 0x25, 0x12, 0x45, 0x12, 0x96, 0x25, 0x12,
    0x8E, 0x04, 0x12, 0x82, 0x24, 0x12, 0x00, 0x04, 0x12, 0x97, 0x24, 0x12, 0x03, 0xC4, 0x09, 0x6C,
    0x2D, 0xEF, 0x3E, 0xCF, 0x3E, 0x84, 0xEF, 0x3E, 0x05, 0xCE, 0x36, 0xEF, 0x3E, 0xEA, 0x2C, 0xA1,
    0x00, 0xC1, 0x00, 0xA1, 0x00, 0x83, 0x81, 0x00, 0x03, 0x61, 0x00, 0x61, 0x00, 0x60, 0x00, 0x60,
    0x00, 0x85, 0x40, 0x00, 0x84, 0x20, 0x00, 0x9E, 0x00, 0x00, 0x9C, 0x00, 0x00, 0x86, 0x20, 0x00,
    0x84, 0x40, 0x00, 0x02, 0x60, 0x00, 0x61, 0x00, 0x61, 0x00, 0x83, 0x81, 0x00, 0x82, 0xA1, 0x00,
    0x04, 0xC1, 0x08, 0xC1, 0x08, 0x2C, 0x35, 0x31, 0x47, 0x10, 0x47, 0x83, 0x31, 0x47, 0x09, 0x11,
    0x47, 0x10, 0x47, 0x11, 0x47, 0x8D, 0x35, 0xE4, 0x11, 0x45, 0x12, 0x25, 0x12, 0x25, 0x12, 0x45,
    0x12, 0x45, 0x12, 0x92, 0x25, 0x12, 0x00, 0x05, 0x12, 0x82, 0x25, 0x12, 0x90, 0x04, 0x12, 0x82,
    0x24, 0x12, 0x01, 0x04, 0x12, 0x04, 0x12, 0x93, 0x24, 0x12, 0x03, 0xC4, 0x09, 0x6B, 0x2D, 0xEF,
    0x3E, 0xCF, 0x3E, 0x84, 0xEF, 0x3E, 0x05, 0xCE, 0x36, 0xEF, 0x36, 0xEA, 0x2C, 0xA1, 0x00, 0xC1,
    0x00, 0xA1, 0x00, 0x83, 0x81, 0x00, 0x03, 0x61, 0x00, 0x61, 0x00, 0x60, 0x00, 0x60, 0x00, 0x85,
    0x40, 0x00, 0x84, 0x20, 0x00, 0x9E, 0x00, 0x00, 0x9C, 0x00, 0x00, 0x86, 0x20, 0x00, 0x84, 0x40,
    0x00, 0x00, 0x60, 0x00, 0x82, 0x61, 0x00, 0x82, 0x81, 0x00, 0x82, 0xA1, 0x00, 0x06, 0xC1, 0x08,
    0xA1, 0x00, 0x2C, 0x35, 0x31, 0x47, 0x10, 0x47, 0x31, 0x47, 0x31, 0x47, 0x82, 0x11, 0x47, 0x04,
    0x10, 0x47, 0x10, 0x47, 0x8D, 0x35, 0xE4, 0x11, 0x45, 0x12, 0x83, 0x25, 0x12, 0x00, 0x45, 0x12,
    0x92, 0x25, 0x12, 0x83, 0x05, 0x12, 0x93, 0x04, 0x12, 0x94, 0x24, 0x12, 0x03, 0xC4, 0x09, 0x6B,
    0x2D, 0xEF, 0x3E, 0xCF, 0x36, 0x84, 0xEF, 0x3E, 0x02, 0xCE, 0x36, 0xEF, 0x36, 0xEA, 0x2C, 0x82,
    0xA1, 0x00, 0x83, 0x81, 0x00, 0x03, 0x61, 0x00, 0x61, 0x00, 0x60, 0x00, 0x60, 0x00, 0x85, 0x40,
    0x00, 0x84, 0x20, 0x00, 0x9E, 0x00, 0x00, 0x9C, 0x00, 0x00, 0x86, 0x20, 0x00, 0x84, 0x40, 0x00,
    0x00, 0x60, 0x00, 0x82, 0x61, 0x00, 0x82, 0x81, 0x00, 0x82, 0xA1, 0x00, 0x05, 0xC1, 0x00, 0xA1,
    0x00, 0x2C, 0x35, 0x31, 0x47, 0x10, 0x47, 0x31, 0x47, 0x82, 0x11, 0x47, 0x82, 0x10, 0x47, 0x02,
    0x8D, 0x35, 0xC4, 0x11, 0x45, 0x12, 0x93, 0x25, 0x12, 0x01, 0x05, 0x12, 0x05, 0x12, 0x98, 0x04,
    0x12, 0x92, 0x24, 0x12, 0x06, 0x04, 0x12, 0x04, 0x12, 0x24, 0x12, 0xC4, 0x09, 0x6B, 0x2D, 0xEF,
    0x3E, 0xCF, 0x36, 0x82, 0xEF, 0x3E, 0x04, 0xEF, 0x36, 0xEF, 0x36, 0xCE, 0x36, 0xEF, 0x36, 0xEA,
    0x24, 0x82, 0xA1, 0x00, 0x83, 0x81, 0x00, 0x03, 0x61, 0x00, 0x61, 0x00, 0x60, 0x00, 0x60, 0x00,
    0x85, 0x40, 0x00, 0x84, 0x20, 0x00, 0x9E, 0x00, 0x00, 0x9C, 0x00, 0x00, 0x87, 0x20, 0x00, 0x83,
    0x40, 0x00, 0x00, 0x60, 0x00, 0x82, 0x61, 0x00, 0x83, 0x81, 0x00, 0x08, 0xA1, 0x00, 0xA1, 0x00,
    0xC1, 0x00, 0xA1, 0x00, 0x2C, 0x35, 0x31, 0x47, 0x10, 0x47, 0x11, 0x47, 0x11, 0x47, 0x84, 0x10,
    0x47, 0x02, 0x8D, 0x35, 0xC4, 0x11, 0x45, 0x12, 0x95, 0x25, 0x12, 0x97, 0x04, 0x12, 0x91, 0x24,
    0x12, 0x83, 0x04, 0x12, 0x05, 0x24, 0x12, 0xC4, 0x09, 0x6B, 0x2D, 0xEF, 0x3E, 0xCF, 0x36, 0xEF,
    0x3E, 0x83, 0xEF, 0x36, 0x02, 0xCE, 0x36, 0xCF, 0x36, 0xEA, 0x24, 0x82, 0xA1, 0x00, 0x83, 0x81,
    0x00, 0x03, 0x61, 0x00, 0x61, 0x00, 0x60, 0x00, 0x60, 0x00, 0x84, 0x40, 0x00, 0x85, 0x20, 0x00,
    0x9E, 0x00, 0x00, 0x9C, 0x00, 0x00, 0x87, 0x20, 0x00, 0x83, 0x40, 0x00, 0x00, 0x60, 0x00, 0x82,
    0x61, 0x00, 0x83, 0x81, 0x00, 0x83, 0xA1, 0x00, 0x03, 0x0C, 0x35, 0x11, 0x47, 0x10, 0x47, 0x11,
    0x47, 0x85, 0x10, 0x47, 0x02, 0x8D, 0x35, 0xC4, 0x11, 0x45, 0x12, 0x96, 0x25, 0x12, 0x94, 0x04,
    0x12, 0x82, 0x24, 0x12, 0x01, 0x04, 0x12, 0x04, 0x12, 0x85, 0x24, 0x12, 0x00, 0x04, 0x12, 0x85,
    0x24, 0x12, 0x85, 0x04, 0x12, 0x04, 0x24, 0x12, 0xC4, 0x09, 0x6B, 0x2D, 0xEF, 0x3E, 0xCF, 0x36,
    0x82, 0xEF, 0x36, 0x04, 0xCF, 0x36, 0xCF, 0x36, 0xCE, 0x36, 0xCF, 0x36, 0xEA, 0x24, 0x82, 0xA1,
    0x00, 0x83, 0x81, 0x00, 0x03, 0x61, 0x00, 0x61, 0x00, 0x60, 0x00, 0x60, 0x00, 0x84, 0x40, 0x00,
    0x85, 0x20, 0x00, 0x9E, 0x00, 0x00, 0x9C, 0x00, 0x00, 0x87, 0x20, 0x00, 0x83, 0x40, 0x00, 0x00,
    0x60, 0x00, 0x83, 0x61, 0x00, 0x83, 0x81, 0x00, 0x82, 0xA1, 0x00, 0x01, 0x0C, 0x35, 0x11, 0x47,
    0x87, 0x10, 0x47, 0x02, 0x8D, 0x35, 0xC4, 0x11, 0x45, 0x12, 0x96, 0x25, 0x12, 0x01, 0x24, 0x12,
    0x24, 0x12, 0x96, 0x04, 0x12, 0x84, 0x24, 0x12, 0x01, 0x04, 0x12, 0x04, 0x12, 0x84, 0x24, 0x12,
    0x87, 0x04, 0x12, 0x06, 0x24, 0x12, 0xC4, 0x09, 0x6B, 0x2D, 0xEF, 0x36, 0xCF, 0x36, 0xEF, 0x36,
    0xEF, 0x36, 0x82, 0xCF, 0x36, 0x04, 0xCE, 0x36, 0xCE, 0x36, 0xEA, 0x24, 0xA1, 0x00, 0xA1, 0x00,
    0x83, 0x81, 0x00, 0x01, 0x61, 0x00, 0x61, 0x00, 0x82, 0x60, 0x00, 0x84, 0x40, 0x00, 0x85, 0x20,
    0x00, 0x9E, 0x00, 0x00, 0x9C, 0x00, 0x00, 0x87, 0x20, 0x00, 0x83, 0x40, 0x00, 0x00, 0x60, 0x00,
    0x83, 0x61, 0x00, 0x83, 0x81, 0x00, 0x82, 0xA1, 0x00, 0x00, 0x0C, 0x35, 0x88, 0x10, 0x47, 0x02,
    0x8D, 0x35, 0xC4, 0x11, 0x45, 0x12, 0x94, 0x25, 0x12, 0x00, 0x24, 0x12, 0x97, 0x04, 0x12, 0x04,
    0x24, 0x12, 0x24, 0x12, 0x04, 0x12, 0x04, 0x12, 0x24, 0x12, 0x82, 0x04, 0x12, 0x82, 0x24, 0x12,
    0x8A, 0x04, 0x12, 0x04, 0x24, 0x12, 0xC4, 0x09, 0x6B, 0x2D, 0xEF, 0x36, 0xCE, 0x36, 0x83, 0xCF,
    0x36, 0x82, 0xCE, 0x36, 0x02, 0xEA, 0x24, 0xA1, 0x00, 0xA1, 0x00, 0x83, 0x81, 0x00, 0x01, 0x61,
    0x00, 0x61, 0x00, 0x82, 0x60, 0x00, 0x84, 0x40, 0x00, 0x85, 0x20, 0x00, 0x9E, 0x00, 0x00, 0x9D,
    0x00, 0x00, 0x86, 0x20, 0x00, 0x83, 0x40, 0x00, 0x00, 0x60, 0x00, 0x83, 0x61, 0x00, 0x83, 0x81,
    0x00, 0x82, 0xA1, 0x00, 0x00, 0x0C, 0x35, 0x88, 0x10, 0x47, 0x02, 0x8D, 0x35, 0xC4, 0x11, 0x45,
    0x12, 0x92, 0x25, 0x12, 0x83, 0x24, 0x12, 0x9D, 0x04, 0x12, 0x00, 0x24, 0x12, 0x8D, 0x04, 0x12,
    0x04, 0x24, 0x12, 0xC4, 0x09, 0x6B, 0x2D, 0xEF, 0x36, 0xCE, 0x36, 0x82, 0xCF, 0x36, 0x83, 0xCE,
    0x36, 0x02, 0xEA, 0x24, 0xA1, 0x00, 0xA1, 0x00, 0x83, 0x81, 0x00, 0x01, 0x61, 0x00, 0x61, 0x00,
    0x82, 0x60, 0x00, 0x84, 0x40, 0x00, 0x85, 0x20, 0x00, 0x9E, 0x00, 0x00, 0x9D, 0x00, 0x00, 0x86,
    0x20, 0x00, 0x84, 0x40, 0x00, 0x00, 0x60, 0x00, 0x82, 0x61, 0x00, 0x83, 0x81, 0x00, 0x82, 0xA1,
    0x00, 0x00, 0x0C, 0x35, 0x88, 0x10, 0x47, 0x01, 0x8D, 0x35, 0xC4, 0x11, 0x92, 0x25, 0x12, 0x01,
    0x24, 0x12, 0x24, 0x12, 0xAF, 0x04, 0x12, 0x05, 0x24, 0x12, 0xC3, 0x09, 0x4B, 0x2D, 0xCF, 0x36,
    0xCE, 0x36, 0xCF, 0x36, 0x85, 0xCE, 0x36, 0x02, 0xEA, 0x24, 0xA1, 0x00, 0xA1, 0x00, 0x83, 0x81,
    0x00, 0x03, 0x61, 0x00, 0x61, 0x00, 0x60, 0x00, 0x60, 0x00, 0x85, 0x40, 0x00, 0x85, 0x20, 0x00,
    0x9E, 0x00, 0x00, 0x9D, 0x00, 0x00, 0x86, 0x20, 0x00, 0x84, 0x40, 0x00, 0x03, 0x60, 0x00, 0x60,
    0x00, 0x61, 0x00, 0x61, 0x00, 0x83, 0x81, 0x00, 0x82, 0xA1, 0x00, 0x00, 0x0C, 0x35, 0x88, 0x10,
    0x47, 0x01, 0x8D, 0x35, 0xC4, 0x11, 0x90, 0x25, 0x12, 0x85, 0x24, 0x12, 0xAD, 0x04, 0x12, 0x03,
    0x24, 0x12, 0xC3, 0x09, 0x4B, 0x2D, 0xCF, 0x36, 0x87, 0xCE, 0x36, 0x02, 0xEA, 0x24, 0xA1, 0x00,
    0xA1, 0x00, 0x83, 0x81, 0x00, 0x03, 0x61, 0x00, 0x61, 0x00, 0x60, 0x00, 0x60, 0x00, 0x85, 0x40,
    0x00, 0x85, 0x20, 0x00, 0x9E, 0x00, 0x00, 0x9D, 0x00, 0x00, 0x86, 0x20, 0x00, 0x84, 0x40, 0x00,
    0x03, 0x60, 0x00, 0x60, 0x00, 0x61, 0x00, 0x61, 0x00, 0x83, 0x81, 0x00, 0x82, 0xA1, 0x00, 0x02,
    0x0C, 0x35, 0x10, 0x47, 0xF0, 0x46, 0x86, 0x10, 0x47, 0x01, 0x8D, 0x35, 0xC4, 0x11, 0x8F, 0x25,
    0x12, 0x83, 0x24, 0x12, 0x00, 0x04, 0x12, 0x82, 0x24, 0x12, 0xAC, 0x04, 0x12, 0x02, 0x24, 0x12,
    0xC3, 0x09, 0x4B, 0x2D, 0x86, 0xCE, 0x36, 0x04, 0xAE, 0x36, 0xCE, 0x36, 0xEA, 0x24, 0xA1, 0x00,
    0xA1, 0x00, 0x83, 0x81, 0x00, 0x03, 0x61, 0x00, 0x61, 0x00, 0x60, 0x00, 0x60, 0x00, 0x85, 0x40,
    0x00, 0x84, 0x20, 0x00, 0x9F, 0x00, 0x00, 0x9D, 0x00, 0x00, 0x87, 0x20, 0x00, 0x83, 0x40, 0x00,
    0x01, 0x60, 0x00, 0x60, 0x00, 0x82, 0x61, 0x00, 0x83, 0x81, 0x00, 0x04, 0xA1, 0x00, 0xA1, 0x00,
    0x0C, 0x35, 0x10, 0x47, 0xF0, 0x46, 0x86, 0x10, 0x47, 0x01, 0x8C, 0x35, 0xC4, 0x11, 0x8D, 0x25,
    0x12, 0x85, 0x24, 0x12, 0xB0, 0x04, 0x12, 0x02, 0x24, 0x12, 0xC3, 0x09, 0x4B, 0x2D, 0x86, 0xCE,
    0x36, 0x04, 0xAE, 0x36, 0xCE, 0x36, 0xEA, 0x24, 0xA1, 0x00, 0xA1, 0x00, 0x82, 0x81, 0x00, 0x01,
    0x61, 0x00, 0x61, 0x00, 0x82, 0x60, 0x00, 0x84, 0x40, 0x00, 0x85, 0x20, 0x00, 0x9F, 0x00, 0x00,
    0x9D, 0x00, 0x00, 0x87, 0x20, 0x00, 0x83, 0x40, 0x00, 0x01, 0x60, 0x00, 0x60, 0x00, 0x82, 0x61,
    0x00, 0x83, 0x81, 0x00, 0x04, 0xA1, 0x00, 0xA1, 0x00, 0x0C, 0x35, 0x10, 0x47, 0xF0, 0x46, 0x86,
    0x10, 0x47, 0x01, 0x6C, 0x35, 0xC4, 0x11, 0x8B, 0x25, 0x12, 0x89, 0x24, 0x12, 0xAE, 0x04, 0x12,
    0x02, 0x24, 0x12, 0xC3, 0x09, 0x4B, 0x2D, 0x86, 0xCE, 0x36, 0x04, 0xAE, 0x36, 0xCE, 0x36, 0xEA,
    0x24, 0xA1, 0x00, 0xA1, 0x00, 0x82, 0x81, 0x00, 0x01, 0x61, 0x00, 0x61, 0x00, 0x82, 0x60, 0x00,
    0x84, 0x40, 0x00, 0x85, 0x20, 0x00, 0x9F, 0x00, 0x00, 0x9D, 0x00, 0x00, 0x87, 0x20, 0x00, 0x84,
    0x40, 0x00, 0x03, 0x60, 0x00, 0x60, 0x00, 0x61, 0x00, 0x61, 0x00, 0x83, 0x81, 0x00, 0x04, 0xA1,
    0x00, 0xA1, 0x00, 0x0B, 0x2D, 0x10, 0x47, 0xF0, 0x46, 0x84, 0x10, 0x47, 0x04, 0xF0, 0x46, 0x10,
    0x47, 0x6C, 0x35, 0xC4, 0x11, 0x25, 0x12, 0x82, 0x04, 0x12, 0x86, 0x25, 0x12, 0x85, 0x24, 0x12,
    0x83, 0x04, 0x12, 0x01, 0x24, 0x12, 0x24, 0x12, 0xAD, 0x04, 0x12, 0x02, 0x24, 0x12, 0xC3, 0x09,
    0x4B, 0x2D, 0x86, 0xCE, 0x36, 0x04, 0xAE, 0x36, 0xCE, 0x36, 0xEA, 0x24, 0xA1, 0x00, 0xA1, 0x00,
    0x82, 0x81, 0x00, 0x03, 0x61, 0x00, 0x61, 0x00, 0x60, 0x00, 0x60, 0x00, 0x85, 0x40, 0x00, 0x85,
    0x20, 0x00, 0x9F, 0x00, 0x00, 0x9E, 0x00, 0x00, 0x86, 0x20, 0x00, 0x84, 0x40, 0x00, 0x01, 0x60,
    0x00, 0x60, 0x00, 0x82, 0x61, 0x00, 0x82, 0x81, 0x00, 0x04, 0xA1, 0x00, 0x81, 0x00, 0x0B, 0x2D,
    0x10, 0x47, 0xF0, 0x46, 0x84, 0x10, 0x47, 0x04, 0xF0, 0x46, 0x10, 0x47, 0x8C, 0x35, 0xC4, 0x11,
    0x25, 0x12, 0x85, 0x04, 0x12, 0x01, 0x25, 0x12, 0x25, 0x12, 0x87, 0x24, 0x12, 0xB3, 0x04, 0x12,
    0x02, 0x24, 0x12, 0xC3, 0x09, 0x4B, 0x2D, 0x86, 0xCE, 0x36, 0x08, 0xAE, 0x36, 0xCE, 0x36, 0xCA,
    0x24, 0x81, 0x00, 0xA1, 0x00, 0x81, 0x00, 0x81, 0x00, 0x61, 0x00, 0x61, 0x00, 0x82, 0x60, 0x00,
    0x85, 0x40, 0x00, 0x85, 0x20, 0x00, 0x9F, 0x00, 0x00, 0x9E, 0x00, 0x00, 0x87, 0x20, 0x00, 0x83,
    0x40, 0x00, 0x01, 0x60, 0x00, 0x60, 0x00, 0x82, 0x61, 0x00, 0x82, 0x81, 0x00, 0x04, 0xA1, 0x00,
    0x81, 0x00, 0xAB, 0x2C, 0x10, 0x47, 0xF0, 0x46, 0x84, 0x10, 0x47, 0x02, 0xF0, 0x46, 0x10, 0x47,
    0x2E, 0x3E, 0x8B, 0x04, 0x12, 0x85, 0x24, 0x12, 0xB3, 0x04, 0x12, 0x02, 0x04, 0x0A, 0x04, 0x0A,
    0xEC, 0x2D, 0x86, 0xCE, 0x36, 0x08, 0xAE, 0x36, 0xCE, 0x36, 0x89, 0x24, 0x81, 0x00, 0xA1, 0x00,
    0x81, 0x00, 0x81, 0x00, 0x61, 0x00, 0x61, 0x00, 0x82, 0x60, 0x00, 0x84, 0x40, 0x00, 0x85, 0x20,
    0x00, 0xA0, 0x00, 0x00, 0x9E, 0x00, 0x00, 0x87, 0x20, 0x00, 0x84, 0x40, 0x00, 0x03, 0x60, 0x00,
    0x60, 0x00, 0x61, 0x00, 0x61, 0x00, 0x82, 0x81, 0x00, 0x04, 0xA1, 0x00, 0x81, 0x00, 0xE9, 0x23,
    0x10, 0x47, 0xF0, 0x46, 0x86, 0x10, 0x47, 0x03, 0xF0, 0x46, 0x27, 0x1B, 0xC4, 0x11, 0x25, 0x12,
    0x8C, 0x04, 0x12, 0x01, 0x24, 0x12, 0x24, 0x12, 0xB1, 0x04, 0x12, 0x03, 0x04, 0x0A, 0x24, 0x12,
    0xA3, 0x09, 0x06, 0x1B, 0x87, 0xCE, 0x36, 0x08, 0xAE, 0x36, 0xCE, 0x36, 0xC8, 0x1B, 0x81, 0x00,
    0xA1, 0x00, 0x81, 0x00, 0x81, 0x00, 0x61, 0x00, 0x61, 0x00, 0x82, 0x60, 0x00, 0x84, 0x40, 0x00,
    0x85, 0x20, 0x00, 0xA0, 0x00, 0x00, 0x9E, 0x00, 0x00, 0x87, 0x20, 0x00, 0x84, 0x40, 0x00, 0x01,
    0x60, 0x00, 0x60, 0x00, 0x82, 0x61, 0x00, 0x06, 0x81, 0x00, 0x81, 0x00, 0xA1, 0x00, 0x81, 0x00,
    0xC6, 0x1A, 0x10, 0x47, 0xF0, 0x46, 0x85, 0x10, 0x47, 0x04, 0xF0, 0x46, 0x10, 0x47, 0x0E, 0x36,
    0x25, 0x12, 0xC4, 0x11, 0x8C, 0x25, 0x12, 0x86, 0x24, 0x12, 0x89, 0x25, 0x12, 0xA2, 0x24, 0x12,
    0x03, 0x04, 0x12, 0xC3, 0x09, 0x04, 0x12, 0xCC, 0x2D, 0x87, 0xCE, 0x36, 0x07, 0xAE, 0x36, 0xCE,
    0x36, 0xC5, 0x12, 0x81, 0x00, 0xA1, 0x00, 0x81, 0x00, 0x61, 0x00, 0x61, 0x00, 0x82, 0x60, 0x00,
    0x85, 0x40, 0x00, 0x85, 0x20, 0x00, 0xA0, 0x00, 0x00, 0x9E, 0x00, 0x00, 0x88, 0x20, 0x00, 0x83,
    0x40, 0x00, 0x01, 0x60, 0x00, 0x60, 0x00, 0x82, 0x61, 0x00, 0x05, 0x81, 0x00, 0x81, 0x00, 0xA1,
    0x00, 0x81, 0x00, 0x63, 0x09, 0xF0, 0x46, 0x87, 0x10, 0x47, 0x05, 0xF0, 0x46, 0x10, 0x3F, 0xED,
    0x35, 0xE6, 0x1A, 0xC4, 0x11, 0xC4, 0x11, 0x87, 0xA4, 0x11, 0x01, 0xA4, 0x09, 0xA4, 0x09, 0xB4,
    0xA3, 0x09, 0x02, 0xC4, 0x09, 0xC6, 0x12, 0xCC, 0x2D, 0x89, 0xCE, 0x36, 0x01, 0xAE, 0x36, 0x62,
    0x09, 0x82, 0x81, 0x00, 0x01, 0x61, 0x00, 0x61, 0x00, 0x82, 0x60, 0x00, 0x84, 0x40, 0x00, 0x86,
    0x20, 0x00, 0xA0, 0x00, 0x00, 0x9F, 0x00, 0x00, 0x87, 0x20, 0x00, 0x84, 0x40, 0x00, 0x01, 0x60,
    0x00, 0x60, 0x00, 0x82, 0x61, 0x00, 0x83, 0x81, 0x00, 0x02, 0x8D, 0x35, 0x10, 0x47, 0xF0, 0x3E,
    0x84, 0x10, 0x47, 0x06, 0x10, 0x3F, 0x10, 0x3F, 0xF0, 0x3E, 0x10, 0x3F, 0xF0, 0x3E, 0xAD, 0x35,
    0xEB, 0x2C, 0x8D, 0xCB, 0x2C, 0x98, 0xCA, 0x2C, 0x94, 0xCA, 0x24, 0x03, 0xAA, 0x24, 0xAA, 0x24,
    0xCA, 0x24, 0x8C, 0x2D, 0x89, 0xCE, 0x36, 0x02, 0xAE, 0x36, 0xCE, 0x36, 0x4B, 0x2D, 0x82, 0x81,
    0x00, 0x01, 0x61, 0x00, 0x61, 0x00, 0x82, 0x60, 0x00, 0x85, 0x40, 0x00, 0x85, 0x20, 0x00, 0xA1,
    0x00, 0x00, 0x9F, 0x00, 0x00, 0x87, 0x20, 0x00, 0x84, 0x40, 0x00, 0x01, 0x60, 0x00, 0x60, 0x00,
    0x82, 0x61, 0x00, 0x06, 0x81, 0x00, 0x81, 0x00, 0xA1, 0x00, 0x81, 0x00, 0x07, 0x1B, 0x10, 0x47,
    0xF0, 0x3E, 0x82, 0x10, 0x47, 0x84, 0x10, 0x3F, 0x00, 0xF0, 0x3E, 0x85, 0x10, 0x3F, 0x83, 0xF0,
    0x3E, 0xA4, 0xEF, 0x3E, 0x82, 0xEF, 0x36, 0x84, 0xCF, 0x36, 0x95, 0xCE, 0x36, 0x02, 0xAE, 0x36,
    0xCE, 0x36, 0xE6, 0x12, 0x82, 0x81, 0x00, 0x01, 0x61, 0x00, 0x61, 0x00, 0x82, 0x60, 0x00, 0x85,
    0x40, 0x00, 0x85, 0x20, 0x00, 0xA1, 0x00, 0x00, 0x9F, 0x00, 0x00, 0x88, 0x20, 0x00, 0x83, 0x40,
    0x00, 0x82, 0x60, 0x00, 0x82, 0x61, 0x00, 0x82, 0x81, 0x00, 0x04, 0xC1, 0x00, 0x0E, 0x36, 0x10,
    0x47, 0xF0, 0x46, 0x10, 0x47, 0x86, 0x10, 0x3F, 0x01, 0xF0, 0x3E, 0xF0, 0x3E, 0x97, 0xEF, 0x3E,
    0x8B, 0xCF, 0x3E, 0x88, 0xCF, 0x36, 0x9C, 0xCE, 0x36, 0x07, 0xAE, 0x36, 0xCE, 0x36, 0xEC, 0x2D,
    0xC1, 0x00, 0x81, 0x00, 0x81, 0x00, 0x61, 0x00, 0x61, 0x00, 0x82, 0x60, 0x00, 0x85, 0x40, 0x00,
    0x85, 0x20, 0x00, 0xA2, 0x00, 0x00, 0xA0, 0x00, 0x00, 0x87, 0x20, 0x00, 0x85, 0x40, 0x00, 0x00,
    0x60, 0x00, 0x83, 0x61, 0x00, 0x82, 0x81, 0x00, 0x02, 0x86, 0x12, 0x10, 0x47, 0xF0, 0x3E, 0x8A,
    0x10, 0x3F, 0x82, 0xF0, 0x3E, 0xA4, 0xEF, 0x3E, 0x83, 0xEF, 0x36, 0x83, 0xCF, 0x36, 0x98, 0xCE,
    0x36, 0x04, 0xAE, 0x36, 0xCE, 0x36, 0x85, 0x12, 0x81, 0x00, 0x81, 0x00, 0x82, 0x61, 0x00, 0x82,
    0x60, 0x00, 0x85, 0x40, 0x00, 0x85, 0x20, 0x00, 0xA2, 0x00, 0x00, 0xA0, 0x00, 0x00, 0x88, 0x20,
    0x00, 0x85, 0x40, 0x00, 0x00, 0x60, 0x00, 0x82, 0x61, 0x00, 0x83, 0x81, 0x00, 0x02, 0x8A, 0x2C,
    0x10, 0x3F, 0xF0, 0x3E, 0x87, 0x10, 0x3F, 0x83, 0xF0, 0x3E, 0xA4, 0xEF, 0x3E, 0x82, 0xEF, 0x36,
    0x84, 0xCF, 0x36, 0x98, 0xCE, 0x36, 0x02, 0xAE, 0x36, 0xCE, 0x36, 0x69, 0x24, 0x82, 0x81, 0x00,
    0x01, 0x61, 0x00, 0x61, 0x00, 0x82, 0x60, 0x00, 0x85, 0x40, 0x00, 0x86, 0x20, 0x00, 0xA2, 0x00,
    0x00, 0xA0, 0x00, 0x00, 0x88, 0x20, 0x00, 0x85, 0x40, 0x00, 0x01, 0x60, 0x00, 0x60, 0x00, 0x82,
    0x61, 0x00, 0x82, 0x81, 0x00, 0x03, 0xC1, 0x00, 0x6C, 0x35, 0x10, 0x3F, 0xEF, 0x3E, 0x84, 0x10,
    0x3F, 0x83, 0xF0, 0x3E, 0xA4, 0xEF, 0x3E, 0x83, 0xEF, 0x36, 0x83, 0xCF, 0x36, 0x99, 0xCE, 0x36,
    0x07, 0xAE, 0x36, 0xCE, 0x36, 0x4B, 0x25, 0xA1, 0x00, 0x81, 0x00, 0x81, 0x00, 0x61, 0x00, 0x61,
    0x00, 0x83, 0x60, 0x00, 0x85, 0x40, 0x00, 0x85, 0x20, 0x00, 0xA3, 0x00, 0x00, 0xA1, 0x00, 0x00,
    0x88, 0x20, 0x00, 0x85, 0x40, 0x00, 0x00, 0x60, 0x00, 0x83, 0x61, 0x00, 0x82, 0x81, 0x00, 0x06,
    0x02, 0x09, 0x6C, 0x35, 0x10, 0x3F, 0xEF, 0x3E, 0xF0, 0x3E, 0x10, 0x3F, 0x10, 0x3F, 0x82, 0xF0,
    0x3E, 0xA4, 0xEF, 0x3E, 0x83, 0xEF, 0x36, 0x83, 0xCF, 0x36, 0x99, 0xCE, 0x36, 0x06, 0xAE, 0x36,
    0xAE, 0x36, 0xCE, 0x36, 0x4B, 0x25, 0xE2, 0x00, 0x81, 0x00, 0x81, 0x00, 0x82, 0x61, 0x00, 0x82,
    0x60, 0x00, 0x85, 0x40, 0x00, 0x86, 0x20, 0x00, 0xA3, 0x00, 0x00, 0xA1, 0x00, 0x00, 0x88, 0x20,
    0x00, 0x86, 0x40, 0x00, 0x00, 0x60, 0x00, 0x83, 0x61, 0x00, 0x82, 0x81, 0x00, 0x07, 0xC1, 0x00,
    0xAA, 0x2C, 0x10, 0x3F, 0x10, 0x3F, 0xEF, 0x3E, 0xEF, 0x3E, 0xF0, 0x3E, 0xF0, 0x3E, 0xA4, 0xEF,
    0x3E, 0x83, 0xEF, 0x36, 0x83, 0xCF, 0x36, 0x98, 0xCE, 0x36, 0x07, 0xAE, 0x36, 0xAE, 0x36, 0xCE,
    0x36, 0xCE, 0x36, 0x69, 0x24, 0xC1, 0x00, 0x81, 0x00, 0x81, 0x00, 0x82, 0x61, 0x00, 0x82, 0x60,
    0x00, 0x86, 0x40, 0x00, 0x86, 0x20, 0x00, 0xA3, 0x00, 0x00, 0xA2, 0x00, 0x00, 0x88, 0x20, 0x00,
    0x85, 0x40, 0x00, 0x01, 0x60, 0x00, 0x60, 0x00, 0x83, 0x61, 0x00, 0x83, 0x81, 0x00, 0x03, 0xE6,
    0x1A, 0x2E, 0x36, 0xF0, 0x3E, 0xF0, 0x3E, 0x92, 0xEF, 0x3E, 0x8B, 0xCF, 0x3E, 0x88, 0xCF, 0x36,
    0x96, 0xCE, 0x36, 0x87, 0xAE, 0x36, 0x82, 0xCE, 0x36, 0x01, 0xEC, 0x2D, 0xC5, 0x12, 0x82, 0x81,
    0x00, 0x82, 0x61, 0x00, 0x83, 0x60, 0x00, 0x85, 0x40, 0x00, 0x86, 0x20, 0x00, 0xA4, 0x00, 0x00,
    0xA2, 0x00, 0x00, 0x88, 0x20, 0x00, 0x86, 0x40, 0x00, 0x01, 0x60, 0x00, 0x60, 0x00, 0x83, 0x61,
    0x00, 0x83, 0x81, 0x00, 0x02, 0xE2, 0x08, 0x67, 0x1B, 0xCD, 0x35, 0xA3, 0xEF, 0x3E, 0x82, 0xEF,
    0x36, 0x84, 0xCF, 0x36, 0x9B, 0xCE, 0x36, 0x02, 0xAB, 0x2D, 0x47, 0x1B, 0xE2, 0x00, 0x82, 0x81,
    0x00, 0x82, 0x61, 0x00, 0x83, 0x60, 0x00, 0x86, 0x40, 0x00, 0x85, 0x20, 0x00, 0xA5, 0x00, 0x00,
    0xA3, 0x00, 0x00, 0x88, 0x20, 0x00, 0x86, 0x40, 0x00, 0x01, 0x60, 0x00, 0x60, 0x00, 0x83, 0x61,
    0x00, 0x84, 0x81, 0x00, 0x04, 0xA1, 0x00, 0xE4, 0x11, 0x67, 0x1B, 0x8A, 0x24, 0x4C, 0x2D, 0x90,
    0xAC, 0x35, 0x90, 0xAC, 0x2D, 0x83, 0x8C, 0x2D, 0x86, 0xAC, 0x2D, 0x89, 0x8C, 0x2D, 0x88, 0x8B,
    0x2D, 0x04, 0x2B, 0x25, 0x69, 0x24, 0x47, 0x1B, 0xC3, 0x09, 0xA1, 0x00, 0x83, 0x81, 0x00, 0x82,
    0x61, 0x00, 0x83, 0x60, 0x00, 0x86, 0x40, 0x00, 0x86, 0x20, 0x00, 0xA5, 0x00, 0x00, 0xA3, 0x00,
    0x00, 0x89, 0x20, 0x00, 0x86, 0x40, 0x00, 0x01, 0x60, 0x00, 0x60, 0x00, 0x83, 0x61, 0x00, 0x89,
    0x81, 0x00, 0xBD, 0xA1, 0x00, 0x87, 0x81, 0x00, 0x83, 0x61, 0x00, 0x83, 0x60, 0x00, 0x86, 0x40,
    0x00, 0x86, 0x20, 0x00, 0xA6, 0x00, 0x00, 0xA4, 0x00, 0x00, 0x88, 0x20, 0x00, 0x87, 0x40, 0x00,
    0x01, 0x60, 0x00, 0x60, 0x00, 0x83, 0x61, 0x00, 0x84, 0x81, 0x00, 0x82, 0xA1, 0x00, 0x00, 0x81,
    0x00, 0xBD, 0xA1, 0x00, 0x00, 0x81, 0x00, 0x82, 0xA1, 0x00, 0x82, 0x81, 0x00, 0x82, 0x61, 0x00,
    0x84, 0x60, 0x00, 0x87, 0x40, 0x00, 0x86, 0x20, 0x00, 0xA6, 0x00, 0x00, 0xA5, 0x00, 0x00, 0x88,
    0x20, 0x00, 0x88, 0x40, 0x00, 0x82, 0x60, 0x00, 0x82, 0x61, 0x00, 0x8F, 0x81, 0x00, 0xAB, 0xA1,
    0x00, 0x8D, 0x81, 0x00, 0x83, 0x61, 0x00, 0x83, 0x60, 0x00, 0x88, 0x40, 0x00, 0x86, 0x20, 0x00,
    0xA7, 0x00, 0x00, 0xA5, 0x00, 0x00, 0x89, 0x20, 0x00, 0x88, 0x40, 0x00, 0x83, 0x60, 0x00, 0x82,
    0x61, 0x00, 0xC5, 0x81, 0x00, 0x83, 0x61, 0x00, 0x84, 0x60, 0x00, 0x88, 0x40, 0x00, 0x86, 0x20,
    0x00, 0xA8, 0x00, 0x00, 0xA6, 0x00, 0x00, 0x89, 0x20, 0x00, 0x88, 0x40, 0x00, 0x83, 0x60, 0x00,
    0x83, 0x61, 0x00, 0xC0, 0x81, 0x00, 0x84, 0x61, 0x00, 0x85, 0x60, 0x00, 0x88, 0x40, 0x00, 0x87,
    0x20, 0x00, 0xA8, 0x00, 0x00, 0xA7, 0x00, 0x00, 0x89, 0x20, 0x00, 0x89, 0x40, 0x00, 0x83, 0x60,
    0x00, 0x84, 0x61, 0x00, 0xBA, 0x81, 0x00, 0x85, 0x61, 0x00, 0x85, 0x60, 0x00, 0x89, 0x40, 0x00,
    0x87, 0x20, 0x00, 0xA9, 0x00, 0x00, 0xA7, 0x00, 0x00, 0x8A, 0x20, 0x00, 0x8A, 0x40, 0x00, 0x84,
    0x60, 0x00, 0x84, 0x61, 0x00, 0xB2, 0x81, 0x00, 0x87, 0x61, 0x00, 0x86, 0x60, 0x00, 0x8A, 0x40,
    0x00, 0x87, 0x20, 0x00, 0xAA, 0x00, 0x00, 0xA8, 0x00, 0x00, 0x8B, 0x20, 0x00, 0x8A, 0x40, 0x00,
    0x84, 0x60, 0x00, 0x88, 0x61, 0x00, 0x8A, 0x81, 0x00, 0xA6, 0x61, 0x00, 0x87, 0x60, 0x00, 0x8A,
    0x40, 0x00, 0x88, 0x20, 0x00, 0xAB, 0x00, 0x00, 0xAC, 0x00, 0x00, 0x88, 0x20, 0x00, 0x8B, 0x40,
    0x00, 0x87, 0x60, 0x00, 0xAF, 0x61, 0x00, 0x8B, 0x60, 0x00, 0x8B, 0x40, 0x00, 0x88, 0x20, 0x00,
    0xAC, 0x00, 0x00, 0xAD, 0x00, 0x00, 0x89, 0x20, 0x00, 0x8C, 0x40, 0x00, 0x8B, 0x60, 0x00, 0x88,
    0x61, 0x00, 0xA8, 0x60, 0x00, 0x8C, 0x40, 0x00, 0x89, 0x20, 0x00, 0xAD, 0x00, 0x00, 0xAE, 0x00,
    0x00, 0x89, 0x20, 0x00, 0x8F, 0x40, 0x00, 0xB5, 0x60, 0x00, 0x8F, 0x40, 0x00, 0x89, 0x20, 0x00,
    0xAE, 0x00, 0x00, 0xAF, 0x00, 0x00, 0x8A, 0x20, 0x00, 0x93, 0x40, 0x00, 0xA9, 0x60, 0x00, 0x93,
    0x40, 0x00, 0x8A, 0x20, 0x00, 0xAF, 0x00, 0x00, 0xB0, 0x00, 0x00, 0x8B, 0x20, 0x00, 0xCD, 0x40,
    0x00, 0x8B, 0x20, 0x00, 0xB0, 0x00, 0x00, 0xB1, 0x00, 0x00, 0x8C, 0x20, 0x00, 0xC9, 0x40, 0x00,
    0x8C, 0x20, 0x00, 0xB1, 0x00, 0x00, 0xB3, 0x00, 0x00, 0x8D, 0x20, 0x00, 0xC3, 0x40, 0x00, 0x8D,
    0x20, 0x00, 0xB3, 0x00, 0x00, 0xB4, 0x00, 0x00, 0x8F, 0x20, 0x00, 0xBD, 0x40, 0x00, 0x8F, 0x20,
    0x00, 0xB4, 0x00, 0x00, 0xB6, 0x00, 0x00, 0x91, 0x20, 0x00, 0xB5, 0x40, 0x00, 0x91, 0x20, 0x00,
    0xB6, 0x00, 0x00, 0xB8, 0x00, 0x00, 0x95, 0x20, 0x00, 0xA9, 0x40, 0x00, 0x95, 0x20, 0x00, 0xB8,
    0x00, 0x00, 0xBA, 0x00, 0x00, 0xA4, 0x20, 0x00, 0x87, 0x40, 0x00, 0xA4, 0x20, 0x00, 0xBA, 0x00,
    0x00, 0xBC, 0x00, 0x00, 0xCD, 0x20, 0x00, 0xBC, 0x00, 0x00, 0xBE, 0x00, 0x00, 0xC9, 0x20, 0x00,
    0xBE, 0x00, 0x00, 0xC1, 0x00, 0x00, 0xC3, 0x20, 0x00, 0xC1, 0x00, 0x00,
};

static const Asset kAssets[] = {
    {kTimeData, sizeof(kTimeData), 0x1DFEFCDDu},
    {kBotData, sizeof(kBotData), 0x79D3833Au},
    {kDisplayData, sizeof(kDisplayData), 0xE5598DB3u},
    {kSoundData, sizeof(kSoundData), 0x240D20DAu},
    {kPowerData, sizeof(kPowerData), 0x7ED23F03u},
};

inline const Asset* asset(Icon icon) {
    uint8_t index = (uint8_t)icon;
    return index < (uint8_t)Icon::Count ? &kAssets[index] : nullptr;
}

inline uint8_t readByte(const uint8_t* address) {
#if defined(ARDUINO_ARCH_ESP32)
    return pgm_read_byte(address);
#else
    return *address;
#endif
}

class Reader {
public:
    explicit Reader(const Asset& asset): _asset(asset) {}

    template<class Pixel>
    bool readRow(Pixel output[Width]) {
        if (_row >= Height) return false;
        int16_t x = 0;
        while (x < Width) {
            if (_offset >= _asset.size) return false;
            uint8_t control = readByte(_asset.data + _offset++);
            uint16_t count = (uint16_t)(control & 0x7F) + 1;
            if (count > (uint16_t)(Width - x)) return false;
            if (control & 0x80) {
                uint16_t pixel;
                if (!readPixel(pixel)) return false;
                for (uint16_t i = 0; i < count; ++i) output[x++] = pixel;
            } else {
                for (uint16_t i = 0; i < count; ++i) {
                    uint16_t pixel;
                    if (!readPixel(pixel)) return false;
                    output[x++] = pixel;
                }
            }
        }
        ++_row;
        return true;
    }

    bool complete() const { return _row == Height && _offset == _asset.size; }
    size_t bytesRead() const { return _offset; }
    int16_t rowsRead() const { return _row; }

private:
    bool readPixel(uint16_t& pixel) {
        if (_asset.size - _offset < 2) return false;
        uint8_t low = readByte(_asset.data + _offset++);
        uint8_t high = readByte(_asset.data + _offset++);
        pixel = (uint16_t)(low | ((uint16_t)high << 8));
        return true;
    }

    const Asset& _asset;
    size_t _offset = 0;
    int16_t _row = 0;
};

template<class Canvas>
struct NativePixel { typedef lgfx::rgb565_t Type; };

// Decode one native-order RGB565 row at a time, then submit it through M5GFX's
// typed pixel overload. The only working storage is this 400-byte scanline.
template<class Canvas>
bool draw(Canvas& canvas, Icon icon, int16_t centerX, int16_t centerY) {
    const Asset* selected = asset(icon);
    if (!selected) return false;
    Reader reader(*selected);
    typename NativePixel<Canvas>::Type scanline[Width];
    const int32_t left = centerX - Width / 2;
    const int32_t top = centerY - Height / 2;
    const int32_t canvasWidth = canvas.width();
    const int32_t canvasHeight = canvas.height();
    const int16_t sourceX = left < 0 ? (int16_t)-left : 0;
    const int32_t targetX = left < 0 ? 0 : left;
    int32_t visibleWidth = Width - sourceX;
    if (targetX + visibleWidth > canvasWidth)
        visibleWidth = canvasWidth - targetX;

    for (int16_t row = 0; row < Height; ++row) {
        if (!reader.readRow(scanline)) return false;
        int32_t targetY = top + row;
        if (targetY < 0 || targetY >= canvasHeight || visibleWidth <= 0
            || targetX >= canvasWidth)
            continue;
        canvas.pushImage(targetX, targetY, visibleWidth, 1, scanline + sourceX);
    }
    return reader.complete();
}

} // namespace watchsettingsiconassets

#undef WATCH_SETTINGS_ICON_FLASH
